-- Seed generated for GensanWorks
-- Create tables (based on user request)

create table if not exists public.employers (
  id uuid not null default gen_random_uuid (),
  email text not null,
  password_hash text null,
  establishment_name text null,
  province text null,
  city text null,
  barangay text null,
  address text null,
  total_paid_employees integer null,
  total_vacant_positions integer null,
  industry text null,
  industry_code text[] null,
  contact_person text null,
  contact_phone text null,
  designation text null,
  company_tax_id text null,
  srs_form_file text null,
  business_permit_file text null,
  bir_2303_file text null,
  company_profile_file text null,
  dole_certification_file text null,
  account_status text null default 'pending'::text,
  verified_at timestamp with time zone null,
  is_active boolean null default true,
  last_login timestamp with time zone null,
  created_at timestamp with time zone null default timezone ('utc'::text, now()),
  updated_at timestamp with time zone null default timezone ('utc'::text, now()),
  srs_status text not null default 'pending'::text,
  srs_rejection_reason text null,
  srs_submitted_at timestamp with time zone null,
  srs_approved_at timestamp with time zone null,
  srs_version integer not null default 1,
  profile_image text null,
  geographic_code text null,
  barangay_chairperson text null,
  barangay_secretary text null,
  srs_subscriber_intent boolean null default true,
  srs_prepared_by text null,
  srs_prepared_designation text null,
  srs_prepared_date date null,
  srs_prepared_contact text null,
  description text null,
  website text null,
  zip_code text null,
  acronym_abbreviation text null,
  type_of_establishment text null,
  is_archived boolean null default false,
  constraint employers_pkey primary key (id),
  constraint employers_email_key unique (email),
  constraint employers_srs_status_check check (
    (
      srs_status = any (
        array[
          'pending'::text,
          'approved'::text,
          'rejected'::text
        ]
      )
    )
  )
) TABLESPACE pg_default;


create table if not exists public.jobs (
  id uuid not null default gen_random_uuid (),
  employer_id uuid null,
  position_title text not null,
  minimum_education_required text null,
  main_skill_desired text null,
  years_of_experience_required integer null,
  age_preference_min integer null,
  age_preference_max integer null,
  starting_salary text null,
  job_status text null,
  vacancies integer null default 1,
  is_active boolean null default true,
  archived boolean null default false,
  created_at timestamp with time zone null default timezone ('utc'::text, now()),
  updated_at timestamp with time zone null default timezone ('utc'::text, now()),
  category text null,
  work_setup text null default 'onsite'::text,
  psoc_code text null,
  featured boolean not null default false,
  slots_remaining integer null,
  employment_contract_type text null,
  industry_code text null,
  rejection_reason text null,
  description text null,
  location text null,
  salary_min numeric null,
  salary_max numeric null,
  salary_period text null default 'monthly'::text,
  published_at timestamp with time zone null,
  work_type text null,
  constraint jobs_pkey primary key (id),
  constraint jobs_employer_id_fkey foreign KEY (employer_id) references employers (id) on delete CASCADE,
  constraint jobs_employment_contract_type_check check (
    (
      employment_contract_type = any (array['P'::text, 'T'::text, 'C'::text])
    )
  ),
  constraint jobs_work_setup_check check (
    (
      work_setup = any (
        array['onsite'::text, 'remote'::text, 'hybrid'::text]
      )
    )
  )
) TABLESPACE pg_default;


create table if not exists public.jobseekers (
  id uuid not null default gen_random_uuid (),
  email text not null,
  password_hash text null,
  first_name text null,
  last_name text null,
  middle_name text null,
  suffix text null,
  birth_date date null,
  gender text null,
  religion text null,
  civil_status text null,
  tin text null,
  height text null,
  is_pwd boolean null default false,
  pwd_type text null,
  pwd_type_others text null,
  phone text null,
  house_number text null,
  barangay text null,
  city text null,
  province text null,
  zip_code text null,
  employment_status text null,
  employment_type text null,
  self_employed_type text null,
  self_employed_type_others text null,
  unemployed_reason text null,
  unemployed_months integer null,
  terminated_country text null,
  terminated_reason text null,
  is_ofw boolean null default false,
  ofw_country text null,
  is_former_ofw boolean null default false,
  former_ofw_country text null,
  former_ofw_return_month_year text null,
  is_four_ps boolean null default false,
  household_id_no text null,
  preference_part_time boolean null default false,
  preference_full_time boolean null default false,
  preferred_occupation_1 text null,
  preferred_occupation_2 text null,
  preferred_occupation_3 text null,
  preferred_work_location_local text null,
  preferred_work_location_overseas text null,
  other_skills jsonb null,
  nsrp_id text null,
  profile_complete boolean null default false,
  profile_completeness integer null default 0,
  is_active boolean null default true,
  last_login timestamp with time zone null,
  created_at timestamp with time zone null default timezone ('utc'::text, now()),
  updated_at timestamp with time zone null default timezone ('utc'::text, now()),
  job_seeking_status text not null default 'not_looking'::text,
  profile_image text null,
  other_skills_others text null,
  disability_visual boolean null default false,
  disability_speech boolean null default false,
  disability_mental boolean null default false,
  disability_hearing boolean null default false,
  disability_physical boolean null default false,
  disability_others text null,
  preferred_work_location_local_1 text null,
  preferred_work_location_local_2 text null,
  preferred_work_location_local_3 text null,
  preferred_work_location_overseas_1 text null,
  preferred_work_location_overseas_2 text null,
  preferred_work_location_overseas_3 text null,
  unemployed_due_to_calamity boolean null default false,
  work_setup_preference text null default 'any'::text,
  expected_salary_min numeric null,
  expected_salary_max numeric null,
  constraint jobseekers_pkey primary key (id),
  constraint jobseekers_email_key unique (email),
  constraint jobseekers_job_seeking_status_check check (
    (
      job_seeking_status = any (
        array[
          'actively_looking'::text,
          'open'::text,
          'not_looking'::text
        ]
      )
    )
  ),
  constraint jobseekers_work_setup_preference_check check (
    (
      work_setup_preference = any (
        array[
          'onsite'::text,
          'remote'::text,
          'hybrid'::text,
          'any'::text
        ]
      )
    )
  )
) TABLESPACE pg_default;

-- Triggers and Functions
create or replace function supabase_functions.http_request() returns trigger as $$
begin
  return new;
end;
$$ language plpgsql;

drop trigger if exists "rescore-on-status-change" on jobseekers;
create trigger "rescore-on-status-change"
after
update on jobseekers for EACH row
execute FUNCTION supabase_functions.http_request (
  'https://tsvioxrlmcsqdricdgkd.supabase.co/functions/v1/rescore-on-status-change',
  'POST',
  '{"Content-type":"application/json","Authorization":"Bearer eyJhbGciOiJIUzI1NiIsInR5cCI6IkpXVCJ9.eyJpc3MiOiJzdXBhYmFzZSIsInJlZiI6InRzdmlveHJsbWNzcWRyaWNkZ2tkIiwicm9sZSI6InNlcnZpY2Vfcm9sZSIsImlhdCI6MTc3NDU0MzU5MiwiZXhwIjoyMDkwMTE5NTkyfQ.xELdcrmfJ30d6YNa64SFEKjyX6U-k6FkZ4K5W8zzG0A"}',
  '{}',
  '5000'
);

create table if not exists public.jobseeker_trainings (
  id uuid not null default gen_random_uuid (),
  jobseeker_id uuid null,
  course text null,
  hours_of_training integer null,
  training_institution text null,
  skills_acquired text null,
  certificates_received text null,
  created_at timestamp with time zone null default timezone ('utc'::text, now()),
  constraint jobseeker_trainings_pkey primary key (id),
  constraint jobseeker_trainings_jobseeker_id_fkey foreign KEY (jobseeker_id) references jobseekers (id) on delete CASCADE
) TABLESPACE pg_default;

create table if not exists public.jobseeker_licenses (
  id uuid not null default gen_random_uuid (),
  jobseeker_id uuid null,
  eligibility text null,
  date_taken date null,
  professional_license text null,
  valid_until date null,
  created_at timestamp with time zone null default timezone ('utc'::text, now()),
  constraint jobseeker_licenses_pkey primary key (id),
  constraint jobseeker_licenses_jobseeker_id_fkey foreign KEY (jobseeker_id) references jobseekers (id) on delete CASCADE
) TABLESPACE pg_default;

create table if not exists public.jobseeker_languages (
  id uuid not null default gen_random_uuid (),
  jobseeker_id uuid null,
  language text not null,
  read boolean null default false,
  write boolean null default false,
  speak boolean null default false,
  understand boolean null default false,
  created_at timestamp with time zone null default timezone ('utc'::text, now()),
  constraint jobseeker_languages_pkey primary key (id),
  constraint jobseeker_languages_jobseeker_id_fkey foreign KEY (jobseeker_id) references jobseekers (id) on delete CASCADE
) TABLESPACE pg_default;

create table if not exists public.jobseeker_experience (
  id uuid not null default gen_random_uuid (),
  jobseeker_id uuid null,
  company_name text not null,
  address text null,
  position text not null,
  number_of_months integer null,
  status text null,
  created_at timestamp with time zone null default timezone ('utc'::text, now()),
  constraint jobseeker_experience_pkey primary key (id),
  constraint jobseeker_experience_jobseeker_id_fkey foreign KEY (jobseeker_id) references jobseekers (id) on delete CASCADE
) TABLESPACE pg_default;

create table if not exists public.jobseeker_education (
  id uuid not null default gen_random_uuid (),
  jobseeker_id uuid null,
  currently_in_school boolean null default false,
  level text null,
  course text null,
  year_graduated text null,
  level_reached text null,
  year_last_attended text null,
  created_at timestamp with time zone null default timezone ('utc'::text, now()),
  school_name text null,
  constraint jobseeker_education_pkey primary key (id),
  constraint jobseeker_education_jobseeker_id_fkey foreign KEY (jobseeker_id) references jobseekers (id) on delete CASCADE
) TABLESPACE pg_default;


-- Inserting Employers
INSERT INTO public.employers (id, email, establishment_name, province, city, barangay, address, total_paid_employees, total_vacant_positions, industry, contact_person, contact_phone, account_status, is_active, srs_status, srs_version, description, is_archived) VALUES ('f6e02e07-f7b0-4984-8cef-e2dcde47801d', 'employer0@example.com', 'RD Corporation', 'South Cotabato', 'General Santos City', 'Conel', '597 Main St, Conel', 387, 50, 'Hospitality', 'Alejandro Gil', '09203954409', 'approved', true, 'approved', 1, 'A leading company in Hospitality', false);
INSERT INTO public.employers (id, email, establishment_name, province, city, barangay, address, total_paid_employees, total_vacant_positions, industry, contact_person, contact_phone, account_status, is_active, srs_status, srs_version, description, is_archived) VALUES ('4a38d706-a152-422a-a7d2-be2e253ef67e', 'employer1@example.com', 'Citra Mina Seafood Corp.', 'South Cotabato', 'General Santos City', 'Bula', '240 Main St, Bula', 41, 1, 'IT/BPO', 'Ana Serrano', '09834508041', 'approved', true, 'approved', 1, 'A leading company in IT/BPO', false);
INSERT INTO public.employers (id, email, establishment_name, province, city, barangay, address, total_paid_employees, total_vacant_positions, industry, contact_person, contact_phone, account_status, is_active, srs_status, srs_version, description, is_archived) VALUES ('9e79ed8a-05bf-42a5-bc67-c2dd70a18b5b', 'employer2@example.com', 'KCC Mall of Gensan', 'South Cotabato', 'General Santos City', 'Batomelong', '230 Main St, Batomelong', 180, 44, 'IT/BPO', 'Pablo Moreno', '09915720395', 'approved', true, 'approved', 1, 'A leading company in IT/BPO', false);
INSERT INTO public.employers (id, email, establishment_name, province, city, barangay, address, total_paid_employees, total_vacant_positions, industry, contact_person, contact_phone, account_status, is_active, srs_status, srs_version, description, is_archived) VALUES ('95d2fe34-f6da-48b7-a874-b9be85a57e98', 'employer3@example.com', 'SM City General Santos', 'South Cotabato', 'General Santos City', 'Mabuhay', '968 Main St, Mabuhay', 438, 14, 'Education', 'Manuel Hernandez', '09515697172', 'approved', true, 'approved', 1, 'A leading company in Education', false);
INSERT INTO public.employers (id, email, establishment_name, province, city, barangay, address, total_paid_employees, total_vacant_positions, industry, contact_person, contact_phone, account_status, is_active, srs_status, srs_version, description, is_archived) VALUES ('5f95d4fb-3ce3-430f-80dc-cd8f5dea399f', 'employer4@example.com', 'Gaisano Mall of Gensan', 'South Cotabato', 'General Santos City', 'San Isidro', '865 Main St, San Isidro', 429, 1, 'Healthcare', 'Sergio Fernandez', '09577370059', 'approved', true, 'approved', 1, 'A leading company in Healthcare', false);
INSERT INTO public.employers (id, email, establishment_name, province, city, barangay, address, total_paid_employees, total_vacant_positions, industry, contact_person, contact_phone, account_status, is_active, srs_status, srs_version, description, is_archived) VALUES ('b1356b78-9ed6-4f12-9436-ebea67b258ee', 'employer5@example.com', 'Alliance Select Foods International', 'South Cotabato', 'General Santos City', 'Olympog', '380 Main St, Olympog', 178, 6, 'Construction', 'Raquel Rodriguez', '09786315003', 'approved', true, 'approved', 1, 'A leading company in Construction', false);
INSERT INTO public.employers (id, email, establishment_name, province, city, barangay, address, total_paid_employees, total_vacant_positions, industry, contact_person, contact_phone, account_status, is_active, srs_status, srs_version, description, is_archived) VALUES ('aba47cb2-6975-434f-a3ee-39f3c35f7e3c', 'employer6@example.com', 'General Santos City Water District', 'South Cotabato', 'General Santos City', 'Dadiangas East', '967 Main St, Dadiangas East', 258, 48, 'Logistics', 'Elena Sanchez', '09278079188', 'approved', true, 'approved', 1, 'A leading company in Logistics', false);
INSERT INTO public.employers (id, email, establishment_name, province, city, barangay, address, total_paid_employees, total_vacant_positions, industry, contact_person, contact_phone, account_status, is_active, srs_status, srs_version, description, is_archived) VALUES ('355d2636-60b8-4520-b4f9-4f512c37753b', 'employer7@example.com', 'SOCOTECO II', 'South Cotabato', 'General Santos City', 'San Jose', '465 Main St, San Jose', 131, 11, 'IT/BPO', 'Antonio Fernandez', '09412893568', 'approved', true, 'approved', 1, 'A leading company in IT/BPO', false);
INSERT INTO public.employers (id, email, establishment_name, province, city, barangay, address, total_paid_employees, total_vacant_positions, industry, contact_person, contact_phone, account_status, is_active, srs_status, srs_version, description, is_archived) VALUES ('af099205-906d-4a82-ac8c-aa63b2d1c89a', 'employer8@example.com', 'Mindanao State University - Gensan', 'South Cotabato', 'General Santos City', 'Olympog', '974 Main St, Olympog', 223, 36, 'Real Estate', 'Francisco Garcia', '09776746002', 'approved', true, 'approved', 1, 'A leading company in Real Estate', false);
INSERT INTO public.employers (id, email, establishment_name, province, city, barangay, address, total_paid_employees, total_vacant_positions, industry, contact_person, contact_phone, account_status, is_active, srs_status, srs_version, description, is_archived) VALUES ('20b9acb8-9251-43fb-af0b-db288e6ea7e4', 'employer9@example.com', 'Notre Dame of Dadiangas University', 'South Cotabato', 'General Santos City', 'Sinawal', '494 Main St, Sinawal', 142, 17, 'Education', 'Julia Moreno', '09310081930', 'approved', true, 'approved', 1, 'A leading company in Education', false);
INSERT INTO public.employers (id, email, establishment_name, province, city, barangay, address, total_paid_employees, total_vacant_positions, industry, contact_person, contact_phone, account_status, is_active, srs_status, srs_version, description, is_archived) VALUES ('81faf441-69a5-4d45-9979-ddc15994cff9', 'employer10@example.com', 'St. Elizabeth Hospital', 'South Cotabato', 'General Santos City', 'Fatima', '548 Main St, Fatima', 65, 24, 'Fishing', 'Alvaro Blanco', '09860912966', 'approved', true, 'approved', 1, 'A leading company in Fishing', false);
INSERT INTO public.employers (id, email, establishment_name, province, city, barangay, address, total_paid_employees, total_vacant_positions, industry, contact_person, contact_phone, account_status, is_active, srs_status, srs_version, description, is_archived) VALUES ('242e8fd8-b898-4742-9d54-530e9c5f156d', 'employer11@example.com', 'General Santos Doctors Hospital', 'South Cotabato', 'General Santos City', 'Katangawan', '107 Main St, Katangawan', 155, 43, 'Education', 'Marta Sanchez', '09280584380', 'approved', true, 'approved', 1, 'A leading company in Education', false);
INSERT INTO public.employers (id, email, establishment_name, province, city, barangay, address, total_paid_employees, total_vacant_positions, industry, contact_person, contact_phone, account_status, is_active, srs_status, srs_version, description, is_archived) VALUES ('51519641-86b4-4f23-8c3d-2eb0f0bf6e0f', 'employer12@example.com', 'Sarangani Highlands Garden', 'South Cotabato', 'General Santos City', 'Dadiangas South', '615 Main St, Dadiangas South', 483, 38, 'Hospitality', 'Jose Sanchez', '09754443185', 'approved', true, 'approved', 1, 'A leading company in Hospitality', false);
INSERT INTO public.employers (id, email, establishment_name, province, city, barangay, address, total_paid_employees, total_vacant_positions, industry, contact_person, contact_phone, account_status, is_active, srs_status, srs_version, description, is_archived) VALUES ('53dcb263-0da0-447c-8813-c26a8fb8f0f9', 'employer13@example.com', 'Greenleaf Hotel Gensan', 'South Cotabato', 'General Santos City', 'Sinawal', '113 Main St, Sinawal', 171, 7, 'Fishing', 'Maria Martin', '09660227833', 'approved', true, 'approved', 1, 'A leading company in Fishing', false);
INSERT INTO public.employers (id, email, establishment_name, province, city, barangay, address, total_paid_employees, total_vacant_positions, industry, contact_person, contact_phone, account_status, is_active, srs_status, srs_version, description, is_archived) VALUES ('d7d07c71-f6cd-450a-b9fc-41893c8d5bb6', 'employer14@example.com', 'Philbest Canning Corporation', 'South Cotabato', 'General Santos City', 'Labangal', '195 Main St, Labangal', 399, 20, 'Manufacturing', 'Luis Alonso', '09902154232', 'approved', true, 'approved', 1, 'A leading company in Manufacturing', false);
INSERT INTO public.employers (id, email, establishment_name, province, city, barangay, address, total_paid_employees, total_vacant_positions, industry, contact_person, contact_phone, account_status, is_active, srs_status, srs_version, description, is_archived) VALUES ('5b263929-f408-4781-9d02-40e443807a41', 'employer15@example.com', 'San Miguel Brewery - Mindanao', 'South Cotabato', 'General Santos City', 'Fatima', '482 Main St, Fatima', 277, 4, 'Real Estate', 'Teresa Gonzalez', '09822904243', 'approved', true, 'approved', 1, 'A leading company in Real Estate', false);
INSERT INTO public.employers (id, email, establishment_name, province, city, barangay, address, total_paid_employees, total_vacant_positions, industry, contact_person, contact_phone, account_status, is_active, srs_status, srs_version, description, is_archived) VALUES ('82da7e61-d72a-4cd3-aba5-0a7771796475', 'employer16@example.com', 'Dole Philippines, Inc.', 'South Cotabato', 'General Santos City', 'San Isidro', '144 Main St, San Isidro', 480, 31, 'Fishing', 'Adrian Alonso', '09592457733', 'approved', true, 'approved', 1, 'A leading company in Fishing', false);
INSERT INTO public.employers (id, email, establishment_name, province, city, barangay, address, total_paid_employees, total_vacant_positions, industry, contact_person, contact_phone, account_status, is_active, srs_status, srs_version, description, is_archived) VALUES ('3fb832c3-6ba9-438b-badb-642c899fd245', 'employer17@example.com', 'SFI Fresh Canning Corporation', 'South Cotabato', 'General Santos City', 'Dadiangas East', '882 Main St, Dadiangas East', 114, 34, 'Fishing', 'Pedro Martinez', '09983147871', 'approved', true, 'approved', 1, 'A leading company in Fishing', false);
INSERT INTO public.employers (id, email, establishment_name, province, city, barangay, address, total_paid_employees, total_vacant_positions, industry, contact_person, contact_phone, account_status, is_active, srs_status, srs_version, description, is_archived) VALUES ('d570ebb2-6887-4f16-a553-af444f6e0716', 'employer18@example.com', 'RDEX Food International', 'South Cotabato', 'General Santos City', 'Apopong', '337 Main St, Apopong', 34, 17, 'Real Estate', 'Sofia Garcia', '09846470578', 'approved', true, 'approved', 1, 'A leading company in Real Estate', false);
INSERT INTO public.employers (id, email, establishment_name, province, city, barangay, address, total_paid_employees, total_vacant_positions, industry, contact_person, contact_phone, account_status, is_active, srs_status, srs_version, description, is_archived) VALUES ('564fa648-dcf3-4e33-9d52-fce395b0f63c', 'employer19@example.com', 'Veranza Mall', 'South Cotabato', 'General Santos City', 'City Heights', '76 Main St, City Heights', 211, 16, 'Healthcare', 'Rosa Alonso', '09290332869', 'approved', true, 'approved', 1, 'A leading company in Healthcare', false);
INSERT INTO public.employers (id, email, establishment_name, province, city, barangay, address, total_paid_employees, total_vacant_positions, industry, contact_person, contact_phone, account_status, is_active, srs_status, srs_version, description, is_archived) VALUES ('c98d5b70-8d4e-4d84-9d18-fe5940cb633e', 'employer20@example.com', 'Fitmart Gensan', 'South Cotabato', 'General Santos City', 'Ligaya', '379 Main St, Ligaya', 410, 16, 'Hospitality', 'Rosa Ruiz', '09197169163', 'approved', true, 'approved', 1, 'A leading company in Hospitality', false);
INSERT INTO public.employers (id, email, establishment_name, province, city, barangay, address, total_paid_employees, total_vacant_positions, industry, contact_person, contact_phone, account_status, is_active, srs_status, srs_version, description, is_archived) VALUES ('5ab88988-c8af-411d-b621-c99bf2f43a87', 'employer21@example.com', 'Robinsons Place General Santos', 'South Cotabato', 'General Santos City', 'San Isidro', '807 Main St, San Isidro', 312, 43, 'Hospitality', 'David Perez', '09419953213', 'approved', true, 'approved', 1, 'A leading company in Hospitality', false);
INSERT INTO public.employers (id, email, establishment_name, province, city, barangay, address, total_paid_employees, total_vacant_positions, industry, contact_person, contact_phone, account_status, is_active, srs_status, srs_version, description, is_archived) VALUES ('5dea2bc7-4581-4235-b2e1-3e9393f62e80', 'employer22@example.com', 'Pioneer Hi-Bred Philippines', 'South Cotabato', 'General Santos City', 'Conel', '62 Main St, Conel', 280, 24, 'Real Estate', 'Rosa Diaz', '09567814662', 'approved', true, 'approved', 1, 'A leading company in Real Estate', false);
INSERT INTO public.employers (id, email, establishment_name, province, city, barangay, address, total_paid_employees, total_vacant_positions, industry, contact_person, contact_phone, account_status, is_active, srs_status, srs_version, description, is_archived) VALUES ('671bf48d-0b44-4044-ab6f-5ebdef799920', 'employer23@example.com', 'Tuna Republic', 'South Cotabato', 'General Santos City', 'Tambler', '334 Main St, Tambler', 262, 37, 'Fishing', 'Javier Ramirez', '09776381798', 'approved', true, 'approved', 1, 'A leading company in Fishing', false);
INSERT INTO public.employers (id, email, establishment_name, province, city, barangay, address, total_paid_employees, total_vacant_positions, industry, contact_person, contact_phone, account_status, is_active, srs_status, srs_version, description, is_archived) VALUES ('7121cc8c-0483-4edf-8705-65fb15d645a6', 'employer24@example.com', 'Nautilus Deep Sea Fishing', 'South Cotabato', 'General Santos City', 'Labangal', '747 Main St, Labangal', 289, 48, 'Hospitality', 'Francisco Sanchez', '09644112016', 'approved', true, 'approved', 1, 'A leading company in Hospitality', false);
INSERT INTO public.employers (id, email, establishment_name, province, city, barangay, address, total_paid_employees, total_vacant_positions, industry, contact_person, contact_phone, account_status, is_active, srs_status, srs_version, description, is_archived) VALUES ('c4aeaad3-04a9-47e4-8fa9-faa7c93e30e1', 'employer25@example.com', 'Safi Port', 'South Cotabato', 'General Santos City', 'San Isidro', '60 Main St, San Isidro', 61, 26, 'Finance', 'Antonio Gil', '09845277009', 'approved', true, 'approved', 1, 'A leading company in Finance', false);
INSERT INTO public.employers (id, email, establishment_name, province, city, barangay, address, total_paid_employees, total_vacant_positions, industry, contact_person, contact_phone, account_status, is_active, srs_status, srs_version, description, is_archived) VALUES ('ed3ea696-16e3-4a6f-8010-08497ccf1850', 'employer26@example.com', 'Gensan Shipyard', 'South Cotabato', 'General Santos City', 'Sinawal', '826 Main St, Sinawal', 439, 2, 'Healthcare', 'Carlos Diaz', '09755069846', 'approved', true, 'approved', 1, 'A leading company in Healthcare', false);
INSERT INTO public.employers (id, email, establishment_name, province, city, barangay, address, total_paid_employees, total_vacant_positions, industry, contact_person, contact_phone, account_status, is_active, srs_status, srs_version, description, is_archived) VALUES ('2cc7f809-b926-4a50-b079-3d941b263b1b', 'employer27@example.com', 'Ten Point Manufacturing', 'South Cotabato', 'General Santos City', 'Sinawal', '749 Main St, Sinawal', 471, 18, 'Hospitality', 'Ana Romero', '09677474040', 'approved', true, 'approved', 1, 'A leading company in Hospitality', false);
INSERT INTO public.employers (id, email, establishment_name, province, city, barangay, address, total_paid_employees, total_vacant_positions, industry, contact_person, contact_phone, account_status, is_active, srs_status, srs_version, description, is_archived) VALUES ('e4d594ea-058a-4df0-b5ff-0779125ee66a', 'employer28@example.com', 'East Asia Royale Hotel', 'South Cotabato', 'General Santos City', 'Fatima', '626 Main St, Fatima', 277, 27, 'Hospitality', 'Mario Ramos', '09415132028', 'approved', true, 'approved', 1, 'A leading company in Hospitality', false);
INSERT INTO public.employers (id, email, establishment_name, province, city, barangay, address, total_paid_employees, total_vacant_positions, industry, contact_person, contact_phone, account_status, is_active, srs_status, srs_version, description, is_archived) VALUES ('97551b11-2be3-43dd-9bcf-892506dfc741', 'employer29@example.com', 'RMMC (Ramon Magsaysay Memorial Colleges)', 'South Cotabato', 'General Santos City', 'City Heights', '751 Main St, City Heights', 436, 11, 'Fishing', 'Miguel Jimenez', '09861911490', 'approved', true, 'approved', 1, 'A leading company in Fishing', false);

-- Inserting Jobs
INSERT INTO public.jobs (id, employer_id, position_title, minimum_education_required, main_skill_desired, years_of_experience_required, age_preference_min, age_preference_max, starting_salary, job_status, vacancies, is_active, archived, category, work_setup, featured, slots_remaining, employment_contract_type, description, location, salary_min, salary_max, salary_period, work_type) VALUES ('2c4f60fa-778a-44f8-ba3f-4fd4b8626f79', 'b1356b78-9ed6-4f12-9436-ebea67b258ee', 'Customer Service Representative', 'College Graduate', 'General Skill', 4, 18, 50, '16027', 'active', 7, true, false, 'Healthcare', 'remote', true, 1, 'T', 'We are looking for a Customer Service Representative', 'General Santos City', 16027, 29033, 'monthly', 'Full-time');
INSERT INTO public.jobs (id, employer_id, position_title, minimum_education_required, main_skill_desired, years_of_experience_required, age_preference_min, age_preference_max, starting_salary, job_status, vacancies, is_active, archived, category, work_setup, featured, slots_remaining, employment_contract_type, description, location, salary_min, salary_max, salary_period, work_type) VALUES ('d2668029-e01c-44e2-88aa-235679b2f307', 'b1356b78-9ed6-4f12-9436-ebea67b258ee', 'Electrician', 'College Graduate', 'General Skill', 5, 18, 50, '21061', 'active', 1, true, false, 'Hospitality', 'onsite', false, 8, 'P', 'We are looking for a Electrician', 'General Santos City', 21061, 35153, 'monthly', 'Full-time');
INSERT INTO public.jobs (id, employer_id, position_title, minimum_education_required, main_skill_desired, years_of_experience_required, age_preference_min, age_preference_max, starting_salary, job_status, vacancies, is_active, archived, category, work_setup, featured, slots_remaining, employment_contract_type, description, location, salary_min, salary_max, salary_period, work_type) VALUES ('c667f87b-0e29-440d-afa1-1ff1c713da1b', '51519641-86b4-4f23-8c3d-2eb0f0bf6e0f', 'Customer Service Representative', 'College Graduate', 'General Skill', 0, 18, 50, '12196', 'active', 3, true, false, 'Education', 'onsite', false, 7, 'P', 'We are looking for a Customer Service Representative', 'General Santos City', 12196, 19102, 'monthly', 'Full-time');
INSERT INTO public.jobs (id, employer_id, position_title, minimum_education_required, main_skill_desired, years_of_experience_required, age_preference_min, age_preference_max, starting_salary, job_status, vacancies, is_active, archived, category, work_setup, featured, slots_remaining, employment_contract_type, description, location, salary_min, salary_max, salary_period, work_type) VALUES ('88b6b0a9-5830-49bd-98cc-5b3dce300722', '82da7e61-d72a-4cd3-aba5-0a7771796475', 'Data Analyst', 'College Graduate', 'General Skill', 4, 18, 50, '17408', 'active', 9, true, false, 'Hospitality', 'hybrid', true, 4, 'T', 'We are looking for a Data Analyst', 'General Santos City', 17408, 26339, 'monthly', 'Full-time');
INSERT INTO public.jobs (id, employer_id, position_title, minimum_education_required, main_skill_desired, years_of_experience_required, age_preference_min, age_preference_max, starting_salary, job_status, vacancies, is_active, archived, category, work_setup, featured, slots_remaining, employment_contract_type, description, location, salary_min, salary_max, salary_period, work_type) VALUES ('fee6928e-9158-451d-afbd-aa98d1f8fbad', '5f95d4fb-3ce3-430f-80dc-cd8f5dea399f', 'Driver', 'College Graduate', 'General Skill', 2, 18, 50, '15766', 'active', 6, true, false, 'Hospitality', 'onsite', false, 8, 'P', 'We are looking for a Driver', 'General Santos City', 15766, 21777, 'monthly', 'Full-time');
INSERT INTO public.jobs (id, employer_id, position_title, minimum_education_required, main_skill_desired, years_of_experience_required, age_preference_min, age_preference_max, starting_salary, job_status, vacancies, is_active, archived, category, work_setup, featured, slots_remaining, employment_contract_type, description, location, salary_min, salary_max, salary_period, work_type) VALUES ('8fcb28fb-2a0a-451d-b78f-5be2b51ea550', 'f6e02e07-f7b0-4984-8cef-e2dcde47801d', 'Chef', 'College Graduate', 'General Skill', 2, 18, 50, '25188', 'active', 8, true, false, 'Logistics', 'onsite', false, 9, 'T', 'We are looking for a Chef', 'General Santos City', 25188, 36718, 'monthly', 'Full-time');
INSERT INTO public.jobs (id, employer_id, position_title, minimum_education_required, main_skill_desired, years_of_experience_required, age_preference_min, age_preference_max, starting_salary, job_status, vacancies, is_active, archived, category, work_setup, featured, slots_remaining, employment_contract_type, description, location, salary_min, salary_max, salary_period, work_type) VALUES ('bbfd1541-2361-43a6-8520-a26d5c34038b', 'd7d07c71-f6cd-450a-b9fc-41893c8d5bb6', 'Receptionist', 'College Graduate', 'General Skill', 1, 18, 50, '27557', 'active', 6, true, false, 'Finance', 'hybrid', false, 3, 'C', 'We are looking for a Receptionist', 'General Santos City', 27557, 35099, 'monthly', 'Full-time');
INSERT INTO public.jobs (id, employer_id, position_title, minimum_education_required, main_skill_desired, years_of_experience_required, age_preference_min, age_preference_max, starting_salary, job_status, vacancies, is_active, archived, category, work_setup, featured, slots_remaining, employment_contract_type, description, location, salary_min, salary_max, salary_period, work_type) VALUES ('d6aad450-cc7d-459a-93a0-5a2807d870fd', '4a38d706-a152-422a-a7d2-be2e253ef67e', 'Deckhand', 'College Graduate', 'General Skill', 3, 18, 50, '14328', 'active', 9, true, false, 'Finance', 'onsite', false, 1, 'P', 'We are looking for a Deckhand', 'General Santos City', 14328, 26791, 'monthly', 'Full-time');
INSERT INTO public.jobs (id, employer_id, position_title, minimum_education_required, main_skill_desired, years_of_experience_required, age_preference_min, age_preference_max, starting_salary, job_status, vacancies, is_active, archived, category, work_setup, featured, slots_remaining, employment_contract_type, description, location, salary_min, salary_max, salary_period, work_type) VALUES ('57affe65-a063-476a-b32b-986bbb504ace', 'c98d5b70-8d4e-4d84-9d18-fe5940cb633e', 'Captain', 'College Graduate', 'General Skill', 1, 18, 50, '14155', 'active', 8, true, false, 'Real Estate', 'onsite', false, 7, 'P', 'We are looking for a Captain', 'General Santos City', 14155, 25194, 'monthly', 'Full-time');
INSERT INTO public.jobs (id, employer_id, position_title, minimum_education_required, main_skill_desired, years_of_experience_required, age_preference_min, age_preference_max, starting_salary, job_status, vacancies, is_active, archived, category, work_setup, featured, slots_remaining, employment_contract_type, description, location, salary_min, salary_max, salary_period, work_type) VALUES ('4bdc7afe-ab28-4dfa-9234-b4e6657805eb', 'd570ebb2-6887-4f16-a553-af444f6e0716', 'Quality Control Inspector', 'College Graduate', 'General Skill', 0, 18, 50, '19074', 'active', 4, true, false, 'Hospitality', 'remote', false, 9, 'T', 'We are looking for a Quality Control Inspector', 'General Santos City', 19074, 25709, 'monthly', 'Full-time');
INSERT INTO public.jobs (id, employer_id, position_title, minimum_education_required, main_skill_desired, years_of_experience_required, age_preference_min, age_preference_max, starting_salary, job_status, vacancies, is_active, archived, category, work_setup, featured, slots_remaining, employment_contract_type, description, location, salary_min, salary_max, salary_period, work_type) VALUES ('c229bb4c-05da-4037-b187-362e76031561', 'e4d594ea-058a-4df0-b5ff-0779125ee66a', 'Sales Representative', 'College Graduate', 'General Skill', 5, 18, 50, '16253', 'active', 2, true, false, 'Logistics', 'onsite', false, 3, 'C', 'We are looking for a Sales Representative', 'General Santos City', 16253, 27816, 'monthly', 'Full-time');
INSERT INTO public.jobs (id, employer_id, position_title, minimum_education_required, main_skill_desired, years_of_experience_required, age_preference_min, age_preference_max, starting_salary, job_status, vacancies, is_active, archived, category, work_setup, featured, slots_remaining, employment_contract_type, description, location, salary_min, salary_max, salary_period, work_type) VALUES ('b1edd778-5aa6-4c22-b6ff-ecbed4b5c016', '4a38d706-a152-422a-a7d2-be2e253ef67e', 'Janitor', 'College Graduate', 'General Skill', 4, 18, 50, '25623', 'active', 7, true, false, 'Retail', 'hybrid', false, 2, 'P', 'We are looking for a Janitor', 'General Santos City', 25623, 32799, 'monthly', 'Full-time');
INSERT INTO public.jobs (id, employer_id, position_title, minimum_education_required, main_skill_desired, years_of_experience_required, age_preference_min, age_preference_max, starting_salary, job_status, vacancies, is_active, archived, category, work_setup, featured, slots_remaining, employment_contract_type, description, location, salary_min, salary_max, salary_period, work_type) VALUES ('127e551e-fb8e-45f7-a689-90f8c2266b32', '5dea2bc7-4581-4235-b2e1-3e9393f62e80', 'Janitor', 'College Graduate', 'General Skill', 0, 18, 50, '26344', 'active', 5, true, false, 'Real Estate', 'onsite', true, 2, 'C', 'We are looking for a Janitor', 'General Santos City', 26344, 35033, 'monthly', 'Full-time');
INSERT INTO public.jobs (id, employer_id, position_title, minimum_education_required, main_skill_desired, years_of_experience_required, age_preference_min, age_preference_max, starting_salary, job_status, vacancies, is_active, archived, category, work_setup, featured, slots_remaining, employment_contract_type, description, location, salary_min, salary_max, salary_period, work_type) VALUES ('76f608b6-d27d-4e19-b384-1eac4fccc782', '355d2636-60b8-4520-b4f9-4f512c37753b', 'Waitress', 'College Graduate', 'General Skill', 3, 18, 50, '10616', 'active', 5, true, false, 'Education', 'onsite', false, 1, 'P', 'We are looking for a Waitress', 'General Santos City', 10616, 16670, 'monthly', 'Full-time');
INSERT INTO public.jobs (id, employer_id, position_title, minimum_education_required, main_skill_desired, years_of_experience_required, age_preference_min, age_preference_max, starting_salary, job_status, vacancies, is_active, archived, category, work_setup, featured, slots_remaining, employment_contract_type, description, location, salary_min, salary_max, salary_period, work_type) VALUES ('fb234dea-c6c6-41a2-b35d-d9206605e7bc', 'f6e02e07-f7b0-4984-8cef-e2dcde47801d', 'Quality Control Inspector', 'College Graduate', 'General Skill', 4, 18, 50, '28055', 'active', 10, true, false, 'Hospitality', 'hybrid', false, 9, 'P', 'We are looking for a Quality Control Inspector', 'General Santos City', 28055, 33309, 'monthly', 'Full-time');
INSERT INTO public.jobs (id, employer_id, position_title, minimum_education_required, main_skill_desired, years_of_experience_required, age_preference_min, age_preference_max, starting_salary, job_status, vacancies, is_active, archived, category, work_setup, featured, slots_remaining, employment_contract_type, description, location, salary_min, salary_max, salary_period, work_type) VALUES ('2ce7c623-35e7-4678-adf9-3b33bdfe95cb', '97551b11-2be3-43dd-9bcf-892506dfc741', 'Cashier', 'College Graduate', 'General Skill', 4, 18, 50, '18269', 'active', 8, true, false, 'Fishing', 'remote', false, 9, 'P', 'We are looking for a Cashier', 'General Santos City', 18269, 32887, 'monthly', 'Full-time');
INSERT INTO public.jobs (id, employer_id, position_title, minimum_education_required, main_skill_desired, years_of_experience_required, age_preference_min, age_preference_max, starting_salary, job_status, vacancies, is_active, archived, category, work_setup, featured, slots_remaining, employment_contract_type, description, location, salary_min, salary_max, salary_period, work_type) VALUES ('d95ffafd-57b5-43d8-a7e1-c24fb0449d26', '355d2636-60b8-4520-b4f9-4f512c37753b', 'Mechanic', 'College Graduate', 'General Skill', 4, 18, 50, '16209', 'active', 4, true, false, 'Real Estate', 'onsite', true, 7, 'C', 'We are looking for a Mechanic', 'General Santos City', 16209, 26544, 'monthly', 'Full-time');
INSERT INTO public.jobs (id, employer_id, position_title, minimum_education_required, main_skill_desired, years_of_experience_required, age_preference_min, age_preference_max, starting_salary, job_status, vacancies, is_active, archived, category, work_setup, featured, slots_remaining, employment_contract_type, description, location, salary_min, salary_max, salary_period, work_type) VALUES ('e5257331-588e-4130-a5bd-010dc1463cf4', '97551b11-2be3-43dd-9bcf-892506dfc741', 'Cashier', 'College Graduate', 'General Skill', 0, 18, 50, '16339', 'active', 6, true, false, 'Manufacturing', 'onsite', true, 4, 'C', 'We are looking for a Cashier', 'General Santos City', 16339, 25685, 'monthly', 'Full-time');
INSERT INTO public.jobs (id, employer_id, position_title, minimum_education_required, main_skill_desired, years_of_experience_required, age_preference_min, age_preference_max, starting_salary, job_status, vacancies, is_active, archived, category, work_setup, featured, slots_remaining, employment_contract_type, description, location, salary_min, salary_max, salary_period, work_type) VALUES ('3671e4d9-8fbc-43ae-aa1c-dff07c8b7e2d', '564fa648-dcf3-4e33-9d52-fce395b0f63c', 'Nurse', 'College Graduate', 'General Skill', 5, 18, 50, '16630', 'active', 7, true, false, 'Fishing', 'onsite', true, 8, 'T', 'We are looking for a Nurse', 'General Santos City', 16630, 23842, 'monthly', 'Full-time');
INSERT INTO public.jobs (id, employer_id, position_title, minimum_education_required, main_skill_desired, years_of_experience_required, age_preference_min, age_preference_max, starting_salary, job_status, vacancies, is_active, archived, category, work_setup, featured, slots_remaining, employment_contract_type, description, location, salary_min, salary_max, salary_period, work_type) VALUES ('b8342201-6b68-4e53-a19e-305a92be68f8', '97551b11-2be3-43dd-9bcf-892506dfc741', 'Plumber', 'College Graduate', 'General Skill', 5, 18, 50, '23991', 'active', 6, true, false, 'Retail', 'remote', false, 1, 'T', 'We are looking for a Plumber', 'General Santos City', 23991, 31369, 'monthly', 'Full-time');
INSERT INTO public.jobs (id, employer_id, position_title, minimum_education_required, main_skill_desired, years_of_experience_required, age_preference_min, age_preference_max, starting_salary, job_status, vacancies, is_active, archived, category, work_setup, featured, slots_remaining, employment_contract_type, description, location, salary_min, salary_max, salary_period, work_type) VALUES ('638afecd-a089-4dcf-a873-936257319f2d', 'b1356b78-9ed6-4f12-9436-ebea67b258ee', 'Mechanic', 'College Graduate', 'General Skill', 0, 18, 50, '13863', 'active', 2, true, false, 'Manufacturing', 'onsite', true, 2, 'P', 'We are looking for a Mechanic', 'General Santos City', 13863, 22737, 'monthly', 'Full-time');
INSERT INTO public.jobs (id, employer_id, position_title, minimum_education_required, main_skill_desired, years_of_experience_required, age_preference_min, age_preference_max, starting_salary, job_status, vacancies, is_active, archived, category, work_setup, featured, slots_remaining, employment_contract_type, description, location, salary_min, salary_max, salary_period, work_type) VALUES ('3680f519-d6e1-41b9-9d38-e6aa45a82ec0', '5f95d4fb-3ce3-430f-80dc-cd8f5dea399f', 'Captain', 'College Graduate', 'General Skill', 1, 18, 50, '26042', 'active', 2, true, false, 'Hospitality', 'remote', false, 5, 'C', 'We are looking for a Captain', 'General Santos City', 26042, 37443, 'monthly', 'Full-time');
INSERT INTO public.jobs (id, employer_id, position_title, minimum_education_required, main_skill_desired, years_of_experience_required, age_preference_min, age_preference_max, starting_salary, job_status, vacancies, is_active, archived, category, work_setup, featured, slots_remaining, employment_contract_type, description, location, salary_min, salary_max, salary_period, work_type) VALUES ('4a55c6f7-57fa-4ece-842a-63be3cb41944', 'd7d07c71-f6cd-450a-b9fc-41893c8d5bb6', 'Captain', 'College Graduate', 'General Skill', 3, 18, 50, '26822', 'active', 6, true, false, 'Finance', 'onsite', false, 8, 'T', 'We are looking for a Captain', 'General Santos City', 26822, 33796, 'monthly', 'Full-time');
INSERT INTO public.jobs (id, employer_id, position_title, minimum_education_required, main_skill_desired, years_of_experience_required, age_preference_min, age_preference_max, starting_salary, job_status, vacancies, is_active, archived, category, work_setup, featured, slots_remaining, employment_contract_type, description, location, salary_min, salary_max, salary_period, work_type) VALUES ('24d4ead1-5a97-48c0-88c6-ea1e720a8f08', '97551b11-2be3-43dd-9bcf-892506dfc741', 'Carpenter', 'College Graduate', 'General Skill', 3, 18, 50, '12188', 'active', 9, true, false, 'Fishing', 'onsite', false, 1, 'P', 'We are looking for a Carpenter', 'General Santos City', 12188, 17716, 'monthly', 'Full-time');
INSERT INTO public.jobs (id, employer_id, position_title, minimum_education_required, main_skill_desired, years_of_experience_required, age_preference_min, age_preference_max, starting_salary, job_status, vacancies, is_active, archived, category, work_setup, featured, slots_remaining, employment_contract_type, description, location, salary_min, salary_max, salary_period, work_type) VALUES ('3bf91e98-dfac-400d-ac98-06e32df6d9f2', 'd570ebb2-6887-4f16-a553-af444f6e0716', 'Sales Representative', 'College Graduate', 'General Skill', 0, 18, 50, '12907', 'active', 4, true, false, 'Real Estate', 'onsite', true, 5, 'P', 'We are looking for a Sales Representative', 'General Santos City', 12907, 24533, 'monthly', 'Full-time');
INSERT INTO public.jobs (id, employer_id, position_title, minimum_education_required, main_skill_desired, years_of_experience_required, age_preference_min, age_preference_max, starting_salary, job_status, vacancies, is_active, archived, category, work_setup, featured, slots_remaining, employment_contract_type, description, location, salary_min, salary_max, salary_period, work_type) VALUES ('6a7aae16-6d24-46d9-a134-b50e48cccf75', '81faf441-69a5-4d45-9979-ddc15994cff9', 'Marketing Specialist', 'College Graduate', 'General Skill', 1, 18, 50, '28552', 'active', 6, true, false, 'Healthcare', 'remote', true, 1, 'T', 'We are looking for a Marketing Specialist', 'General Santos City', 28552, 35791, 'monthly', 'Full-time');
INSERT INTO public.jobs (id, employer_id, position_title, minimum_education_required, main_skill_desired, years_of_experience_required, age_preference_min, age_preference_max, starting_salary, job_status, vacancies, is_active, archived, category, work_setup, featured, slots_remaining, employment_contract_type, description, location, salary_min, salary_max, salary_period, work_type) VALUES ('910743b7-70dc-43a7-8da1-953bd841b519', 'e4d594ea-058a-4df0-b5ff-0779125ee66a', 'Administrative Assistant', 'College Graduate', 'General Skill', 2, 18, 50, '29853', 'active', 4, true, false, 'Agriculture', 'onsite', true, 3, 'T', 'We are looking for a Administrative Assistant', 'General Santos City', 29853, 42849, 'monthly', 'Full-time');
INSERT INTO public.jobs (id, employer_id, position_title, minimum_education_required, main_skill_desired, years_of_experience_required, age_preference_min, age_preference_max, starting_salary, job_status, vacancies, is_active, archived, category, work_setup, featured, slots_remaining, employment_contract_type, description, location, salary_min, salary_max, salary_period, work_type) VALUES ('f98137d8-6f8d-4398-9cfe-2db0e3801de4', '242e8fd8-b898-4742-9d54-530e9c5f156d', 'Waitress', 'College Graduate', 'General Skill', 3, 18, 50, '25416', 'active', 6, true, false, 'Education', 'onsite', false, 3, 'P', 'We are looking for a Waitress', 'General Santos City', 25416, 31533, 'monthly', 'Full-time');
INSERT INTO public.jobs (id, employer_id, position_title, minimum_education_required, main_skill_desired, years_of_experience_required, age_preference_min, age_preference_max, starting_salary, job_status, vacancies, is_active, archived, category, work_setup, featured, slots_remaining, employment_contract_type, description, location, salary_min, salary_max, salary_period, work_type) VALUES ('a30f733b-01bc-449e-8398-263861d776d4', '5dea2bc7-4581-4235-b2e1-3e9393f62e80', 'Sales Representative', 'College Graduate', 'General Skill', 1, 18, 50, '11861', 'active', 7, true, false, 'Retail', 'onsite', false, 7, 'P', 'We are looking for a Sales Representative', 'General Santos City', 11861, 17183, 'monthly', 'Full-time');
INSERT INTO public.jobs (id, employer_id, position_title, minimum_education_required, main_skill_desired, years_of_experience_required, age_preference_min, age_preference_max, starting_salary, job_status, vacancies, is_active, archived, category, work_setup, featured, slots_remaining, employment_contract_type, description, location, salary_min, salary_max, salary_period, work_type) VALUES ('749a6b07-2c50-4c17-a463-2e7be51f26ca', '51519641-86b4-4f23-8c3d-2eb0f0bf6e0f', 'Manager', 'College Graduate', 'General Skill', 2, 18, 50, '22780', 'active', 6, true, false, 'Education', 'onsite', false, 9, 'P', 'We are looking for a Manager', 'General Santos City', 22780, 36550, 'monthly', 'Full-time');
INSERT INTO public.jobs (id, employer_id, position_title, minimum_education_required, main_skill_desired, years_of_experience_required, age_preference_min, age_preference_max, starting_salary, job_status, vacancies, is_active, archived, category, work_setup, featured, slots_remaining, employment_contract_type, description, location, salary_min, salary_max, salary_period, work_type) VALUES ('3730af93-1c70-4425-a67a-67c96cd142c2', 'af099205-906d-4a82-ac8c-aa63b2d1c89a', 'Waitress', 'College Graduate', 'General Skill', 1, 18, 50, '13051', 'active', 4, true, false, 'Manufacturing', 'onsite', false, 3, 'P', 'We are looking for a Waitress', 'General Santos City', 13051, 27660, 'monthly', 'Full-time');
INSERT INTO public.jobs (id, employer_id, position_title, minimum_education_required, main_skill_desired, years_of_experience_required, age_preference_min, age_preference_max, starting_salary, job_status, vacancies, is_active, archived, category, work_setup, featured, slots_remaining, employment_contract_type, description, location, salary_min, salary_max, salary_period, work_type) VALUES ('e527c0e6-77a5-47ce-9fd5-8a06660faf62', 'ed3ea696-16e3-4a6f-8010-08497ccf1850', 'Janitor', 'College Graduate', 'General Skill', 1, 18, 50, '14972', 'active', 10, true, false, 'Construction', 'remote', false, 6, 'T', 'We are looking for a Janitor', 'General Santos City', 14972, 20180, 'monthly', 'Full-time');
INSERT INTO public.jobs (id, employer_id, position_title, minimum_education_required, main_skill_desired, years_of_experience_required, age_preference_min, age_preference_max, starting_salary, job_status, vacancies, is_active, archived, category, work_setup, featured, slots_remaining, employment_contract_type, description, location, salary_min, salary_max, salary_period, work_type) VALUES ('5e4596a0-d9bb-4da0-8795-70e21591ed36', 'd7d07c71-f6cd-450a-b9fc-41893c8d5bb6', 'Security Guard', 'College Graduate', 'General Skill', 2, 18, 50, '22317', 'active', 1, true, false, 'Construction', 'onsite', false, 6, 'P', 'We are looking for a Security Guard', 'General Santos City', 22317, 31247, 'monthly', 'Full-time');
INSERT INTO public.jobs (id, employer_id, position_title, minimum_education_required, main_skill_desired, years_of_experience_required, age_preference_min, age_preference_max, starting_salary, job_status, vacancies, is_active, archived, category, work_setup, featured, slots_remaining, employment_contract_type, description, location, salary_min, salary_max, salary_period, work_type) VALUES ('07eb9cad-72ce-470e-9750-eb0616a7f4fb', '3fb832c3-6ba9-438b-badb-642c899fd245', 'Janitor', 'College Graduate', 'General Skill', 1, 18, 50, '12051', 'active', 3, true, false, 'Fishing', 'onsite', true, 9, 'P', 'We are looking for a Janitor', 'General Santos City', 12051, 23846, 'monthly', 'Full-time');
INSERT INTO public.jobs (id, employer_id, position_title, minimum_education_required, main_skill_desired, years_of_experience_required, age_preference_min, age_preference_max, starting_salary, job_status, vacancies, is_active, archived, category, work_setup, featured, slots_remaining, employment_contract_type, description, location, salary_min, salary_max, salary_period, work_type) VALUES ('cc039b10-6cf1-4e11-8984-d36b6d3a0b72', 'f6e02e07-f7b0-4984-8cef-e2dcde47801d', 'Plumber', 'College Graduate', 'General Skill', 5, 18, 50, '28023', 'active', 10, true, false, 'Fishing', 'onsite', false, 5, 'P', 'We are looking for a Plumber', 'General Santos City', 28023, 41611, 'monthly', 'Full-time');
INSERT INTO public.jobs (id, employer_id, position_title, minimum_education_required, main_skill_desired, years_of_experience_required, age_preference_min, age_preference_max, starting_salary, job_status, vacancies, is_active, archived, category, work_setup, featured, slots_remaining, employment_contract_type, description, location, salary_min, salary_max, salary_period, work_type) VALUES ('5ce1a7f5-c2ef-45e4-8a83-4cef645abdd6', '5ab88988-c8af-411d-b621-c99bf2f43a87', 'Receptionist', 'College Graduate', 'General Skill', 1, 18, 50, '19900', 'active', 5, true, false, 'Hospitality', 'onsite', false, 5, 'P', 'We are looking for a Receptionist', 'General Santos City', 19900, 28009, 'monthly', 'Full-time');
INSERT INTO public.jobs (id, employer_id, position_title, minimum_education_required, main_skill_desired, years_of_experience_required, age_preference_min, age_preference_max, starting_salary, job_status, vacancies, is_active, archived, category, work_setup, featured, slots_remaining, employment_contract_type, description, location, salary_min, salary_max, salary_period, work_type) VALUES ('0722f669-4091-42e1-a509-2479f174f336', 'c4aeaad3-04a9-47e4-8fa9-faa7c93e30e1', 'Receptionist', 'College Graduate', 'General Skill', 0, 18, 50, '19627', 'active', 8, true, false, 'Healthcare', 'hybrid', true, 4, 'P', 'We are looking for a Receptionist', 'General Santos City', 19627, 29653, 'monthly', 'Full-time');
INSERT INTO public.jobs (id, employer_id, position_title, minimum_education_required, main_skill_desired, years_of_experience_required, age_preference_min, age_preference_max, starting_salary, job_status, vacancies, is_active, archived, category, work_setup, featured, slots_remaining, employment_contract_type, description, location, salary_min, salary_max, salary_period, work_type) VALUES ('c22f86e4-59f0-400c-8e3b-841d5d9bd116', 'c98d5b70-8d4e-4d84-9d18-fe5940cb633e', 'Plumber', 'College Graduate', 'General Skill', 0, 18, 50, '21234', 'active', 7, true, false, 'Manufacturing', 'hybrid', false, 6, 'C', 'We are looking for a Plumber', 'General Santos City', 21234, 32490, 'monthly', 'Full-time');
INSERT INTO public.jobs (id, employer_id, position_title, minimum_education_required, main_skill_desired, years_of_experience_required, age_preference_min, age_preference_max, starting_salary, job_status, vacancies, is_active, archived, category, work_setup, featured, slots_remaining, employment_contract_type, description, location, salary_min, salary_max, salary_period, work_type) VALUES ('3d2f18c2-ed66-4116-aae6-ff53095a6e0e', '95d2fe34-f6da-48b7-a874-b9be85a57e98', 'Marketing Specialist', 'College Graduate', 'General Skill', 3, 18, 50, '27542', 'active', 9, true, false, 'Construction', 'hybrid', true, 2, 'T', 'We are looking for a Marketing Specialist', 'General Santos City', 27542, 36770, 'monthly', 'Full-time');
INSERT INTO public.jobs (id, employer_id, position_title, minimum_education_required, main_skill_desired, years_of_experience_required, age_preference_min, age_preference_max, starting_salary, job_status, vacancies, is_active, archived, category, work_setup, featured, slots_remaining, employment_contract_type, description, location, salary_min, salary_max, salary_period, work_type) VALUES ('a4154e63-5568-4baf-a61e-adcbb5e954b3', '81faf441-69a5-4d45-9979-ddc15994cff9', 'Driver', 'College Graduate', 'General Skill', 3, 18, 50, '24023', 'active', 4, true, false, 'Manufacturing', 'hybrid', false, 10, 'T', 'We are looking for a Driver', 'General Santos City', 24023, 35617, 'monthly', 'Full-time');
INSERT INTO public.jobs (id, employer_id, position_title, minimum_education_required, main_skill_desired, years_of_experience_required, age_preference_min, age_preference_max, starting_salary, job_status, vacancies, is_active, archived, category, work_setup, featured, slots_remaining, employment_contract_type, description, location, salary_min, salary_max, salary_period, work_type) VALUES ('161810c0-7b3e-44e3-b6b0-208924149542', '355d2636-60b8-4520-b4f9-4f512c37753b', 'Driver', 'College Graduate', 'General Skill', 0, 18, 50, '19012', 'active', 6, true, false, 'Agriculture', 'remote', true, 1, 'T', 'We are looking for a Driver', 'General Santos City', 19012, 30661, 'monthly', 'Full-time');
INSERT INTO public.jobs (id, employer_id, position_title, minimum_education_required, main_skill_desired, years_of_experience_required, age_preference_min, age_preference_max, starting_salary, job_status, vacancies, is_active, archived, category, work_setup, featured, slots_remaining, employment_contract_type, description, location, salary_min, salary_max, salary_period, work_type) VALUES ('d6047027-13df-46fc-bc5d-3269874c1c38', '20b9acb8-9251-43fb-af0b-db288e6ea7e4', 'Receptionist', 'College Graduate', 'General Skill', 0, 18, 50, '13536', 'active', 7, true, false, 'Construction', 'onsite', false, 5, 'C', 'We are looking for a Receptionist', 'General Santos City', 13536, 21972, 'monthly', 'Full-time');
INSERT INTO public.jobs (id, employer_id, position_title, minimum_education_required, main_skill_desired, years_of_experience_required, age_preference_min, age_preference_max, starting_salary, job_status, vacancies, is_active, archived, category, work_setup, featured, slots_remaining, employment_contract_type, description, location, salary_min, salary_max, salary_period, work_type) VALUES ('7075a78f-f9db-4b3a-b46d-432b2a630edc', 'aba47cb2-6975-434f-a3ee-39f3c35f7e3c', 'Fishery Worker', 'College Graduate', 'General Skill', 0, 18, 50, '12943', 'active', 4, true, false, 'Healthcare', 'hybrid', false, 4, 'T', 'We are looking for a Fishery Worker', 'General Santos City', 12943, 20266, 'monthly', 'Full-time');
INSERT INTO public.jobs (id, employer_id, position_title, minimum_education_required, main_skill_desired, years_of_experience_required, age_preference_min, age_preference_max, starting_salary, job_status, vacancies, is_active, archived, category, work_setup, featured, slots_remaining, employment_contract_type, description, location, salary_min, salary_max, salary_period, work_type) VALUES ('bb92c705-ab6c-4303-94a1-6f685ece8802', '4a38d706-a152-422a-a7d2-be2e253ef67e', 'Teacher', 'College Graduate', 'General Skill', 5, 18, 50, '23544', 'active', 1, true, false, 'Hospitality', 'onsite', false, 4, 'P', 'We are looking for a Teacher', 'General Santos City', 23544, 34699, 'monthly', 'Full-time');
INSERT INTO public.jobs (id, employer_id, position_title, minimum_education_required, main_skill_desired, years_of_experience_required, age_preference_min, age_preference_max, starting_salary, job_status, vacancies, is_active, archived, category, work_setup, featured, slots_remaining, employment_contract_type, description, location, salary_min, salary_max, salary_period, work_type) VALUES ('a40cf56d-038f-4f6f-a84c-ef2699c92048', '242e8fd8-b898-4742-9d54-530e9c5f156d', 'Administrative Assistant', 'College Graduate', 'General Skill', 4, 18, 50, '15943', 'active', 3, true, false, 'Hospitality', 'remote', false, 10, 'P', 'We are looking for a Administrative Assistant', 'General Santos City', 15943, 24105, 'monthly', 'Full-time');
INSERT INTO public.jobs (id, employer_id, position_title, minimum_education_required, main_skill_desired, years_of_experience_required, age_preference_min, age_preference_max, starting_salary, job_status, vacancies, is_active, archived, category, work_setup, featured, slots_remaining, employment_contract_type, description, location, salary_min, salary_max, salary_period, work_type) VALUES ('b4e446d9-c63e-4249-99df-ad59fd6cf1fe', '242e8fd8-b898-4742-9d54-530e9c5f156d', 'Marketing Specialist', 'College Graduate', 'General Skill', 1, 18, 50, '13134', 'active', 2, true, false, 'IT/BPO', 'hybrid', false, 5, 'T', 'We are looking for a Marketing Specialist', 'General Santos City', 13134, 22943, 'monthly', 'Full-time');
INSERT INTO public.jobs (id, employer_id, position_title, minimum_education_required, main_skill_desired, years_of_experience_required, age_preference_min, age_preference_max, starting_salary, job_status, vacancies, is_active, archived, category, work_setup, featured, slots_remaining, employment_contract_type, description, location, salary_min, salary_max, salary_period, work_type) VALUES ('6d515323-7517-448b-9f62-187ad3c49f18', 'aba47cb2-6975-434f-a3ee-39f3c35f7e3c', 'Accountant', 'College Graduate', 'General Skill', 1, 18, 50, '13502', 'active', 5, true, false, 'Logistics', 'onsite', true, 10, 'P', 'We are looking for a Accountant', 'General Santos City', 13502, 18910, 'monthly', 'Full-time');
INSERT INTO public.jobs (id, employer_id, position_title, minimum_education_required, main_skill_desired, years_of_experience_required, age_preference_min, age_preference_max, starting_salary, job_status, vacancies, is_active, archived, category, work_setup, featured, slots_remaining, employment_contract_type, description, location, salary_min, salary_max, salary_period, work_type) VALUES ('ae744ad0-f524-48c3-912e-4d4ceea8523c', 'd7d07c71-f6cd-450a-b9fc-41893c8d5bb6', 'HR Officer', 'College Graduate', 'General Skill', 3, 18, 50, '24967', 'active', 9, true, false, 'Hospitality', 'remote', false, 2, 'C', 'We are looking for a HR Officer', 'General Santos City', 24967, 39948, 'monthly', 'Full-time');
INSERT INTO public.jobs (id, employer_id, position_title, minimum_education_required, main_skill_desired, years_of_experience_required, age_preference_min, age_preference_max, starting_salary, job_status, vacancies, is_active, archived, category, work_setup, featured, slots_remaining, employment_contract_type, description, location, salary_min, salary_max, salary_period, work_type) VALUES ('d38ec804-ab2a-42af-8051-91d6ffc1f9f3', '97551b11-2be3-43dd-9bcf-892506dfc741', 'Mechanic', 'College Graduate', 'General Skill', 4, 18, 50, '21394', 'active', 8, true, false, 'Logistics', 'onsite', false, 5, 'C', 'We are looking for a Mechanic', 'General Santos City', 21394, 32150, 'monthly', 'Full-time');
INSERT INTO public.jobs (id, employer_id, position_title, minimum_education_required, main_skill_desired, years_of_experience_required, age_preference_min, age_preference_max, starting_salary, job_status, vacancies, is_active, archived, category, work_setup, featured, slots_remaining, employment_contract_type, description, location, salary_min, salary_max, salary_period, work_type) VALUES ('c1f38e43-a64c-4d9b-ab25-b244985fafee', '242e8fd8-b898-4742-9d54-530e9c5f156d', 'Waitress', 'College Graduate', 'General Skill', 3, 18, 50, '22671', 'active', 3, true, false, 'IT/BPO', 'hybrid', false, 1, 'T', 'We are looking for a Waitress', 'General Santos City', 22671, 29567, 'monthly', 'Full-time');
INSERT INTO public.jobs (id, employer_id, position_title, minimum_education_required, main_skill_desired, years_of_experience_required, age_preference_min, age_preference_max, starting_salary, job_status, vacancies, is_active, archived, category, work_setup, featured, slots_remaining, employment_contract_type, description, location, salary_min, salary_max, salary_period, work_type) VALUES ('aa00359e-9a3e-4ce7-a1ed-a1276955d0ad', '53dcb263-0da0-447c-8813-c26a8fb8f0f9', 'Waitress', 'College Graduate', 'General Skill', 2, 18, 50, '28042', 'active', 6, true, false, 'Education', 'onsite', false, 9, 'C', 'We are looking for a Waitress', 'General Santos City', 28042, 33378, 'monthly', 'Full-time');
INSERT INTO public.jobs (id, employer_id, position_title, minimum_education_required, main_skill_desired, years_of_experience_required, age_preference_min, age_preference_max, starting_salary, job_status, vacancies, is_active, archived, category, work_setup, featured, slots_remaining, employment_contract_type, description, location, salary_min, salary_max, salary_period, work_type) VALUES ('ce969ce5-5f80-41fc-9000-00ae2ddd797f', '3fb832c3-6ba9-438b-badb-642c899fd245', 'Security Guard', 'College Graduate', 'General Skill', 0, 18, 50, '13298', 'active', 8, true, false, 'Construction', 'onsite', false, 1, 'T', 'We are looking for a Security Guard', 'General Santos City', 13298, 27259, 'monthly', 'Full-time');
INSERT INTO public.jobs (id, employer_id, position_title, minimum_education_required, main_skill_desired, years_of_experience_required, age_preference_min, age_preference_max, starting_salary, job_status, vacancies, is_active, archived, category, work_setup, featured, slots_remaining, employment_contract_type, description, location, salary_min, salary_max, salary_period, work_type) VALUES ('eb18b1ff-239e-4ede-b657-a9e8cdcc187e', '5b263929-f408-4781-9d02-40e443807a41', 'Accountant', 'College Graduate', 'General Skill', 1, 18, 50, '29047', 'active', 1, true, false, 'IT/BPO', 'onsite', true, 3, 'T', 'We are looking for a Accountant', 'General Santos City', 29047, 40031, 'monthly', 'Full-time');
INSERT INTO public.jobs (id, employer_id, position_title, minimum_education_required, main_skill_desired, years_of_experience_required, age_preference_min, age_preference_max, starting_salary, job_status, vacancies, is_active, archived, category, work_setup, featured, slots_remaining, employment_contract_type, description, location, salary_min, salary_max, salary_period, work_type) VALUES ('12bceebc-e160-4940-8b39-d99655b158fe', 'd570ebb2-6887-4f16-a553-af444f6e0716', 'Quality Control Inspector', 'College Graduate', 'General Skill', 2, 18, 50, '22490', 'active', 7, true, false, 'Logistics', 'onsite', true, 5, 'T', 'We are looking for a Quality Control Inspector', 'General Santos City', 22490, 33568, 'monthly', 'Full-time');
INSERT INTO public.jobs (id, employer_id, position_title, minimum_education_required, main_skill_desired, years_of_experience_required, age_preference_min, age_preference_max, starting_salary, job_status, vacancies, is_active, archived, category, work_setup, featured, slots_remaining, employment_contract_type, description, location, salary_min, salary_max, salary_period, work_type) VALUES ('c3ca2a21-93f5-4f7e-ba86-4897433bbfe3', '95d2fe34-f6da-48b7-a874-b9be85a57e98', 'Quality Control Inspector', 'College Graduate', 'General Skill', 3, 18, 50, '18327', 'active', 4, true, false, 'Fishing', 'hybrid', false, 10, 'T', 'We are looking for a Quality Control Inspector', 'General Santos City', 18327, 24141, 'monthly', 'Full-time');
INSERT INTO public.jobs (id, employer_id, position_title, minimum_education_required, main_skill_desired, years_of_experience_required, age_preference_min, age_preference_max, starting_salary, job_status, vacancies, is_active, archived, category, work_setup, featured, slots_remaining, employment_contract_type, description, location, salary_min, salary_max, salary_period, work_type) VALUES ('32a4442b-113f-44ea-967c-26b61d2dfc3c', '564fa648-dcf3-4e33-9d52-fce395b0f63c', 'Nurse', 'College Graduate', 'General Skill', 2, 18, 50, '17571', 'active', 4, true, false, 'Retail', 'onsite', true, 7, 'P', 'We are looking for a Nurse', 'General Santos City', 17571, 30186, 'monthly', 'Full-time');
INSERT INTO public.jobs (id, employer_id, position_title, minimum_education_required, main_skill_desired, years_of_experience_required, age_preference_min, age_preference_max, starting_salary, job_status, vacancies, is_active, archived, category, work_setup, featured, slots_remaining, employment_contract_type, description, location, salary_min, salary_max, salary_period, work_type) VALUES ('bbe68bba-2448-454b-abd2-c1a35b4f23c3', '355d2636-60b8-4520-b4f9-4f512c37753b', 'HR Officer', 'College Graduate', 'General Skill', 4, 18, 50, '21567', 'active', 6, true, false, 'Logistics', 'hybrid', false, 5, 'C', 'We are looking for a HR Officer', 'General Santos City', 21567, 26577, 'monthly', 'Full-time');
INSERT INTO public.jobs (id, employer_id, position_title, minimum_education_required, main_skill_desired, years_of_experience_required, age_preference_min, age_preference_max, starting_salary, job_status, vacancies, is_active, archived, category, work_setup, featured, slots_remaining, employment_contract_type, description, location, salary_min, salary_max, salary_period, work_type) VALUES ('6e8cfae8-e9be-4207-880c-56a499b4b735', '20b9acb8-9251-43fb-af0b-db288e6ea7e4', 'Software Engineer', 'College Graduate', 'General Skill', 1, 18, 50, '19886', 'active', 4, true, false, 'Retail', 'remote', true, 3, 'T', 'We are looking for a Software Engineer', 'General Santos City', 19886, 25775, 'monthly', 'Full-time');
INSERT INTO public.jobs (id, employer_id, position_title, minimum_education_required, main_skill_desired, years_of_experience_required, age_preference_min, age_preference_max, starting_salary, job_status, vacancies, is_active, archived, category, work_setup, featured, slots_remaining, employment_contract_type, description, location, salary_min, salary_max, salary_period, work_type) VALUES ('ed20aafc-49e8-48b6-8560-5e4fb6979d2e', 'c98d5b70-8d4e-4d84-9d18-fe5940cb633e', 'Fishery Worker', 'College Graduate', 'General Skill', 5, 18, 50, '26733', 'active', 3, true, false, 'Real Estate', 'onsite', false, 8, 'T', 'We are looking for a Fishery Worker', 'General Santos City', 26733, 34490, 'monthly', 'Full-time');
INSERT INTO public.jobs (id, employer_id, position_title, minimum_education_required, main_skill_desired, years_of_experience_required, age_preference_min, age_preference_max, starting_salary, job_status, vacancies, is_active, archived, category, work_setup, featured, slots_remaining, employment_contract_type, description, location, salary_min, salary_max, salary_period, work_type) VALUES ('edf65556-2573-47b3-80e7-9f72bca65da3', '242e8fd8-b898-4742-9d54-530e9c5f156d', 'Warehouse Worker', 'College Graduate', 'General Skill', 0, 18, 50, '19970', 'active', 3, true, false, 'Healthcare', 'onsite', true, 1, 'P', 'We are looking for a Warehouse Worker', 'General Santos City', 19970, 31100, 'monthly', 'Full-time');
INSERT INTO public.jobs (id, employer_id, position_title, minimum_education_required, main_skill_desired, years_of_experience_required, age_preference_min, age_preference_max, starting_salary, job_status, vacancies, is_active, archived, category, work_setup, featured, slots_remaining, employment_contract_type, description, location, salary_min, salary_max, salary_period, work_type) VALUES ('e90dc94e-3761-4ea4-b4d4-a1ec15de4a0e', '5ab88988-c8af-411d-b621-c99bf2f43a87', 'Customer Service Representative', 'College Graduate', 'General Skill', 5, 18, 50, '28819', 'active', 7, true, false, 'Hospitality', 'hybrid', false, 6, 'T', 'We are looking for a Customer Service Representative', 'General Santos City', 28819, 40687, 'monthly', 'Full-time');
INSERT INTO public.jobs (id, employer_id, position_title, minimum_education_required, main_skill_desired, years_of_experience_required, age_preference_min, age_preference_max, starting_salary, job_status, vacancies, is_active, archived, category, work_setup, featured, slots_remaining, employment_contract_type, description, location, salary_min, salary_max, salary_period, work_type) VALUES ('e759d403-f33c-4bd8-81c7-8848bb5a4226', '671bf48d-0b44-4044-ab6f-5ebdef799920', 'Software Engineer', 'College Graduate', 'General Skill', 4, 18, 50, '19927', 'active', 1, true, false, 'Healthcare', 'onsite', true, 7, 'P', 'We are looking for a Software Engineer', 'General Santos City', 19927, 31407, 'monthly', 'Full-time');
INSERT INTO public.jobs (id, employer_id, position_title, minimum_education_required, main_skill_desired, years_of_experience_required, age_preference_min, age_preference_max, starting_salary, job_status, vacancies, is_active, archived, category, work_setup, featured, slots_remaining, employment_contract_type, description, location, salary_min, salary_max, salary_period, work_type) VALUES ('94b86629-1fdd-47c3-918d-8414b9d60e3a', '4a38d706-a152-422a-a7d2-be2e253ef67e', 'Nurse', 'College Graduate', 'General Skill', 3, 18, 50, '10960', 'active', 8, true, false, 'Healthcare', 'remote', false, 5, 'C', 'We are looking for a Nurse', 'General Santos City', 10960, 23383, 'monthly', 'Full-time');
INSERT INTO public.jobs (id, employer_id, position_title, minimum_education_required, main_skill_desired, years_of_experience_required, age_preference_min, age_preference_max, starting_salary, job_status, vacancies, is_active, archived, category, work_setup, featured, slots_remaining, employment_contract_type, description, location, salary_min, salary_max, salary_period, work_type) VALUES ('8da7ab01-abd7-46c5-9051-775cf8453975', 'aba47cb2-6975-434f-a3ee-39f3c35f7e3c', 'Data Analyst', 'College Graduate', 'General Skill', 5, 18, 50, '12644', 'active', 9, true, false, 'Real Estate', 'remote', false, 4, 'P', 'We are looking for a Data Analyst', 'General Santos City', 12644, 18446, 'monthly', 'Full-time');
INSERT INTO public.jobs (id, employer_id, position_title, minimum_education_required, main_skill_desired, years_of_experience_required, age_preference_min, age_preference_max, starting_salary, job_status, vacancies, is_active, archived, category, work_setup, featured, slots_remaining, employment_contract_type, description, location, salary_min, salary_max, salary_period, work_type) VALUES ('1809797b-a60d-4c6f-8d35-7b54ab1c7b33', '95d2fe34-f6da-48b7-a874-b9be85a57e98', 'Warehouse Worker', 'College Graduate', 'General Skill', 5, 18, 50, '23494', 'active', 3, true, false, 'Fishing', 'remote', false, 6, 'C', 'We are looking for a Warehouse Worker', 'General Santos City', 23494, 37135, 'monthly', 'Full-time');
INSERT INTO public.jobs (id, employer_id, position_title, minimum_education_required, main_skill_desired, years_of_experience_required, age_preference_min, age_preference_max, starting_salary, job_status, vacancies, is_active, archived, category, work_setup, featured, slots_remaining, employment_contract_type, description, location, salary_min, salary_max, salary_period, work_type) VALUES ('a4b9144b-eedf-45e9-885d-10b2e0f844e8', '2cc7f809-b926-4a50-b079-3d941b263b1b', 'Captain', 'College Graduate', 'General Skill', 3, 18, 50, '26154', 'active', 1, true, false, 'Agriculture', 'hybrid', false, 5, 'C', 'We are looking for a Captain', 'General Santos City', 26154, 32390, 'monthly', 'Full-time');
INSERT INTO public.jobs (id, employer_id, position_title, minimum_education_required, main_skill_desired, years_of_experience_required, age_preference_min, age_preference_max, starting_salary, job_status, vacancies, is_active, archived, category, work_setup, featured, slots_remaining, employment_contract_type, description, location, salary_min, salary_max, salary_period, work_type) VALUES ('c2c52d12-9b73-43e8-a249-7c2634788496', 'c4aeaad3-04a9-47e4-8fa9-faa7c93e30e1', 'Sales Representative', 'College Graduate', 'General Skill', 3, 18, 50, '20586', 'active', 1, true, false, 'Retail', 'hybrid', false, 7, 'T', 'We are looking for a Sales Representative', 'General Santos City', 20586, 34214, 'monthly', 'Full-time');
INSERT INTO public.jobs (id, employer_id, position_title, minimum_education_required, main_skill_desired, years_of_experience_required, age_preference_min, age_preference_max, starting_salary, job_status, vacancies, is_active, archived, category, work_setup, featured, slots_remaining, employment_contract_type, description, location, salary_min, salary_max, salary_period, work_type) VALUES ('f035bc7f-ebc3-4083-a9b5-ae1c258011c8', '564fa648-dcf3-4e33-9d52-fce395b0f63c', 'Tuna Grader', 'College Graduate', 'General Skill', 2, 18, 50, '16051', 'active', 9, true, false, 'Manufacturing', 'remote', false, 5, 'T', 'We are looking for a Tuna Grader', 'General Santos City', 16051, 22360, 'monthly', 'Full-time');
INSERT INTO public.jobs (id, employer_id, position_title, minimum_education_required, main_skill_desired, years_of_experience_required, age_preference_min, age_preference_max, starting_salary, job_status, vacancies, is_active, archived, category, work_setup, featured, slots_remaining, employment_contract_type, description, location, salary_min, salary_max, salary_period, work_type) VALUES ('02297df0-020b-4328-a24f-21312e3ff5ff', '5f95d4fb-3ce3-430f-80dc-cd8f5dea399f', 'Software Engineer', 'College Graduate', 'General Skill', 0, 18, 50, '11034', 'active', 6, true, false, 'Real Estate', 'hybrid', true, 8, 'P', 'We are looking for a Software Engineer', 'General Santos City', 11034, 24249, 'monthly', 'Full-time');
INSERT INTO public.jobs (id, employer_id, position_title, minimum_education_required, main_skill_desired, years_of_experience_required, age_preference_min, age_preference_max, starting_salary, job_status, vacancies, is_active, archived, category, work_setup, featured, slots_remaining, employment_contract_type, description, location, salary_min, salary_max, salary_period, work_type) VALUES ('c5f12db4-0c6c-43b7-8745-a92e659f569a', '9e79ed8a-05bf-42a5-bc67-c2dd70a18b5b', 'Plumber', 'College Graduate', 'General Skill', 1, 18, 50, '26074', 'active', 10, true, false, 'Healthcare', 'hybrid', false, 3, 'T', 'We are looking for a Plumber', 'General Santos City', 26074, 40326, 'monthly', 'Full-time');
INSERT INTO public.jobs (id, employer_id, position_title, minimum_education_required, main_skill_desired, years_of_experience_required, age_preference_min, age_preference_max, starting_salary, job_status, vacancies, is_active, archived, category, work_setup, featured, slots_remaining, employment_contract_type, description, location, salary_min, salary_max, salary_period, work_type) VALUES ('cf3a8613-7343-4a3e-92b4-dfbb17ecc1d6', '355d2636-60b8-4520-b4f9-4f512c37753b', 'Nurse', 'College Graduate', 'General Skill', 5, 18, 50, '26535', 'active', 7, true, false, 'Agriculture', 'remote', false, 9, 'C', 'We are looking for a Nurse', 'General Santos City', 26535, 31627, 'monthly', 'Full-time');
INSERT INTO public.jobs (id, employer_id, position_title, minimum_education_required, main_skill_desired, years_of_experience_required, age_preference_min, age_preference_max, starting_salary, job_status, vacancies, is_active, archived, category, work_setup, featured, slots_remaining, employment_contract_type, description, location, salary_min, salary_max, salary_period, work_type) VALUES ('778ef6d6-69d9-4efe-b103-660da41158f2', '5b263929-f408-4781-9d02-40e443807a41', 'Electrician', 'College Graduate', 'General Skill', 5, 18, 50, '27135', 'active', 10, true, false, 'Hospitality', 'onsite', false, 2, 'T', 'We are looking for a Electrician', 'General Santos City', 27135, 35606, 'monthly', 'Full-time');
INSERT INTO public.jobs (id, employer_id, position_title, minimum_education_required, main_skill_desired, years_of_experience_required, age_preference_min, age_preference_max, starting_salary, job_status, vacancies, is_active, archived, category, work_setup, featured, slots_remaining, employment_contract_type, description, location, salary_min, salary_max, salary_period, work_type) VALUES ('9e250737-d06c-412c-9d30-c70040b426de', 'd7d07c71-f6cd-450a-b9fc-41893c8d5bb6', 'Data Analyst', 'College Graduate', 'General Skill', 1, 18, 50, '29103', 'active', 8, true, false, 'Healthcare', 'onsite', false, 2, 'T', 'We are looking for a Data Analyst', 'General Santos City', 29103, 38939, 'monthly', 'Full-time');
INSERT INTO public.jobs (id, employer_id, position_title, minimum_education_required, main_skill_desired, years_of_experience_required, age_preference_min, age_preference_max, starting_salary, job_status, vacancies, is_active, archived, category, work_setup, featured, slots_remaining, employment_contract_type, description, location, salary_min, salary_max, salary_period, work_type) VALUES ('9ba117ad-754f-4efe-b7a1-46bc2ffe5aed', '355d2636-60b8-4520-b4f9-4f512c37753b', 'Software Engineer', 'College Graduate', 'General Skill', 4, 18, 50, '19714', 'active', 6, true, false, 'Logistics', 'remote', true, 6, 'C', 'We are looking for a Software Engineer', 'General Santos City', 19714, 25766, 'monthly', 'Full-time');
INSERT INTO public.jobs (id, employer_id, position_title, minimum_education_required, main_skill_desired, years_of_experience_required, age_preference_min, age_preference_max, starting_salary, job_status, vacancies, is_active, archived, category, work_setup, featured, slots_remaining, employment_contract_type, description, location, salary_min, salary_max, salary_period, work_type) VALUES ('37977e73-4651-4098-9d45-b7178ab98d55', '564fa648-dcf3-4e33-9d52-fce395b0f63c', 'Manager', 'College Graduate', 'General Skill', 2, 18, 50, '23882', 'active', 10, true, false, 'Healthcare', 'onsite', false, 10, 'T', 'We are looking for a Manager', 'General Santos City', 23882, 29829, 'monthly', 'Full-time');
INSERT INTO public.jobs (id, employer_id, position_title, minimum_education_required, main_skill_desired, years_of_experience_required, age_preference_min, age_preference_max, starting_salary, job_status, vacancies, is_active, archived, category, work_setup, featured, slots_remaining, employment_contract_type, description, location, salary_min, salary_max, salary_period, work_type) VALUES ('2c5cb79a-491a-495c-ace0-803e99057ba8', 'c4aeaad3-04a9-47e4-8fa9-faa7c93e30e1', 'Plumber', 'College Graduate', 'General Skill', 0, 18, 50, '28612', 'active', 10, true, false, 'Finance', 'onsite', false, 5, 'T', 'We are looking for a Plumber', 'General Santos City', 28612, 40255, 'monthly', 'Full-time');
INSERT INTO public.jobs (id, employer_id, position_title, minimum_education_required, main_skill_desired, years_of_experience_required, age_preference_min, age_preference_max, starting_salary, job_status, vacancies, is_active, archived, category, work_setup, featured, slots_remaining, employment_contract_type, description, location, salary_min, salary_max, salary_period, work_type) VALUES ('563da91a-84f9-44fc-b11c-0a995ca71f21', 'ed3ea696-16e3-4a6f-8010-08497ccf1850', 'Quality Control Inspector', 'College Graduate', 'General Skill', 2, 18, 50, '18371', 'active', 8, true, false, 'Real Estate', 'onsite', false, 5, 'P', 'We are looking for a Quality Control Inspector', 'General Santos City', 18371, 26929, 'monthly', 'Full-time');
INSERT INTO public.jobs (id, employer_id, position_title, minimum_education_required, main_skill_desired, years_of_experience_required, age_preference_min, age_preference_max, starting_salary, job_status, vacancies, is_active, archived, category, work_setup, featured, slots_remaining, employment_contract_type, description, location, salary_min, salary_max, salary_period, work_type) VALUES ('5aaecccd-f6aa-4cb4-a044-b22a0d8b3ebc', 'd570ebb2-6887-4f16-a553-af444f6e0716', 'Plumber', 'College Graduate', 'General Skill', 5, 18, 50, '15501', 'active', 10, true, false, 'Logistics', 'remote', false, 4, 'P', 'We are looking for a Plumber', 'General Santos City', 15501, 27230, 'monthly', 'Full-time');
INSERT INTO public.jobs (id, employer_id, position_title, minimum_education_required, main_skill_desired, years_of_experience_required, age_preference_min, age_preference_max, starting_salary, job_status, vacancies, is_active, archived, category, work_setup, featured, slots_remaining, employment_contract_type, description, location, salary_min, salary_max, salary_period, work_type) VALUES ('02aea889-dfd2-4727-b6a4-04a15aa8270b', '5b263929-f408-4781-9d02-40e443807a41', 'Sales Representative', 'College Graduate', 'General Skill', 5, 18, 50, '26165', 'active', 10, true, false, 'Finance', 'hybrid', false, 6, 'T', 'We are looking for a Sales Representative', 'General Santos City', 26165, 34304, 'monthly', 'Full-time');
INSERT INTO public.jobs (id, employer_id, position_title, minimum_education_required, main_skill_desired, years_of_experience_required, age_preference_min, age_preference_max, starting_salary, job_status, vacancies, is_active, archived, category, work_setup, featured, slots_remaining, employment_contract_type, description, location, salary_min, salary_max, salary_period, work_type) VALUES ('2889a727-c1d9-4caf-bae0-a8fcc5ea45de', '81faf441-69a5-4d45-9979-ddc15994cff9', 'Deckhand', 'College Graduate', 'General Skill', 1, 18, 50, '21698', 'active', 1, true, false, 'Logistics', 'hybrid', false, 4, 'C', 'We are looking for a Deckhand', 'General Santos City', 21698, 30136, 'monthly', 'Full-time');
INSERT INTO public.jobs (id, employer_id, position_title, minimum_education_required, main_skill_desired, years_of_experience_required, age_preference_min, age_preference_max, starting_salary, job_status, vacancies, is_active, archived, category, work_setup, featured, slots_remaining, employment_contract_type, description, location, salary_min, salary_max, salary_period, work_type) VALUES ('08da9bc9-b339-4d6b-99a0-8c3cc32dd270', '355d2636-60b8-4520-b4f9-4f512c37753b', 'Chef', 'College Graduate', 'General Skill', 4, 18, 50, '24229', 'active', 7, true, false, 'Real Estate', 'remote', false, 1, 'C', 'We are looking for a Chef', 'General Santos City', 24229, 33132, 'monthly', 'Full-time');
INSERT INTO public.jobs (id, employer_id, position_title, minimum_education_required, main_skill_desired, years_of_experience_required, age_preference_min, age_preference_max, starting_salary, job_status, vacancies, is_active, archived, category, work_setup, featured, slots_remaining, employment_contract_type, description, location, salary_min, salary_max, salary_period, work_type) VALUES ('c620787b-ee4d-47b9-98f0-145bc956ba8e', '81faf441-69a5-4d45-9979-ddc15994cff9', 'Captain', 'College Graduate', 'General Skill', 3, 18, 50, '20081', 'active', 3, true, false, 'Healthcare', 'onsite', false, 3, 'T', 'We are looking for a Captain', 'General Santos City', 20081, 30077, 'monthly', 'Full-time');
INSERT INTO public.jobs (id, employer_id, position_title, minimum_education_required, main_skill_desired, years_of_experience_required, age_preference_min, age_preference_max, starting_salary, job_status, vacancies, is_active, archived, category, work_setup, featured, slots_remaining, employment_contract_type, description, location, salary_min, salary_max, salary_period, work_type) VALUES ('c1a3d67c-fe16-40a0-8d08-129b46484e83', 'c4aeaad3-04a9-47e4-8fa9-faa7c93e30e1', 'Tuna Grader', 'College Graduate', 'General Skill', 5, 18, 50, '17062', 'active', 8, true, false, 'IT/BPO', 'remote', false, 2, 'C', 'We are looking for a Tuna Grader', 'General Santos City', 17062, 29255, 'monthly', 'Full-time');
INSERT INTO public.jobs (id, employer_id, position_title, minimum_education_required, main_skill_desired, years_of_experience_required, age_preference_min, age_preference_max, starting_salary, job_status, vacancies, is_active, archived, category, work_setup, featured, slots_remaining, employment_contract_type, description, location, salary_min, salary_max, salary_period, work_type) VALUES ('cb4bded1-0a02-44e6-a0af-5e782b9b0e76', '5ab88988-c8af-411d-b621-c99bf2f43a87', 'Mechanic', 'College Graduate', 'General Skill', 1, 18, 50, '19205', 'active', 7, true, false, 'Logistics', 'hybrid', false, 8, 'P', 'We are looking for a Mechanic', 'General Santos City', 19205, 34089, 'monthly', 'Full-time');
INSERT INTO public.jobs (id, employer_id, position_title, minimum_education_required, main_skill_desired, years_of_experience_required, age_preference_min, age_preference_max, starting_salary, job_status, vacancies, is_active, archived, category, work_setup, featured, slots_remaining, employment_contract_type, description, location, salary_min, salary_max, salary_period, work_type) VALUES ('8b46854d-400a-465d-b43e-a3ffe4031fe9', '242e8fd8-b898-4742-9d54-530e9c5f156d', 'Carpenter', 'College Graduate', 'General Skill', 2, 18, 50, '17082', 'active', 1, true, false, 'Agriculture', 'onsite', false, 4, 'T', 'We are looking for a Carpenter', 'General Santos City', 17082, 27591, 'monthly', 'Full-time');
INSERT INTO public.jobs (id, employer_id, position_title, minimum_education_required, main_skill_desired, years_of_experience_required, age_preference_min, age_preference_max, starting_salary, job_status, vacancies, is_active, archived, category, work_setup, featured, slots_remaining, employment_contract_type, description, location, salary_min, salary_max, salary_period, work_type) VALUES ('47d61c00-bf7e-41ae-9975-183c9804fa43', 'e4d594ea-058a-4df0-b5ff-0779125ee66a', 'Manager', 'College Graduate', 'General Skill', 5, 18, 50, '18412', 'active', 2, true, false, 'Construction', 'hybrid', false, 7, 'T', 'We are looking for a Manager', 'General Santos City', 18412, 24172, 'monthly', 'Full-time');
INSERT INTO public.jobs (id, employer_id, position_title, minimum_education_required, main_skill_desired, years_of_experience_required, age_preference_min, age_preference_max, starting_salary, job_status, vacancies, is_active, archived, category, work_setup, featured, slots_remaining, employment_contract_type, description, location, salary_min, salary_max, salary_period, work_type) VALUES ('e2ed0186-21f9-4756-a7d5-f907fa072943', '3fb832c3-6ba9-438b-badb-642c899fd245', 'Carpenter', 'College Graduate', 'General Skill', 0, 18, 50, '29314', 'active', 1, true, false, 'Agriculture', 'onsite', false, 2, 'P', 'We are looking for a Carpenter', 'General Santos City', 29314, 36525, 'monthly', 'Full-time');
INSERT INTO public.jobs (id, employer_id, position_title, minimum_education_required, main_skill_desired, years_of_experience_required, age_preference_min, age_preference_max, starting_salary, job_status, vacancies, is_active, archived, category, work_setup, featured, slots_remaining, employment_contract_type, description, location, salary_min, salary_max, salary_period, work_type) VALUES ('8dd8572d-4c7b-44c4-82b5-edc28709e349', '3fb832c3-6ba9-438b-badb-642c899fd245', 'Mechanic', 'College Graduate', 'General Skill', 2, 18, 50, '19507', 'active', 5, true, false, 'Education', 'onsite', false, 6, 'T', 'We are looking for a Mechanic', 'General Santos City', 19507, 29920, 'monthly', 'Full-time');
INSERT INTO public.jobs (id, employer_id, position_title, minimum_education_required, main_skill_desired, years_of_experience_required, age_preference_min, age_preference_max, starting_salary, job_status, vacancies, is_active, archived, category, work_setup, featured, slots_remaining, employment_contract_type, description, location, salary_min, salary_max, salary_period, work_type) VALUES ('843ee0b9-8696-4cfa-b4a2-fdbaa7e4ad78', 'e4d594ea-058a-4df0-b5ff-0779125ee66a', 'Accountant', 'College Graduate', 'General Skill', 0, 18, 50, '19216', 'active', 2, true, false, 'Education', 'hybrid', false, 5, 'P', 'We are looking for a Accountant', 'General Santos City', 19216, 32880, 'monthly', 'Full-time');
INSERT INTO public.jobs (id, employer_id, position_title, minimum_education_required, main_skill_desired, years_of_experience_required, age_preference_min, age_preference_max, starting_salary, job_status, vacancies, is_active, archived, category, work_setup, featured, slots_remaining, employment_contract_type, description, location, salary_min, salary_max, salary_period, work_type) VALUES ('dd8331da-01d3-414f-9462-6037c104cc64', '9e79ed8a-05bf-42a5-bc67-c2dd70a18b5b', 'Plumber', 'College Graduate', 'General Skill', 1, 18, 50, '19300', 'active', 8, true, false, 'Fishing', 'hybrid', false, 5, 'T', 'We are looking for a Plumber', 'General Santos City', 19300, 29162, 'monthly', 'Full-time');
INSERT INTO public.jobs (id, employer_id, position_title, minimum_education_required, main_skill_desired, years_of_experience_required, age_preference_min, age_preference_max, starting_salary, job_status, vacancies, is_active, archived, category, work_setup, featured, slots_remaining, employment_contract_type, description, location, salary_min, salary_max, salary_period, work_type) VALUES ('4fec3448-b212-4353-80f4-aaadb7f51eb0', '5ab88988-c8af-411d-b621-c99bf2f43a87', 'Driver', 'College Graduate', 'General Skill', 5, 18, 50, '11405', 'active', 8, true, false, 'Real Estate', 'remote', false, 10, 'T', 'We are looking for a Driver', 'General Santos City', 11405, 23570, 'monthly', 'Full-time');
INSERT INTO public.jobs (id, employer_id, position_title, minimum_education_required, main_skill_desired, years_of_experience_required, age_preference_min, age_preference_max, starting_salary, job_status, vacancies, is_active, archived, category, work_setup, featured, slots_remaining, employment_contract_type, description, location, salary_min, salary_max, salary_period, work_type) VALUES ('ba43ac9d-63bf-4472-84e1-6bde761a097b', 'e4d594ea-058a-4df0-b5ff-0779125ee66a', 'Fishery Worker', 'College Graduate', 'General Skill', 1, 18, 50, '26249', 'active', 6, true, false, 'Fishing', 'onsite', true, 8, 'P', 'We are looking for a Fishery Worker', 'General Santos City', 26249, 37318, 'monthly', 'Full-time');
INSERT INTO public.jobs (id, employer_id, position_title, minimum_education_required, main_skill_desired, years_of_experience_required, age_preference_min, age_preference_max, starting_salary, job_status, vacancies, is_active, archived, category, work_setup, featured, slots_remaining, employment_contract_type, description, location, salary_min, salary_max, salary_period, work_type) VALUES ('028cfc41-685b-4317-a53f-e112721cefab', 'e4d594ea-058a-4df0-b5ff-0779125ee66a', 'Marketing Specialist', 'College Graduate', 'General Skill', 1, 18, 50, '24292', 'active', 6, true, false, 'Construction', 'onsite', false, 1, 'T', 'We are looking for a Marketing Specialist', 'General Santos City', 24292, 35682, 'monthly', 'Full-time');
INSERT INTO public.jobs (id, employer_id, position_title, minimum_education_required, main_skill_desired, years_of_experience_required, age_preference_min, age_preference_max, starting_salary, job_status, vacancies, is_active, archived, category, work_setup, featured, slots_remaining, employment_contract_type, description, location, salary_min, salary_max, salary_period, work_type) VALUES ('ef06a4e4-f4c3-4e40-9760-d0cc151f40f9', 'c4aeaad3-04a9-47e4-8fa9-faa7c93e30e1', 'Sales Representative', 'College Graduate', 'General Skill', 1, 18, 50, '17860', 'active', 2, true, false, 'Real Estate', 'onsite', false, 5, 'T', 'We are looking for a Sales Representative', 'General Santos City', 17860, 32524, 'monthly', 'Full-time');
INSERT INTO public.jobs (id, employer_id, position_title, minimum_education_required, main_skill_desired, years_of_experience_required, age_preference_min, age_preference_max, starting_salary, job_status, vacancies, is_active, archived, category, work_setup, featured, slots_remaining, employment_contract_type, description, location, salary_min, salary_max, salary_period, work_type) VALUES ('bc235137-b019-4cc4-bf24-cbfb48c7b94a', '5f95d4fb-3ce3-430f-80dc-cd8f5dea399f', 'Manager', 'College Graduate', 'General Skill', 4, 18, 50, '19797', 'active', 6, true, false, 'Agriculture', 'remote', false, 10, 'C', 'We are looking for a Manager', 'General Santos City', 19797, 34256, 'monthly', 'Full-time');
INSERT INTO public.jobs (id, employer_id, position_title, minimum_education_required, main_skill_desired, years_of_experience_required, age_preference_min, age_preference_max, starting_salary, job_status, vacancies, is_active, archived, category, work_setup, featured, slots_remaining, employment_contract_type, description, location, salary_min, salary_max, salary_period, work_type) VALUES ('c2eb3c52-105b-4f4a-80d8-6349d063f19c', '4a38d706-a152-422a-a7d2-be2e253ef67e', 'Cashier', 'College Graduate', 'General Skill', 4, 18, 50, '10636', 'active', 9, true, false, 'Logistics', 'onsite', true, 5, 'P', 'We are looking for a Cashier', 'General Santos City', 10636, 18649, 'monthly', 'Full-time');
INSERT INTO public.jobs (id, employer_id, position_title, minimum_education_required, main_skill_desired, years_of_experience_required, age_preference_min, age_preference_max, starting_salary, job_status, vacancies, is_active, archived, category, work_setup, featured, slots_remaining, employment_contract_type, description, location, salary_min, salary_max, salary_period, work_type) VALUES ('7d6965ee-773d-4693-9d22-5c6219ccaf27', '20b9acb8-9251-43fb-af0b-db288e6ea7e4', 'Security Guard', 'College Graduate', 'General Skill', 2, 18, 50, '29773', 'active', 4, true, false, 'Education', 'remote', false, 6, 'T', 'We are looking for a Security Guard', 'General Santos City', 29773, 40998, 'monthly', 'Full-time');
INSERT INTO public.jobs (id, employer_id, position_title, minimum_education_required, main_skill_desired, years_of_experience_required, age_preference_min, age_preference_max, starting_salary, job_status, vacancies, is_active, archived, category, work_setup, featured, slots_remaining, employment_contract_type, description, location, salary_min, salary_max, salary_period, work_type) VALUES ('4539f5a5-182d-4c4a-87d3-27b7df2fa36b', 'd7d07c71-f6cd-450a-b9fc-41893c8d5bb6', 'Administrative Assistant', 'College Graduate', 'General Skill', 2, 18, 50, '18940', 'active', 9, true, false, 'Healthcare', 'onsite', true, 9, 'C', 'We are looking for a Administrative Assistant', 'General Santos City', 18940, 33568, 'monthly', 'Full-time');
INSERT INTO public.jobs (id, employer_id, position_title, minimum_education_required, main_skill_desired, years_of_experience_required, age_preference_min, age_preference_max, starting_salary, job_status, vacancies, is_active, archived, category, work_setup, featured, slots_remaining, employment_contract_type, description, location, salary_min, salary_max, salary_period, work_type) VALUES ('a573d8b4-ad2f-4ad5-b5d4-5d5e27bb6745', 'f6e02e07-f7b0-4984-8cef-e2dcde47801d', 'Nurse', 'College Graduate', 'General Skill', 0, 18, 50, '24228', 'active', 8, true, false, 'Fishing', 'onsite', false, 6, 'P', 'We are looking for a Nurse', 'General Santos City', 24228, 34495, 'monthly', 'Full-time');

-- Inserting Jobseekers
INSERT INTO public.jobseekers (id, email, first_name, last_name, birth_date, gender, civil_status, is_pwd, phone, barangay, city, province, employment_status, is_active, job_seeking_status, profile_complete, profile_completeness, work_setup_preference, expected_salary_min, preferred_occupation_1, preferred_occupation_2, preferred_work_location_local_1, preferred_work_location_local_2, preference_full_time, preference_part_time) VALUES ('cb849435-673c-401f-9417-c8da433f41db', 'jobseeker0@example.com', 'Alejandro', 'Gomez', '1990-01-01', 'Male', 'Single', false, '09291268782', 'Lagao', 'General Santos City', 'South Cotabato', 'Unemployed', true, 'not_looking', true, 100, 'hybrid', 20120, 'Electrician', 'Deckhand', 'Mabuhay, General Santos City', 'Baluan, General Santos City', true, false);
INSERT INTO public.jobseeker_education (id, jobseeker_id, currently_in_school, level, course, year_graduated, school_name) VALUES ('0be3708e-2354-42e4-82ab-c762c08bbe7a', 'cb849435-673c-401f-9417-c8da433f41db', false, 'College Graduate', 'BS IT', '2018', 'Mindanao State University');
INSERT INTO public.jobseeker_education (id, jobseeker_id, currently_in_school, level, course, year_graduated, school_name) VALUES ('faf86132-38d4-4be2-b9a9-90e1a30cd004', 'cb849435-673c-401f-9417-c8da433f41db', false, 'College Graduate', 'BS Engineering', '2016', 'Mindanao State University');
INSERT INTO public.jobseeker_education (id, jobseeker_id, currently_in_school, level, course, year_graduated, school_name) VALUES ('2907305b-2050-4390-804f-3a51e88e4938', 'cb849435-673c-401f-9417-c8da433f41db', false, 'College Graduate', 'BS Nursing', '2019', 'Mindanao State University');
INSERT INTO public.jobseeker_education (id, jobseeker_id, currently_in_school, level, course, year_graduated, school_name) VALUES ('437bf118-019b-4b11-8b8d-29dae849ba30', 'cb849435-673c-401f-9417-c8da433f41db', false, 'College Graduate', 'BS Education', '2021', 'Mindanao State University');
INSERT INTO public.jobseeker_education (id, jobseeker_id, currently_in_school, level, course, year_graduated, school_name) VALUES ('349446b8-084d-4deb-8eb5-e326ef60a54a', 'cb849435-673c-401f-9417-c8da433f41db', false, 'College Graduate', 'BS Business Administration', '2020', 'Mindanao State University');
INSERT INTO public.jobseeker_experience (id, jobseeker_id, company_name, position, number_of_months, status) VALUES ('77923956-8e2c-4315-b84c-f17809ef1180', 'cb849435-673c-401f-9417-c8da433f41db', 'Torres Corp', 'Chef', 55, 'Completed');
INSERT INTO public.jobseeker_experience (id, jobseeker_id, company_name, position, number_of_months, status) VALUES ('4aede4a6-f96b-4cef-bef2-d27ffccb4d54', 'cb849435-673c-401f-9417-c8da433f41db', 'Alonso Corp', 'Janitor', 24, 'Completed');
INSERT INTO public.jobseeker_trainings (id, jobseeker_id, course, hours_of_training, training_institution) VALUES ('b4ddc45b-187a-4ebf-812f-87ee66886de5', 'cb849435-673c-401f-9417-c8da433f41db', 'TESDA NC II', 113, 'TESDA Gensan');
INSERT INTO public.jobseeker_trainings (id, jobseeker_id, course, hours_of_training, training_institution) VALUES ('014bd796-e028-4aa0-a62e-ef4e8175a8c5', 'cb849435-673c-401f-9417-c8da433f41db', 'Leadership Training', 79, 'TESDA Gensan');
INSERT INTO public.jobseekers (id, email, first_name, last_name, birth_date, gender, civil_status, is_pwd, phone, barangay, city, province, employment_status, is_active, job_seeking_status, profile_complete, profile_completeness, work_setup_preference, expected_salary_min, preferred_occupation_1, preferred_occupation_2, preferred_work_location_local_1, preferred_work_location_local_2, preference_full_time, preference_part_time) VALUES ('4434ccfe-e163-4d41-bed2-68a3cb3f713d', 'jobseeker1@example.com', 'Daniel', 'Gutierrez', '1990-01-01', 'Male', 'Single', false, '09595179314', 'Dadiangas North', 'General Santos City', 'South Cotabato', 'Unemployed', true, 'actively_looking', true, 100, 'any', 19052, 'Receptionist', 'Deckhand', 'Tinagacan, General Santos City', 'Mabuhay, General Santos City', true, false);
INSERT INTO public.jobseeker_education (id, jobseeker_id, currently_in_school, level, course, year_graduated, school_name) VALUES ('04941350-1090-4c3f-8cbe-2c7a655871e5', '4434ccfe-e163-4d41-bed2-68a3cb3f713d', false, 'College Graduate', 'BS Business Administration', '2017', 'Mindanao State University');
INSERT INTO public.jobseeker_education (id, jobseeker_id, currently_in_school, level, course, year_graduated, school_name) VALUES ('fa956b3f-9a0c-417b-88f2-ceb113b43592', '4434ccfe-e163-4d41-bed2-68a3cb3f713d', false, 'College Graduate', 'BS Education', '2016', 'Mindanao State University');
INSERT INTO public.jobseeker_education (id, jobseeker_id, currently_in_school, level, course, year_graduated, school_name) VALUES ('c89bfbcf-159c-4477-840f-62c52fb2f490', '4434ccfe-e163-4d41-bed2-68a3cb3f713d', false, 'College Graduate', 'BS Business Administration', '2017', 'Mindanao State University');
INSERT INTO public.jobseeker_education (id, jobseeker_id, currently_in_school, level, course, year_graduated, school_name) VALUES ('bac92b84-e8e8-4c20-96cc-2c2cc88fb278', '4434ccfe-e163-4d41-bed2-68a3cb3f713d', false, 'College Graduate', 'BS Engineering', '2012', 'Mindanao State University');
INSERT INTO public.jobseeker_education (id, jobseeker_id, currently_in_school, level, course, year_graduated, school_name) VALUES ('6619fd21-d166-4867-a8a9-30df95a901a3', '4434ccfe-e163-4d41-bed2-68a3cb3f713d', false, 'College Graduate', 'BS Education', '2022', 'Mindanao State University');
INSERT INTO public.jobseeker_experience (id, jobseeker_id, company_name, position, number_of_months, status) VALUES ('e2a78812-eb3c-4630-ac45-e93198b82893', '4434ccfe-e163-4d41-bed2-68a3cb3f713d', 'Gutierrez Corp', 'Receptionist', 47, 'Completed');
INSERT INTO public.jobseeker_experience (id, jobseeker_id, company_name, position, number_of_months, status) VALUES ('97ebe412-85c7-429b-ae1e-357986cce1b0', '4434ccfe-e163-4d41-bed2-68a3cb3f713d', 'Munoz Corp', 'Teacher', 24, 'Completed');
INSERT INTO public.jobseeker_experience (id, jobseeker_id, company_name, position, number_of_months, status) VALUES ('8a9e9c7b-9ac0-4d6e-878b-293c68807bf0', '4434ccfe-e163-4d41-bed2-68a3cb3f713d', 'Munoz Corp', 'Tuna Grader', 18, 'Completed');
INSERT INTO public.jobseeker_trainings (id, jobseeker_id, course, hours_of_training, training_institution) VALUES ('9a51b7ae-0d06-49f5-864f-df23c3be021d', '4434ccfe-e163-4d41-bed2-68a3cb3f713d', 'Leadership Training', 34, 'TESDA Gensan');
INSERT INTO public.jobseeker_trainings (id, jobseeker_id, course, hours_of_training, training_institution) VALUES ('9e0937fd-ae46-41e9-9ea4-cd757e6c0a1b', '4434ccfe-e163-4d41-bed2-68a3cb3f713d', 'TESDA NC II', 33, 'TESDA Gensan');
INSERT INTO public.jobseeker_trainings (id, jobseeker_id, course, hours_of_training, training_institution) VALUES ('017485b0-352d-4f18-a44d-61814fd88c16', '4434ccfe-e163-4d41-bed2-68a3cb3f713d', 'Leadership Training', 79, 'TESDA Gensan');
INSERT INTO public.jobseekers (id, email, first_name, last_name, birth_date, gender, civil_status, is_pwd, phone, barangay, city, province, employment_status, is_active, job_seeking_status, profile_complete, profile_completeness, work_setup_preference, expected_salary_min, preferred_occupation_1, preferred_occupation_2, preferred_work_location_local_1, preferred_work_location_local_2, preference_full_time, preference_part_time) VALUES ('77ed1e30-dacf-4eb9-ac27-ce1a5b43142b', 'jobseeker2@example.com', 'Sara', 'Serrano', '1990-01-01', 'Female', 'Single', false, '09709885259', 'Siguel', 'General Santos City', 'South Cotabato', 'Unemployed', true, 'not_looking', true, 100, 'onsite', 21990, 'Fishery Worker', 'Fishery Worker', 'Dadiangas East, General Santos City', 'Katangawan, General Santos City', true, false);
INSERT INTO public.jobseeker_education (id, jobseeker_id, currently_in_school, level, course, year_graduated, school_name) VALUES ('c49c3943-ab89-4454-9d0f-b7c8549c5743', '77ed1e30-dacf-4eb9-ac27-ce1a5b43142b', false, 'College Graduate', 'BS IT', '2022', 'Mindanao State University');
INSERT INTO public.jobseeker_education (id, jobseeker_id, currently_in_school, level, course, year_graduated, school_name) VALUES ('c6e7d972-7618-4f9b-a990-ad10d440416a', '77ed1e30-dacf-4eb9-ac27-ce1a5b43142b', false, 'College Graduate', 'BS Nursing', '2016', 'Mindanao State University');
INSERT INTO public.jobseeker_education (id, jobseeker_id, currently_in_school, level, course, year_graduated, school_name) VALUES ('7a0fb76b-c6d1-47b9-be28-bf4803560ca1', '77ed1e30-dacf-4eb9-ac27-ce1a5b43142b', false, 'College Graduate', 'BS IT', '2016', 'Mindanao State University');
INSERT INTO public.jobseeker_education (id, jobseeker_id, currently_in_school, level, course, year_graduated, school_name) VALUES ('d43f1156-2154-46b3-83b2-5d16901b2702', '77ed1e30-dacf-4eb9-ac27-ce1a5b43142b', false, 'College Graduate', 'BS IT', '2018', 'Mindanao State University');
INSERT INTO public.jobseeker_education (id, jobseeker_id, currently_in_school, level, course, year_graduated, school_name) VALUES ('82a612c2-9dc2-49b0-adea-355ad7c4aaa1', '77ed1e30-dacf-4eb9-ac27-ce1a5b43142b', false, 'College Graduate', 'BS Nursing', '2013', 'Mindanao State University');
INSERT INTO public.jobseeker_experience (id, jobseeker_id, company_name, position, number_of_months, status) VALUES ('8b88cf50-7cdd-41f7-9d19-6aa9a885deec', '77ed1e30-dacf-4eb9-ac27-ce1a5b43142b', 'Diaz Corp', 'Warehouse Worker', 48, 'Completed');
INSERT INTO public.jobseeker_experience (id, jobseeker_id, company_name, position, number_of_months, status) VALUES ('db863940-8811-4f15-a09f-c3ea0f7de8b8', '77ed1e30-dacf-4eb9-ac27-ce1a5b43142b', 'Navarro Corp', 'Cashier', 54, 'Completed');
INSERT INTO public.jobseeker_experience (id, jobseeker_id, company_name, position, number_of_months, status) VALUES ('6b7bb487-e270-4304-b7bb-8aeaca82bf36', '77ed1e30-dacf-4eb9-ac27-ce1a5b43142b', 'Ramirez Corp', 'Deckhand', 46, 'Completed');
INSERT INTO public.jobseeker_experience (id, jobseeker_id, company_name, position, number_of_months, status) VALUES ('56f52852-ff42-404b-932f-6cfa1466a3f2', '77ed1e30-dacf-4eb9-ac27-ce1a5b43142b', 'Martin Corp', 'Plumber', 24, 'Completed');
INSERT INTO public.jobseeker_experience (id, jobseeker_id, company_name, position, number_of_months, status) VALUES ('571ba473-5b61-41f1-8711-85f3f7305d52', '77ed1e30-dacf-4eb9-ac27-ce1a5b43142b', 'Gutierrez Corp', 'Warehouse Worker', 16, 'Completed');
INSERT INTO public.jobseeker_trainings (id, jobseeker_id, course, hours_of_training, training_institution) VALUES ('fbbde88b-8980-4ae6-ac95-f3a500c5f868', '77ed1e30-dacf-4eb9-ac27-ce1a5b43142b', 'Web Development', 120, 'TESDA Gensan');
INSERT INTO public.jobseeker_trainings (id, jobseeker_id, course, hours_of_training, training_institution) VALUES ('6cf7e7dc-5776-4acf-b6ca-40bff45a3148', '77ed1e30-dacf-4eb9-ac27-ce1a5b43142b', 'TESDA NC II', 112, 'TESDA Gensan');
INSERT INTO public.jobseekers (id, email, first_name, last_name, birth_date, gender, civil_status, is_pwd, phone, barangay, city, province, employment_status, is_active, job_seeking_status, profile_complete, profile_completeness, work_setup_preference, expected_salary_min, preferred_occupation_1, preferred_occupation_2, preferred_work_location_local_1, preferred_work_location_local_2, preference_full_time, preference_part_time) VALUES ('f0ad239b-eb97-4466-a219-9a8c3929c146', 'jobseeker3@example.com', 'Ana', 'Sanchez', '1990-01-01', 'Female', 'Single', false, '09227331598', 'Katangawan', 'General Santos City', 'South Cotabato', 'Unemployed', true, 'open', true, 100, 'hybrid', 20121, 'Receptionist', 'Chef', 'Batomelong, General Santos City', 'City Heights, General Santos City', true, false);
INSERT INTO public.jobseeker_education (id, jobseeker_id, currently_in_school, level, course, year_graduated, school_name) VALUES ('b6a306c4-66c6-4c1e-9146-d685a803b776', 'f0ad239b-eb97-4466-a219-9a8c3929c146', false, 'College Graduate', 'BS IT', '2014', 'Mindanao State University');
INSERT INTO public.jobseeker_education (id, jobseeker_id, currently_in_school, level, course, year_graduated, school_name) VALUES ('a5c79570-0a6e-45d4-8f13-b30a7d930928', 'f0ad239b-eb97-4466-a219-9a8c3929c146', false, 'College Graduate', 'BS Business Administration', '2017', 'Mindanao State University');
INSERT INTO public.jobseeker_education (id, jobseeker_id, currently_in_school, level, course, year_graduated, school_name) VALUES ('b530ee60-214a-45d0-b8da-8efb1cb14d13', 'f0ad239b-eb97-4466-a219-9a8c3929c146', false, 'College Graduate', 'BS Business Administration', '2018', 'Mindanao State University');
INSERT INTO public.jobseeker_education (id, jobseeker_id, currently_in_school, level, course, year_graduated, school_name) VALUES ('78859418-8c28-4fd8-89be-edc223d4476b', 'f0ad239b-eb97-4466-a219-9a8c3929c146', false, 'College Graduate', 'BS Education', '2013', 'Mindanao State University');
INSERT INTO public.jobseeker_experience (id, jobseeker_id, company_name, position, number_of_months, status) VALUES ('ee43b132-a5d2-49d2-9725-b95c5e76eb39', 'f0ad239b-eb97-4466-a219-9a8c3929c146', 'Gutierrez Corp', 'Fishery Worker', 8, 'Completed');
INSERT INTO public.jobseeker_experience (id, jobseeker_id, company_name, position, number_of_months, status) VALUES ('7bcd1a58-4fee-4052-8bb2-aaa47c97c0ed', 'f0ad239b-eb97-4466-a219-9a8c3929c146', 'Fernandez Corp', 'Chef', 8, 'Completed');
INSERT INTO public.jobseeker_experience (id, jobseeker_id, company_name, position, number_of_months, status) VALUES ('30847c19-57cd-4c0e-8ee0-314292ca3ea9', 'f0ad239b-eb97-4466-a219-9a8c3929c146', 'Ruiz Corp', 'Software Engineer', 8, 'Completed');
INSERT INTO public.jobseeker_trainings (id, jobseeker_id, course, hours_of_training, training_institution) VALUES ('b8dad894-688e-4f1f-8a29-8cba56d51992', 'f0ad239b-eb97-4466-a219-9a8c3929c146', 'First Aid', 108, 'TESDA Gensan');
INSERT INTO public.jobseekers (id, email, first_name, last_name, birth_date, gender, civil_status, is_pwd, phone, barangay, city, province, employment_status, is_active, job_seeking_status, profile_complete, profile_completeness, work_setup_preference, expected_salary_min, preferred_occupation_1, preferred_occupation_2, preferred_work_location_local_1, preferred_work_location_local_2, preference_full_time, preference_part_time) VALUES ('cc867a1a-95f7-4f87-b2e1-c183586d839f', 'jobseeker4@example.com', 'Maria', 'Rodriguez', '1990-01-01', 'Female', 'Single', false, '09505897977', 'Lagao', 'General Santos City', 'South Cotabato', 'Unemployed', true, 'actively_looking', true, 100, 'any', 16373, 'Electrician', 'Marketing Specialist', 'Upper Labay, General Santos City', 'Sinawal, General Santos City', true, false);
INSERT INTO public.jobseeker_education (id, jobseeker_id, currently_in_school, level, course, year_graduated, school_name) VALUES ('1ca48031-8bb4-4f5b-a57d-52469bd10309', 'cc867a1a-95f7-4f87-b2e1-c183586d839f', false, 'College Graduate', 'BS Engineering', '2020', 'Mindanao State University');
INSERT INTO public.jobseeker_education (id, jobseeker_id, currently_in_school, level, course, year_graduated, school_name) VALUES ('95ca7c66-fa05-4a91-85f1-a2bbc77fccea', 'cc867a1a-95f7-4f87-b2e1-c183586d839f', false, 'College Graduate', 'BS Nursing', '2013', 'Mindanao State University');
INSERT INTO public.jobseeker_education (id, jobseeker_id, currently_in_school, level, course, year_graduated, school_name) VALUES ('f09b951f-7137-403f-b0b5-b69c4d7c3314', 'cc867a1a-95f7-4f87-b2e1-c183586d839f', false, 'College Graduate', 'BS Nursing', '2011', 'Mindanao State University');
INSERT INTO public.jobseeker_experience (id, jobseeker_id, company_name, position, number_of_months, status) VALUES ('78407c02-ff7c-4e1c-beaa-871c48387713', 'cc867a1a-95f7-4f87-b2e1-c183586d839f', 'Moreno Corp', 'Manager', 42, 'Completed');
INSERT INTO public.jobseeker_experience (id, jobseeker_id, company_name, position, number_of_months, status) VALUES ('4192db53-c09c-4e9f-9d99-9eaf9dace90b', 'cc867a1a-95f7-4f87-b2e1-c183586d839f', 'Vazquez Corp', 'Customer Service Representative', 31, 'Completed');
INSERT INTO public.jobseeker_experience (id, jobseeker_id, company_name, position, number_of_months, status) VALUES ('f7bf12bd-3733-4181-a87e-253e784cac4e', 'cc867a1a-95f7-4f87-b2e1-c183586d839f', 'Ramos Corp', 'Nurse', 40, 'Completed');
INSERT INTO public.jobseeker_experience (id, jobseeker_id, company_name, position, number_of_months, status) VALUES ('31b7809c-77d2-4010-91c7-f802cf9ce31d', 'cc867a1a-95f7-4f87-b2e1-c183586d839f', 'Munoz Corp', 'Sales Representative', 48, 'Completed');
INSERT INTO public.jobseeker_experience (id, jobseeker_id, company_name, position, number_of_months, status) VALUES ('26601262-a203-4bcf-8c68-7ee88e3c4883', 'cc867a1a-95f7-4f87-b2e1-c183586d839f', 'Garcia Corp', 'Accountant', 13, 'Completed');
INSERT INTO public.jobseeker_trainings (id, jobseeker_id, course, hours_of_training, training_institution) VALUES ('2b74e68e-4108-4f7a-a155-cfebb34cb090', 'cc867a1a-95f7-4f87-b2e1-c183586d839f', 'First Aid', 36, 'TESDA Gensan');
INSERT INTO public.jobseeker_trainings (id, jobseeker_id, course, hours_of_training, training_institution) VALUES ('bd22a59c-03cd-4ec2-92d6-23651032a861', 'cc867a1a-95f7-4f87-b2e1-c183586d839f', 'Leadership Training', 52, 'TESDA Gensan');
INSERT INTO public.jobseeker_trainings (id, jobseeker_id, course, hours_of_training, training_institution) VALUES ('1b65c532-beb6-41b6-9e52-c32d333d4e91', 'cc867a1a-95f7-4f87-b2e1-c183586d839f', 'Leadership Training', 32, 'TESDA Gensan');
INSERT INTO public.jobseekers (id, email, first_name, last_name, birth_date, gender, civil_status, is_pwd, phone, barangay, city, province, employment_status, is_active, job_seeking_status, profile_complete, profile_completeness, work_setup_preference, expected_salary_min, preferred_occupation_1, preferred_occupation_2, preferred_work_location_local_1, preferred_work_location_local_2, preference_full_time, preference_part_time) VALUES ('a4526675-6775-4259-88c7-325caba46b9b', 'jobseeker5@example.com', 'Maria', 'Gutierrez', '1990-01-01', 'Male', 'Single', false, '09274984234', 'San Jose', 'General Santos City', 'South Cotabato', 'Unemployed', true, 'not_looking', true, 100, 'onsite', 21462, 'Fishery Worker', 'Carpenter', 'Mabuhay, General Santos City', 'Dadiangas North, General Santos City', true, false);
INSERT INTO public.jobseeker_education (id, jobseeker_id, currently_in_school, level, course, year_graduated, school_name) VALUES ('7842ec5b-a4be-4bc4-b871-00ab8c167df1', 'a4526675-6775-4259-88c7-325caba46b9b', false, 'College Graduate', 'BS Business Administration', '2020', 'Mindanao State University');
INSERT INTO public.jobseeker_education (id, jobseeker_id, currently_in_school, level, course, year_graduated, school_name) VALUES ('0effd120-b64e-4ac9-819a-5f18d331631f', 'a4526675-6775-4259-88c7-325caba46b9b', false, 'College Graduate', 'BS Education', '2016', 'Mindanao State University');
INSERT INTO public.jobseeker_education (id, jobseeker_id, currently_in_school, level, course, year_graduated, school_name) VALUES ('b0ee71f4-5c9c-435c-b9fc-4db172c6301b', 'a4526675-6775-4259-88c7-325caba46b9b', false, 'College Graduate', 'BS Business Administration', '2017', 'Mindanao State University');
INSERT INTO public.jobseeker_education (id, jobseeker_id, currently_in_school, level, course, year_graduated, school_name) VALUES ('c261dc93-6078-45cc-ad15-dbfd50157ff1', 'a4526675-6775-4259-88c7-325caba46b9b', false, 'College Graduate', 'BS Engineering', '2020', 'Mindanao State University');
INSERT INTO public.jobseeker_education (id, jobseeker_id, currently_in_school, level, course, year_graduated, school_name) VALUES ('ab89807e-6756-4066-adf5-9eaed32a0fe5', 'a4526675-6775-4259-88c7-325caba46b9b', false, 'College Graduate', 'BS Nursing', '2011', 'Mindanao State University');
INSERT INTO public.jobseeker_experience (id, jobseeker_id, company_name, position, number_of_months, status) VALUES ('f09d007c-dfec-4396-ac49-2e46cd6abec1', 'a4526675-6775-4259-88c7-325caba46b9b', 'Navarro Corp', 'Fishery Worker', 33, 'Completed');
INSERT INTO public.jobseeker_experience (id, jobseeker_id, company_name, position, number_of_months, status) VALUES ('e4926606-6bb1-46be-92c5-938f6c34ca0a', 'a4526675-6775-4259-88c7-325caba46b9b', 'Vazquez Corp', 'Captain', 7, 'Completed');
INSERT INTO public.jobseeker_experience (id, jobseeker_id, company_name, position, number_of_months, status) VALUES ('f6b1cd6a-aa29-4511-abe5-8ec5309bd582', 'a4526675-6775-4259-88c7-325caba46b9b', 'Munoz Corp', 'Customer Service Representative', 57, 'Completed');
INSERT INTO public.jobseeker_experience (id, jobseeker_id, company_name, position, number_of_months, status) VALUES ('d082e66d-4579-41c7-9efe-897a56811df8', 'a4526675-6775-4259-88c7-325caba46b9b', 'Gil Corp', 'Cashier', 47, 'Completed');
INSERT INTO public.jobseeker_trainings (id, jobseeker_id, course, hours_of_training, training_institution) VALUES ('174ef519-1276-4298-8624-3308cb1d5b8e', 'a4526675-6775-4259-88c7-325caba46b9b', 'First Aid', 111, 'TESDA Gensan');
INSERT INTO public.jobseeker_trainings (id, jobseeker_id, course, hours_of_training, training_institution) VALUES ('fcf34945-8e5d-4b25-83d4-62c62ccf0ef9', 'a4526675-6775-4259-88c7-325caba46b9b', 'First Aid', 118, 'TESDA Gensan');
INSERT INTO public.jobseekers (id, email, first_name, last_name, birth_date, gender, civil_status, is_pwd, phone, barangay, city, province, employment_status, is_active, job_seeking_status, profile_complete, profile_completeness, work_setup_preference, expected_salary_min, preferred_occupation_1, preferred_occupation_2, preferred_work_location_local_1, preferred_work_location_local_2, preference_full_time, preference_part_time) VALUES ('7d9dd0e5-6944-40fb-bb72-6165025e7206', 'jobseeker6@example.com', 'David', 'Munoz', '1990-01-01', 'Male', 'Single', false, '09759775661', 'Dadiangas West', 'General Santos City', 'South Cotabato', 'Unemployed', true, 'not_looking', true, 100, 'hybrid', 23972, 'Sales Representative', 'Mechanic', 'Upper Labay, General Santos City', 'Bula, General Santos City', true, false);
INSERT INTO public.jobseeker_education (id, jobseeker_id, currently_in_school, level, course, year_graduated, school_name) VALUES ('602656f2-f66d-4b01-b5e4-21edc9be5c55', '7d9dd0e5-6944-40fb-bb72-6165025e7206', false, 'College Graduate', 'BS IT', '2022', 'Mindanao State University');
INSERT INTO public.jobseeker_education (id, jobseeker_id, currently_in_school, level, course, year_graduated, school_name) VALUES ('8efcfab3-cfcc-4342-a64f-37c9f1ab6d28', '7d9dd0e5-6944-40fb-bb72-6165025e7206', false, 'College Graduate', 'BS Nursing', '2011', 'Mindanao State University');
INSERT INTO public.jobseeker_education (id, jobseeker_id, currently_in_school, level, course, year_graduated, school_name) VALUES ('fa272fe8-a2da-4f9c-b111-9a5ab6058436', '7d9dd0e5-6944-40fb-bb72-6165025e7206', false, 'College Graduate', 'BS Nursing', '2019', 'Mindanao State University');
INSERT INTO public.jobseeker_education (id, jobseeker_id, currently_in_school, level, course, year_graduated, school_name) VALUES ('074485f5-a353-45b0-9810-081b10399114', '7d9dd0e5-6944-40fb-bb72-6165025e7206', false, 'College Graduate', 'BS Business Administration', '2014', 'Mindanao State University');
INSERT INTO public.jobseeker_experience (id, jobseeker_id, company_name, position, number_of_months, status) VALUES ('92842020-68ac-4660-9151-cbb51cc2d8e3', '7d9dd0e5-6944-40fb-bb72-6165025e7206', 'Navarro Corp', 'Mechanic', 29, 'Completed');
INSERT INTO public.jobseeker_experience (id, jobseeker_id, company_name, position, number_of_months, status) VALUES ('f671f9a8-c6e8-42ca-8818-dba1ca625f90', '7d9dd0e5-6944-40fb-bb72-6165025e7206', 'Moreno Corp', 'Security Guard', 47, 'Completed');
INSERT INTO public.jobseeker_experience (id, jobseeker_id, company_name, position, number_of_months, status) VALUES ('666a4e63-6df0-4bf0-98f2-1619275ded38', '7d9dd0e5-6944-40fb-bb72-6165025e7206', 'Gil Corp', 'Driver', 26, 'Completed');
INSERT INTO public.jobseeker_trainings (id, jobseeker_id, course, hours_of_training, training_institution) VALUES ('7c9fca79-78e7-4d69-b011-d97c46bcc185', '7d9dd0e5-6944-40fb-bb72-6165025e7206', 'Customer Service Excellence', 114, 'TESDA Gensan');
INSERT INTO public.jobseekers (id, email, first_name, last_name, birth_date, gender, civil_status, is_pwd, phone, barangay, city, province, employment_status, is_active, job_seeking_status, profile_complete, profile_completeness, work_setup_preference, expected_salary_min, preferred_occupation_1, preferred_occupation_2, preferred_work_location_local_1, preferred_work_location_local_2, preference_full_time, preference_part_time) VALUES ('64885b75-04e3-4963-bac3-39556541854f', 'jobseeker7@example.com', 'Rafael', 'Alonso', '1990-01-01', 'Male', 'Single', false, '09175700022', 'Labangal', 'General Santos City', 'South Cotabato', 'Unemployed', true, 'actively_looking', true, 100, 'remote', 23363, 'Software Engineer', 'Cashier', 'Tambler, General Santos City', 'Dadiangas West, General Santos City', true, false);
INSERT INTO public.jobseeker_education (id, jobseeker_id, currently_in_school, level, course, year_graduated, school_name) VALUES ('fe6c7d85-4bbb-47ec-8cd0-67bd1337f0e4', '64885b75-04e3-4963-bac3-39556541854f', false, 'College Graduate', 'BS IT', '2020', 'Mindanao State University');
INSERT INTO public.jobseeker_education (id, jobseeker_id, currently_in_school, level, course, year_graduated, school_name) VALUES ('317453ae-7068-410c-95dd-87aa0229890e', '64885b75-04e3-4963-bac3-39556541854f', false, 'College Graduate', 'BS IT', '2016', 'Mindanao State University');
INSERT INTO public.jobseeker_education (id, jobseeker_id, currently_in_school, level, course, year_graduated, school_name) VALUES ('392a62c4-12f0-4587-b5d3-c70debdc51ed', '64885b75-04e3-4963-bac3-39556541854f', false, 'College Graduate', 'BS Business Administration', '2018', 'Mindanao State University');
INSERT INTO public.jobseeker_education (id, jobseeker_id, currently_in_school, level, course, year_graduated, school_name) VALUES ('74bc73ea-2dee-46ac-9bcb-99d756ee1896', '64885b75-04e3-4963-bac3-39556541854f', false, 'College Graduate', 'BS Nursing', '2015', 'Mindanao State University');
INSERT INTO public.jobseeker_experience (id, jobseeker_id, company_name, position, number_of_months, status) VALUES ('51de835e-6b00-4d56-8e06-2cb88c604928', '64885b75-04e3-4963-bac3-39556541854f', 'Martin Corp', 'Cashier', 57, 'Completed');
INSERT INTO public.jobseeker_experience (id, jobseeker_id, company_name, position, number_of_months, status) VALUES ('d1acd1d8-5b73-4ad1-ac0f-d7bd1ea25e40', '64885b75-04e3-4963-bac3-39556541854f', 'Jimenez Corp', 'Warehouse Worker', 35, 'Completed');
INSERT INTO public.jobseeker_experience (id, jobseeker_id, company_name, position, number_of_months, status) VALUES ('e7675758-270d-4895-a3b8-1eba4dfc1733', '64885b75-04e3-4963-bac3-39556541854f', 'Lopez Corp', 'Deckhand', 24, 'Completed');
INSERT INTO public.jobseeker_experience (id, jobseeker_id, company_name, position, number_of_months, status) VALUES ('d72d5559-a28a-45d5-b491-d4b4095b1e81', '64885b75-04e3-4963-bac3-39556541854f', 'Sanchez Corp', 'Administrative Assistant', 24, 'Completed');
INSERT INTO public.jobseeker_experience (id, jobseeker_id, company_name, position, number_of_months, status) VALUES ('5918b692-b3fb-4a01-a4d0-4525a9f239d5', '64885b75-04e3-4963-bac3-39556541854f', 'Jimenez Corp', 'Manager', 9, 'Completed');
INSERT INTO public.jobseeker_trainings (id, jobseeker_id, course, hours_of_training, training_institution) VALUES ('4a0b7334-7688-4bfe-b09a-32714d41d702', '64885b75-04e3-4963-bac3-39556541854f', 'Customer Service Excellence', 95, 'TESDA Gensan');
INSERT INTO public.jobseeker_trainings (id, jobseeker_id, course, hours_of_training, training_institution) VALUES ('3bbfe8e6-a8fe-429b-89d6-6fdc88b15de9', '64885b75-04e3-4963-bac3-39556541854f', 'First Aid', 102, 'TESDA Gensan');
INSERT INTO public.jobseekers (id, email, first_name, last_name, birth_date, gender, civil_status, is_pwd, phone, barangay, city, province, employment_status, is_active, job_seeking_status, profile_complete, profile_completeness, work_setup_preference, expected_salary_min, preferred_occupation_1, preferred_occupation_2, preferred_work_location_local_1, preferred_work_location_local_2, preference_full_time, preference_part_time) VALUES ('1519e566-3ab1-4328-9cb0-0ce4a9fab477', 'jobseeker8@example.com', 'Nerea', 'Romero', '1990-01-01', 'Female', 'Single', false, '09885566474', 'Baluan', 'General Santos City', 'South Cotabato', 'Unemployed', true, 'not_looking', true, 100, 'onsite', 19926, 'Marketing Specialist', 'Driver', 'Ligaya, General Santos City', 'Olympog, General Santos City', true, false);
INSERT INTO public.jobseeker_education (id, jobseeker_id, currently_in_school, level, course, year_graduated, school_name) VALUES ('11ab6d3a-cc34-4d32-b3d1-be0a20c6db3b', '1519e566-3ab1-4328-9cb0-0ce4a9fab477', false, 'College Graduate', 'BS Nursing', '2019', 'Mindanao State University');
INSERT INTO public.jobseeker_education (id, jobseeker_id, currently_in_school, level, course, year_graduated, school_name) VALUES ('8df98d45-8a10-4acb-acf2-af844c8a62fc', '1519e566-3ab1-4328-9cb0-0ce4a9fab477', false, 'College Graduate', 'BS IT', '2022', 'Mindanao State University');
INSERT INTO public.jobseeker_education (id, jobseeker_id, currently_in_school, level, course, year_graduated, school_name) VALUES ('562e6d93-322c-431a-8fe4-006039aa01b5', '1519e566-3ab1-4328-9cb0-0ce4a9fab477', false, 'College Graduate', 'BS Education', '2012', 'Mindanao State University');
INSERT INTO public.jobseeker_education (id, jobseeker_id, currently_in_school, level, course, year_graduated, school_name) VALUES ('763a50f7-406a-4950-ab37-80df0150aa37', '1519e566-3ab1-4328-9cb0-0ce4a9fab477', false, 'College Graduate', 'BS Education', '2012', 'Mindanao State University');
INSERT INTO public.jobseeker_experience (id, jobseeker_id, company_name, position, number_of_months, status) VALUES ('00e87113-9e8f-451c-875c-34b675b3541f', '1519e566-3ab1-4328-9cb0-0ce4a9fab477', 'Suarez Corp', 'Plumber', 22, 'Completed');
INSERT INTO public.jobseeker_experience (id, jobseeker_id, company_name, position, number_of_months, status) VALUES ('5f70684f-51d8-4ea5-957c-ee595a61a096', '1519e566-3ab1-4328-9cb0-0ce4a9fab477', 'Fernandez Corp', 'Sales Representative', 42, 'Completed');
INSERT INTO public.jobseeker_experience (id, jobseeker_id, company_name, position, number_of_months, status) VALUES ('4e882284-9c47-4011-b225-19c254c0f80d', '1519e566-3ab1-4328-9cb0-0ce4a9fab477', 'Navarro Corp', 'Captain', 48, 'Completed');
INSERT INTO public.jobseeker_experience (id, jobseeker_id, company_name, position, number_of_months, status) VALUES ('d04ecf33-0659-4bae-a538-f5f1bfc48c96', '1519e566-3ab1-4328-9cb0-0ce4a9fab477', 'Ruiz Corp', 'Teacher', 28, 'Completed');
INSERT INTO public.jobseeker_trainings (id, jobseeker_id, course, hours_of_training, training_institution) VALUES ('25ac5466-8386-414a-9803-8ae8da338a42', '1519e566-3ab1-4328-9cb0-0ce4a9fab477', 'Customer Service Excellence', 109, 'TESDA Gensan');
INSERT INTO public.jobseeker_trainings (id, jobseeker_id, course, hours_of_training, training_institution) VALUES ('bb94d080-5749-4ba5-bc43-3380ab98cd4d', '1519e566-3ab1-4328-9cb0-0ce4a9fab477', 'Leadership Training', 38, 'TESDA Gensan');
INSERT INTO public.jobseeker_trainings (id, jobseeker_id, course, hours_of_training, training_institution) VALUES ('86ffc8d5-152d-4273-b3a0-304c56b5c02e', '1519e566-3ab1-4328-9cb0-0ce4a9fab477', 'Web Development', 34, 'TESDA Gensan');
INSERT INTO public.jobseekers (id, email, first_name, last_name, birth_date, gender, civil_status, is_pwd, phone, barangay, city, province, employment_status, is_active, job_seeking_status, profile_complete, profile_completeness, work_setup_preference, expected_salary_min, preferred_occupation_1, preferred_occupation_2, preferred_work_location_local_1, preferred_work_location_local_2, preference_full_time, preference_part_time) VALUES ('18e41b5f-ad34-48c4-815b-0ccb1ffcf52e', 'jobseeker9@example.com', 'Pablo', 'Blanco', '1990-01-01', 'Male', 'Single', false, '09692406247', 'Calumpang', 'General Santos City', 'South Cotabato', 'Unemployed', true, 'not_looking', true, 100, 'onsite', 21940, 'Captain', 'Security Guard', 'Lagao, General Santos City', 'Bula, General Santos City', true, false);
INSERT INTO public.jobseeker_education (id, jobseeker_id, currently_in_school, level, course, year_graduated, school_name) VALUES ('dbd67568-fccf-408f-8b69-56bd353228da', '18e41b5f-ad34-48c4-815b-0ccb1ffcf52e', false, 'College Graduate', 'BS IT', '2010', 'Mindanao State University');
INSERT INTO public.jobseeker_education (id, jobseeker_id, currently_in_school, level, course, year_graduated, school_name) VALUES ('ef105c6c-410f-4b8a-a533-ec001c6355da', '18e41b5f-ad34-48c4-815b-0ccb1ffcf52e', false, 'College Graduate', 'BS Engineering', '2021', 'Mindanao State University');
INSERT INTO public.jobseeker_education (id, jobseeker_id, currently_in_school, level, course, year_graduated, school_name) VALUES ('9eb9fda2-6a01-4833-b062-a8a69a3ab48f', '18e41b5f-ad34-48c4-815b-0ccb1ffcf52e', false, 'College Graduate', 'BS Nursing', '2018', 'Mindanao State University');
INSERT INTO public.jobseeker_education (id, jobseeker_id, currently_in_school, level, course, year_graduated, school_name) VALUES ('40a91891-ce97-41c5-8a33-91595265ff31', '18e41b5f-ad34-48c4-815b-0ccb1ffcf52e', false, 'College Graduate', 'BS Education', '2021', 'Mindanao State University');
INSERT INTO public.jobseeker_experience (id, jobseeker_id, company_name, position, number_of_months, status) VALUES ('ae813db6-9d03-4a56-a9ad-fc98015fe192', '18e41b5f-ad34-48c4-815b-0ccb1ffcf52e', 'Lopez Corp', 'Plumber', 13, 'Completed');
INSERT INTO public.jobseeker_experience (id, jobseeker_id, company_name, position, number_of_months, status) VALUES ('182e3ab2-fa34-4f8f-b168-064b80c9cfed', '18e41b5f-ad34-48c4-815b-0ccb1ffcf52e', 'Moreno Corp', 'Teacher', 40, 'Completed');
INSERT INTO public.jobseeker_trainings (id, jobseeker_id, course, hours_of_training, training_institution) VALUES ('90d0619b-73dd-4c42-84df-d51113c1d031', '18e41b5f-ad34-48c4-815b-0ccb1ffcf52e', 'Leadership Training', 100, 'TESDA Gensan');
INSERT INTO public.jobseeker_trainings (id, jobseeker_id, course, hours_of_training, training_institution) VALUES ('b275921d-7a7c-425f-bf0b-6e4188126b51', '18e41b5f-ad34-48c4-815b-0ccb1ffcf52e', 'TESDA NC II', 36, 'TESDA Gensan');
INSERT INTO public.jobseekers (id, email, first_name, last_name, birth_date, gender, civil_status, is_pwd, phone, barangay, city, province, employment_status, is_active, job_seeking_status, profile_complete, profile_completeness, work_setup_preference, expected_salary_min, preferred_occupation_1, preferred_occupation_2, preferred_work_location_local_1, preferred_work_location_local_2, preference_full_time, preference_part_time) VALUES ('fda41be8-037b-436f-bb5c-518ff9945928', 'jobseeker10@example.com', 'Diego', 'Lopez', '1990-01-01', 'Female', 'Single', false, '09971583896', 'Buayan', 'General Santos City', 'South Cotabato', 'Unemployed', true, 'actively_looking', true, 100, 'remote', 22487, 'Fishery Worker', 'Data Analyst', 'Siguel, General Santos City', 'Dadiangas West, General Santos City', true, false);
INSERT INTO public.jobseeker_education (id, jobseeker_id, currently_in_school, level, course, year_graduated, school_name) VALUES ('f2082404-8ba9-427c-8750-1c8bb4933637', 'fda41be8-037b-436f-bb5c-518ff9945928', false, 'College Graduate', 'BS Business Administration', '2018', 'Mindanao State University');
INSERT INTO public.jobseeker_education (id, jobseeker_id, currently_in_school, level, course, year_graduated, school_name) VALUES ('cde89f47-978a-4bc7-821b-383d4f874597', 'fda41be8-037b-436f-bb5c-518ff9945928', false, 'College Graduate', 'BS IT', '2015', 'Mindanao State University');
INSERT INTO public.jobseeker_education (id, jobseeker_id, currently_in_school, level, course, year_graduated, school_name) VALUES ('aafe6608-3f49-441a-a25b-db563c3927fb', 'fda41be8-037b-436f-bb5c-518ff9945928', false, 'College Graduate', 'BS IT', '2018', 'Mindanao State University');
INSERT INTO public.jobseeker_education (id, jobseeker_id, currently_in_school, level, course, year_graduated, school_name) VALUES ('27c5b1d0-3392-4239-a3b9-133e912699ca', 'fda41be8-037b-436f-bb5c-518ff9945928', false, 'College Graduate', 'BS Engineering', '2012', 'Mindanao State University');
INSERT INTO public.jobseeker_education (id, jobseeker_id, currently_in_school, level, course, year_graduated, school_name) VALUES ('ce7093e7-9225-4d07-bdd0-3fba571ee0e3', 'fda41be8-037b-436f-bb5c-518ff9945928', false, 'College Graduate', 'BS Nursing', '2016', 'Mindanao State University');
INSERT INTO public.jobseeker_experience (id, jobseeker_id, company_name, position, number_of_months, status) VALUES ('637e6103-ad8b-442a-b604-51fe34fc346b', 'fda41be8-037b-436f-bb5c-518ff9945928', 'Dominguez Corp', 'Plumber', 18, 'Completed');
INSERT INTO public.jobseeker_experience (id, jobseeker_id, company_name, position, number_of_months, status) VALUES ('e62deefd-7dcb-42bf-b258-fff015d27282', 'fda41be8-037b-436f-bb5c-518ff9945928', 'Vazquez Corp', 'Teacher', 31, 'Completed');
INSERT INTO public.jobseeker_trainings (id, jobseeker_id, course, hours_of_training, training_institution) VALUES ('e93f6ef5-f54c-4db8-8141-fca0e161dbef', 'fda41be8-037b-436f-bb5c-518ff9945928', 'TESDA NC II', 89, 'TESDA Gensan');
INSERT INTO public.jobseeker_trainings (id, jobseeker_id, course, hours_of_training, training_institution) VALUES ('1bce2833-3a15-4921-8185-b40cedcd9807', 'fda41be8-037b-436f-bb5c-518ff9945928', 'First Aid', 89, 'TESDA Gensan');
INSERT INTO public.jobseekers (id, email, first_name, last_name, birth_date, gender, civil_status, is_pwd, phone, barangay, city, province, employment_status, is_active, job_seeking_status, profile_complete, profile_completeness, work_setup_preference, expected_salary_min, preferred_occupation_1, preferred_occupation_2, preferred_work_location_local_1, preferred_work_location_local_2, preference_full_time, preference_part_time) VALUES ('41c8b52b-8dad-4b85-93a6-e1d990184c40', 'jobseeker11@example.com', 'Ana', 'Moreno', '1990-01-01', 'Male', 'Single', false, '09408957593', 'Sinawal', 'General Santos City', 'South Cotabato', 'Unemployed', true, 'not_looking', true, 100, 'onsite', 20169, 'HR Officer', 'Data Analyst', 'Tambler, General Santos City', 'Fatima, General Santos City', true, false);
INSERT INTO public.jobseeker_education (id, jobseeker_id, currently_in_school, level, course, year_graduated, school_name) VALUES ('8bdcf542-44ae-4004-be53-568e625ae555', '41c8b52b-8dad-4b85-93a6-e1d990184c40', false, 'College Graduate', 'BS Engineering', '2013', 'Mindanao State University');
INSERT INTO public.jobseeker_education (id, jobseeker_id, currently_in_school, level, course, year_graduated, school_name) VALUES ('b9b2d139-6633-4141-96ed-792be73d8d24', '41c8b52b-8dad-4b85-93a6-e1d990184c40', false, 'College Graduate', 'BS Nursing', '2019', 'Mindanao State University');
INSERT INTO public.jobseeker_experience (id, jobseeker_id, company_name, position, number_of_months, status) VALUES ('e3b0b953-c1b6-434e-9263-1243a8008ba3', '41c8b52b-8dad-4b85-93a6-e1d990184c40', 'Suarez Corp', 'Fishery Worker', 31, 'Completed');
INSERT INTO public.jobseeker_experience (id, jobseeker_id, company_name, position, number_of_months, status) VALUES ('872fe3a7-e9ce-4d80-8384-1a1e6cf81618', '41c8b52b-8dad-4b85-93a6-e1d990184c40', 'Lopez Corp', 'Administrative Assistant', 25, 'Completed');
INSERT INTO public.jobseeker_experience (id, jobseeker_id, company_name, position, number_of_months, status) VALUES ('bae7869c-f790-4abf-b628-265a79be943f', '41c8b52b-8dad-4b85-93a6-e1d990184c40', 'Sanchez Corp', 'Software Engineer', 29, 'Completed');
INSERT INTO public.jobseeker_experience (id, jobseeker_id, company_name, position, number_of_months, status) VALUES ('b8e76a12-b444-4300-ba2b-ed9352f2c4b3', '41c8b52b-8dad-4b85-93a6-e1d990184c40', 'Garcia Corp', 'Nurse', 56, 'Completed');
INSERT INTO public.jobseeker_trainings (id, jobseeker_id, course, hours_of_training, training_institution) VALUES ('27551727-8dba-4e15-947a-32294b4a053c', '41c8b52b-8dad-4b85-93a6-e1d990184c40', 'Leadership Training', 38, 'TESDA Gensan');
INSERT INTO public.jobseeker_trainings (id, jobseeker_id, course, hours_of_training, training_institution) VALUES ('bf1df477-dcf8-4c20-af0a-9c0d841b8d99', '41c8b52b-8dad-4b85-93a6-e1d990184c40', 'Web Development', 44, 'TESDA Gensan');
INSERT INTO public.jobseeker_trainings (id, jobseeker_id, course, hours_of_training, training_institution) VALUES ('5481fb92-a7c0-421b-8f83-141a2fdaa8b4', '41c8b52b-8dad-4b85-93a6-e1d990184c40', 'First Aid', 73, 'TESDA Gensan');
INSERT INTO public.jobseekers (id, email, first_name, last_name, birth_date, gender, civil_status, is_pwd, phone, barangay, city, province, employment_status, is_active, job_seeking_status, profile_complete, profile_completeness, work_setup_preference, expected_salary_min, preferred_occupation_1, preferred_occupation_2, preferred_work_location_local_1, preferred_work_location_local_2, preference_full_time, preference_part_time) VALUES ('434959a9-44cd-45cc-a6d2-348b802ede23', 'jobseeker12@example.com', 'Teresa', 'Gomez', '1990-01-01', 'Male', 'Single', false, '09132770299', 'Fatima', 'General Santos City', 'South Cotabato', 'Unemployed', true, 'open', true, 100, 'any', 18853, 'Warehouse Worker', 'Accountant', 'Bula, General Santos City', 'San Isidro, General Santos City', true, false);
INSERT INTO public.jobseeker_education (id, jobseeker_id, currently_in_school, level, course, year_graduated, school_name) VALUES ('4b144ab5-457d-4dcf-8042-7163e0625cf2', '434959a9-44cd-45cc-a6d2-348b802ede23', false, 'College Graduate', 'BS Nursing', '2011', 'Mindanao State University');
INSERT INTO public.jobseeker_education (id, jobseeker_id, currently_in_school, level, course, year_graduated, school_name) VALUES ('e4e9a671-5cd7-4a12-afde-449b5befa1a9', '434959a9-44cd-45cc-a6d2-348b802ede23', false, 'College Graduate', 'BS Engineering', '2016', 'Mindanao State University');
INSERT INTO public.jobseeker_education (id, jobseeker_id, currently_in_school, level, course, year_graduated, school_name) VALUES ('fbbca789-8442-4408-916f-f75996def74f', '434959a9-44cd-45cc-a6d2-348b802ede23', false, 'College Graduate', 'BS Education', '2010', 'Mindanao State University');
INSERT INTO public.jobseeker_education (id, jobseeker_id, currently_in_school, level, course, year_graduated, school_name) VALUES ('8ec4b9bf-18ac-42e5-9c7a-d29ecd4e6cf0', '434959a9-44cd-45cc-a6d2-348b802ede23', false, 'College Graduate', 'BS IT', '2010', 'Mindanao State University');
INSERT INTO public.jobseeker_education (id, jobseeker_id, currently_in_school, level, course, year_graduated, school_name) VALUES ('4d7d32e2-6b37-4193-a21d-58688f26f970', '434959a9-44cd-45cc-a6d2-348b802ede23', false, 'College Graduate', 'BS Engineering', '2010', 'Mindanao State University');
INSERT INTO public.jobseeker_experience (id, jobseeker_id, company_name, position, number_of_months, status) VALUES ('6fc2157b-1045-4f1d-ac57-cd969f0249a9', '434959a9-44cd-45cc-a6d2-348b802ede23', 'Ramos Corp', 'Quality Control Inspector', 36, 'Completed');
INSERT INTO public.jobseeker_experience (id, jobseeker_id, company_name, position, number_of_months, status) VALUES ('8440e596-a59e-4a1c-843c-76ccff219c5a', '434959a9-44cd-45cc-a6d2-348b802ede23', 'Lopez Corp', 'Chef', 41, 'Completed');
INSERT INTO public.jobseeker_experience (id, jobseeker_id, company_name, position, number_of_months, status) VALUES ('ab08fa6b-26fa-496f-ba71-e800edcf0ed3', '434959a9-44cd-45cc-a6d2-348b802ede23', 'Suarez Corp', 'Janitor', 40, 'Completed');
INSERT INTO public.jobseeker_experience (id, jobseeker_id, company_name, position, number_of_months, status) VALUES ('6af37a6c-f7da-4b61-9704-bace4f4a6ec3', '434959a9-44cd-45cc-a6d2-348b802ede23', 'Hernandez Corp', 'Marketing Specialist', 52, 'Completed');
INSERT INTO public.jobseeker_trainings (id, jobseeker_id, course, hours_of_training, training_institution) VALUES ('486f162b-06ff-4921-8022-0741415fc4d8', '434959a9-44cd-45cc-a6d2-348b802ede23', 'First Aid', 112, 'TESDA Gensan');
INSERT INTO public.jobseeker_trainings (id, jobseeker_id, course, hours_of_training, training_institution) VALUES ('8386a645-b613-437b-a35a-6d9ea088b25d', '434959a9-44cd-45cc-a6d2-348b802ede23', 'Leadership Training', 93, 'TESDA Gensan');
INSERT INTO public.jobseekers (id, email, first_name, last_name, birth_date, gender, civil_status, is_pwd, phone, barangay, city, province, employment_status, is_active, job_seeking_status, profile_complete, profile_completeness, work_setup_preference, expected_salary_min, preferred_occupation_1, preferred_occupation_2, preferred_work_location_local_1, preferred_work_location_local_2, preference_full_time, preference_part_time) VALUES ('099fd27d-e7ac-44bc-afde-d1468d785b2c', 'jobseeker13@example.com', 'Pablo', 'Jimenez', '1990-01-01', 'Male', 'Single', false, '09443461543', 'Calumpang', 'General Santos City', 'South Cotabato', 'Unemployed', true, 'not_looking', true, 100, 'any', 24376, 'Fishery Worker', 'Teacher', 'Calumpang, General Santos City', 'Labangal, General Santos City', true, false);
INSERT INTO public.jobseeker_education (id, jobseeker_id, currently_in_school, level, course, year_graduated, school_name) VALUES ('57a6ff0b-9e1b-4d20-91c4-d8ed1f0adc91', '099fd27d-e7ac-44bc-afde-d1468d785b2c', false, 'College Graduate', 'BS Business Administration', '2020', 'Mindanao State University');
INSERT INTO public.jobseeker_education (id, jobseeker_id, currently_in_school, level, course, year_graduated, school_name) VALUES ('7bdf3f4f-cb03-44ec-87ff-083dcdd388d9', '099fd27d-e7ac-44bc-afde-d1468d785b2c', false, 'College Graduate', 'BS IT', '2017', 'Mindanao State University');
INSERT INTO public.jobseeker_education (id, jobseeker_id, currently_in_school, level, course, year_graduated, school_name) VALUES ('f5ac169d-946d-418c-9be6-c1fedd1f0f2b', '099fd27d-e7ac-44bc-afde-d1468d785b2c', false, 'College Graduate', 'BS Education', '2020', 'Mindanao State University');
INSERT INTO public.jobseeker_education (id, jobseeker_id, currently_in_school, level, course, year_graduated, school_name) VALUES ('19b1752d-0004-4ba6-b159-cfe23935e81a', '099fd27d-e7ac-44bc-afde-d1468d785b2c', false, 'College Graduate', 'BS Business Administration', '2014', 'Mindanao State University');
INSERT INTO public.jobseeker_experience (id, jobseeker_id, company_name, position, number_of_months, status) VALUES ('98a32a71-3d76-4b6d-ab3c-692b7c79c380', '099fd27d-e7ac-44bc-afde-d1468d785b2c', 'Serrano Corp', 'Janitor', 52, 'Completed');
INSERT INTO public.jobseeker_experience (id, jobseeker_id, company_name, position, number_of_months, status) VALUES ('9c2991bd-6b98-4cf0-b813-1b0f618fe517', '099fd27d-e7ac-44bc-afde-d1468d785b2c', 'Diaz Corp', 'Quality Control Inspector', 56, 'Completed');
INSERT INTO public.jobseeker_trainings (id, jobseeker_id, course, hours_of_training, training_institution) VALUES ('20586889-df97-403f-9171-2cb058bb80bd', '099fd27d-e7ac-44bc-afde-d1468d785b2c', 'Leadership Training', 30, 'TESDA Gensan');
INSERT INTO public.jobseeker_trainings (id, jobseeker_id, course, hours_of_training, training_institution) VALUES ('e0495e8d-8a29-445b-a134-62349a1bd420', '099fd27d-e7ac-44bc-afde-d1468d785b2c', 'Leadership Training', 56, 'TESDA Gensan');
INSERT INTO public.jobseekers (id, email, first_name, last_name, birth_date, gender, civil_status, is_pwd, phone, barangay, city, province, employment_status, is_active, job_seeking_status, profile_complete, profile_completeness, work_setup_preference, expected_salary_min, preferred_occupation_1, preferred_occupation_2, preferred_work_location_local_1, preferred_work_location_local_2, preference_full_time, preference_part_time) VALUES ('c50c97dc-56b7-43b5-b092-37dee43fd63a', 'jobseeker14@example.com', 'Luis', 'Fernandez', '1990-01-01', 'Female', 'Single', false, '09647697887', 'San Jose', 'General Santos City', 'South Cotabato', 'Unemployed', true, 'open', true, 100, 'hybrid', 18768, 'Security Guard', 'Deckhand', 'Lagao, General Santos City', 'Upper Labay, General Santos City', true, false);
INSERT INTO public.jobseeker_education (id, jobseeker_id, currently_in_school, level, course, year_graduated, school_name) VALUES ('9ffb057d-bb16-48b1-b9b1-80ea3c3e5691', 'c50c97dc-56b7-43b5-b092-37dee43fd63a', false, 'College Graduate', 'BS Nursing', '2010', 'Mindanao State University');
INSERT INTO public.jobseeker_education (id, jobseeker_id, currently_in_school, level, course, year_graduated, school_name) VALUES ('1a62afb2-ec23-4e1d-804f-41265cd25d3c', 'c50c97dc-56b7-43b5-b092-37dee43fd63a', false, 'College Graduate', 'BS Nursing', '2014', 'Mindanao State University');
INSERT INTO public.jobseeker_education (id, jobseeker_id, currently_in_school, level, course, year_graduated, school_name) VALUES ('e8ca2a71-a6bd-46e8-ba2d-796619da12fc', 'c50c97dc-56b7-43b5-b092-37dee43fd63a', false, 'College Graduate', 'BS Business Administration', '2016', 'Mindanao State University');
INSERT INTO public.jobseeker_experience (id, jobseeker_id, company_name, position, number_of_months, status) VALUES ('fd524e1b-76d7-4176-a2cf-7c30a2a6bc09', 'c50c97dc-56b7-43b5-b092-37dee43fd63a', 'Hernandez Corp', 'Driver', 42, 'Completed');
INSERT INTO public.jobseeker_experience (id, jobseeker_id, company_name, position, number_of_months, status) VALUES ('40cab281-1274-40ee-8c55-9e10fc8b1030', 'c50c97dc-56b7-43b5-b092-37dee43fd63a', 'Garcia Corp', 'Teacher', 19, 'Completed');
INSERT INTO public.jobseeker_experience (id, jobseeker_id, company_name, position, number_of_months, status) VALUES ('22607cd8-52ad-4cf5-8375-3981147d4af9', 'c50c97dc-56b7-43b5-b092-37dee43fd63a', 'Vazquez Corp', 'Electrician', 56, 'Completed');
INSERT INTO public.jobseeker_experience (id, jobseeker_id, company_name, position, number_of_months, status) VALUES ('4bf05674-ea5f-4e50-9a6e-c5cc2a4d6c81', 'c50c97dc-56b7-43b5-b092-37dee43fd63a', 'Martin Corp', 'Software Engineer', 58, 'Completed');
INSERT INTO public.jobseeker_experience (id, jobseeker_id, company_name, position, number_of_months, status) VALUES ('338bc122-f627-4969-9c21-6874a97d3de1', 'c50c97dc-56b7-43b5-b092-37dee43fd63a', 'Blanco Corp', 'Teacher', 34, 'Completed');
INSERT INTO public.jobseeker_trainings (id, jobseeker_id, course, hours_of_training, training_institution) VALUES ('d06b1f7d-c97b-4f42-b3eb-db186fed9246', 'c50c97dc-56b7-43b5-b092-37dee43fd63a', 'First Aid', 102, 'TESDA Gensan');
INSERT INTO public.jobseekers (id, email, first_name, last_name, birth_date, gender, civil_status, is_pwd, phone, barangay, city, province, employment_status, is_active, job_seeking_status, profile_complete, profile_completeness, work_setup_preference, expected_salary_min, preferred_occupation_1, preferred_occupation_2, preferred_work_location_local_1, preferred_work_location_local_2, preference_full_time, preference_part_time) VALUES ('ab1e3204-7710-44c2-9368-85eeebfd81b6', 'jobseeker15@example.com', 'Maria', 'Ramos', '1990-01-01', 'Female', 'Single', false, '09397875086', 'Siguel', 'General Santos City', 'South Cotabato', 'Unemployed', true, 'not_looking', true, 100, 'any', 23659, 'Manager', 'Software Engineer', 'Tambler, General Santos City', 'City Heights, General Santos City', true, false);
INSERT INTO public.jobseeker_education (id, jobseeker_id, currently_in_school, level, course, year_graduated, school_name) VALUES ('27dc94cc-4aff-40ce-9886-ec8a52a3857c', 'ab1e3204-7710-44c2-9368-85eeebfd81b6', false, 'College Graduate', 'BS Nursing', '2013', 'Mindanao State University');
INSERT INTO public.jobseeker_education (id, jobseeker_id, currently_in_school, level, course, year_graduated, school_name) VALUES ('03af56ec-e292-4eb7-8300-fe752266f4e6', 'ab1e3204-7710-44c2-9368-85eeebfd81b6', false, 'College Graduate', 'BS Nursing', '2016', 'Mindanao State University');
INSERT INTO public.jobseeker_education (id, jobseeker_id, currently_in_school, level, course, year_graduated, school_name) VALUES ('5a1b9188-378a-4dc0-9784-02963e49381e', 'ab1e3204-7710-44c2-9368-85eeebfd81b6', false, 'College Graduate', 'BS Education', '2014', 'Mindanao State University');
INSERT INTO public.jobseeker_education (id, jobseeker_id, currently_in_school, level, course, year_graduated, school_name) VALUES ('f003246f-d57b-4dc4-a4f9-a69006fb534c', 'ab1e3204-7710-44c2-9368-85eeebfd81b6', false, 'College Graduate', 'BS Education', '2010', 'Mindanao State University');
INSERT INTO public.jobseeker_experience (id, jobseeker_id, company_name, position, number_of_months, status) VALUES ('826d6c06-276a-48e6-9594-1d1c706aeb28', 'ab1e3204-7710-44c2-9368-85eeebfd81b6', 'Gutierrez Corp', 'Fishery Worker', 46, 'Completed');
INSERT INTO public.jobseeker_experience (id, jobseeker_id, company_name, position, number_of_months, status) VALUES ('cd8ec48f-01aa-4885-bd3a-250a125d4725', 'ab1e3204-7710-44c2-9368-85eeebfd81b6', 'Martinez Corp', 'Teacher', 36, 'Completed');
INSERT INTO public.jobseeker_trainings (id, jobseeker_id, course, hours_of_training, training_institution) VALUES ('cc4ce473-e653-4ac6-bf1d-999dcef3298d', 'ab1e3204-7710-44c2-9368-85eeebfd81b6', 'Customer Service Excellence', 114, 'TESDA Gensan');
INSERT INTO public.jobseeker_trainings (id, jobseeker_id, course, hours_of_training, training_institution) VALUES ('f473d02f-32b0-4c2f-b001-a372ab17b019', 'ab1e3204-7710-44c2-9368-85eeebfd81b6', 'First Aid', 111, 'TESDA Gensan');
INSERT INTO public.jobseeker_trainings (id, jobseeker_id, course, hours_of_training, training_institution) VALUES ('896f3313-ddd9-4da7-93c0-5ce71e02ff65', 'ab1e3204-7710-44c2-9368-85eeebfd81b6', 'First Aid', 99, 'TESDA Gensan');
INSERT INTO public.jobseekers (id, email, first_name, last_name, birth_date, gender, civil_status, is_pwd, phone, barangay, city, province, employment_status, is_active, job_seeking_status, profile_complete, profile_completeness, work_setup_preference, expected_salary_min, preferred_occupation_1, preferred_occupation_2, preferred_work_location_local_1, preferred_work_location_local_2, preference_full_time, preference_part_time) VALUES ('d9e6dd65-9424-4b96-8396-fab6de5cfe37', 'jobseeker16@example.com', 'Jorge', 'Navarro', '1990-01-01', 'Male', 'Single', false, '09562250152', 'Fatima', 'General Santos City', 'South Cotabato', 'Unemployed', true, 'not_looking', true, 100, 'onsite', 22044, 'HR Officer', 'Electrician', 'Tambler, General Santos City', 'Apopong, General Santos City', true, false);
INSERT INTO public.jobseeker_education (id, jobseeker_id, currently_in_school, level, course, year_graduated, school_name) VALUES ('9f567436-b10d-4095-b2a8-205d9a9c8ab9', 'd9e6dd65-9424-4b96-8396-fab6de5cfe37', false, 'College Graduate', 'BS Business Administration', '2015', 'Mindanao State University');
INSERT INTO public.jobseeker_education (id, jobseeker_id, currently_in_school, level, course, year_graduated, school_name) VALUES ('4668f677-b5a4-45fa-88d4-a1d9a0df759c', 'd9e6dd65-9424-4b96-8396-fab6de5cfe37', false, 'College Graduate', 'BS IT', '2017', 'Mindanao State University');
INSERT INTO public.jobseeker_education (id, jobseeker_id, currently_in_school, level, course, year_graduated, school_name) VALUES ('a524b8e0-dcbd-4deb-9b4d-2212e60bd1fc', 'd9e6dd65-9424-4b96-8396-fab6de5cfe37', false, 'College Graduate', 'BS Engineering', '2018', 'Mindanao State University');
INSERT INTO public.jobseeker_experience (id, jobseeker_id, company_name, position, number_of_months, status) VALUES ('9c930c97-0c17-4ffa-aa13-afb32c63727a', 'd9e6dd65-9424-4b96-8396-fab6de5cfe37', 'Moreno Corp', 'Driver', 19, 'Completed');
INSERT INTO public.jobseeker_experience (id, jobseeker_id, company_name, position, number_of_months, status) VALUES ('f8ffcd1d-ae7a-410d-b392-0833f8d1cd1f', 'd9e6dd65-9424-4b96-8396-fab6de5cfe37', 'Torres Corp', 'Data Analyst', 24, 'Completed');
INSERT INTO public.jobseeker_experience (id, jobseeker_id, company_name, position, number_of_months, status) VALUES ('2f9ba3bc-db9a-45ba-9e3e-87af8b6214f9', 'd9e6dd65-9424-4b96-8396-fab6de5cfe37', 'Ruiz Corp', 'Accountant', 56, 'Completed');
INSERT INTO public.jobseeker_experience (id, jobseeker_id, company_name, position, number_of_months, status) VALUES ('a32218b7-f4d6-453c-98d8-25394dec51b8', 'd9e6dd65-9424-4b96-8396-fab6de5cfe37', 'Lopez Corp', 'Plumber', 52, 'Completed');
INSERT INTO public.jobseeker_trainings (id, jobseeker_id, course, hours_of_training, training_institution) VALUES ('e4343134-757d-4f59-a327-13214ea12d52', 'd9e6dd65-9424-4b96-8396-fab6de5cfe37', 'Customer Service Excellence', 114, 'TESDA Gensan');
INSERT INTO public.jobseeker_trainings (id, jobseeker_id, course, hours_of_training, training_institution) VALUES ('81ed3b5f-6936-4f74-9852-6e85c3caec84', 'd9e6dd65-9424-4b96-8396-fab6de5cfe37', 'Customer Service Excellence', 61, 'TESDA Gensan');
INSERT INTO public.jobseekers (id, email, first_name, last_name, birth_date, gender, civil_status, is_pwd, phone, barangay, city, province, employment_status, is_active, job_seeking_status, profile_complete, profile_completeness, work_setup_preference, expected_salary_min, preferred_occupation_1, preferred_occupation_2, preferred_work_location_local_1, preferred_work_location_local_2, preference_full_time, preference_part_time) VALUES ('22921b28-893e-4736-a6b6-5fc840ecdf6f', 'jobseeker17@example.com', 'Rafael', 'Fernandez', '1990-01-01', 'Female', 'Single', false, '09907641445', 'Dadiangas East', 'General Santos City', 'South Cotabato', 'Unemployed', true, 'open', true, 100, 'any', 22914, 'Data Analyst', 'Data Analyst', 'Batomelong, General Santos City', 'Labangal, General Santos City', true, false);
INSERT INTO public.jobseeker_education (id, jobseeker_id, currently_in_school, level, course, year_graduated, school_name) VALUES ('73919ecf-fd4f-46dd-ae63-6e56687e3d31', '22921b28-893e-4736-a6b6-5fc840ecdf6f', false, 'College Graduate', 'BS Nursing', '2016', 'Mindanao State University');
INSERT INTO public.jobseeker_education (id, jobseeker_id, currently_in_school, level, course, year_graduated, school_name) VALUES ('16ab340b-56f7-4c9d-a909-4d0d37d749e3', '22921b28-893e-4736-a6b6-5fc840ecdf6f', false, 'College Graduate', 'BS Engineering', '2020', 'Mindanao State University');
INSERT INTO public.jobseeker_education (id, jobseeker_id, currently_in_school, level, course, year_graduated, school_name) VALUES ('fa946cfc-f86f-4bf1-b86e-7eba84730f9a', '22921b28-893e-4736-a6b6-5fc840ecdf6f', false, 'College Graduate', 'BS Education', '2010', 'Mindanao State University');
INSERT INTO public.jobseeker_education (id, jobseeker_id, currently_in_school, level, course, year_graduated, school_name) VALUES ('4b3dd303-118c-4c69-8afc-2dd78e7cbf5d', '22921b28-893e-4736-a6b6-5fc840ecdf6f', false, 'College Graduate', 'BS Nursing', '2013', 'Mindanao State University');
INSERT INTO public.jobseeker_education (id, jobseeker_id, currently_in_school, level, course, year_graduated, school_name) VALUES ('bb576191-fd0a-42f1-9e57-044744ff239e', '22921b28-893e-4736-a6b6-5fc840ecdf6f', false, 'College Graduate', 'BS IT', '2011', 'Mindanao State University');
INSERT INTO public.jobseeker_experience (id, jobseeker_id, company_name, position, number_of_months, status) VALUES ('7177db6e-081e-404d-b86c-ca4e273ae73d', '22921b28-893e-4736-a6b6-5fc840ecdf6f', 'Ramirez Corp', 'Plumber', 44, 'Completed');
INSERT INTO public.jobseeker_experience (id, jobseeker_id, company_name, position, number_of_months, status) VALUES ('5f8e10ee-b4a2-4ed4-a20b-5405eb2dd820', '22921b28-893e-4736-a6b6-5fc840ecdf6f', 'Ramos Corp', 'Driver', 31, 'Completed');
INSERT INTO public.jobseeker_trainings (id, jobseeker_id, course, hours_of_training, training_institution) VALUES ('217081c2-a058-4c38-8c69-bf876defafb5', '22921b28-893e-4736-a6b6-5fc840ecdf6f', 'TESDA NC II', 78, 'TESDA Gensan');
INSERT INTO public.jobseekers (id, email, first_name, last_name, birth_date, gender, civil_status, is_pwd, phone, barangay, city, province, employment_status, is_active, job_seeking_status, profile_complete, profile_completeness, work_setup_preference, expected_salary_min, preferred_occupation_1, preferred_occupation_2, preferred_work_location_local_1, preferred_work_location_local_2, preference_full_time, preference_part_time) VALUES ('8be1527d-fa4b-46d1-938a-4e01ae205e39', 'jobseeker18@example.com', 'Lucia', 'Perez', '1990-01-01', 'Female', 'Single', false, '09746852058', 'San Jose', 'General Santos City', 'South Cotabato', 'Unemployed', true, 'not_looking', true, 100, 'onsite', 17435, 'Administrative Assistant', 'Sales Representative', 'Dadiangas West, General Santos City', 'Tinagacan, General Santos City', true, false);
INSERT INTO public.jobseeker_education (id, jobseeker_id, currently_in_school, level, course, year_graduated, school_name) VALUES ('b6583de2-fda6-4608-a830-d11386834afc', '8be1527d-fa4b-46d1-938a-4e01ae205e39', false, 'College Graduate', 'BS IT', '2015', 'Mindanao State University');
INSERT INTO public.jobseeker_education (id, jobseeker_id, currently_in_school, level, course, year_graduated, school_name) VALUES ('5a8d558c-9da3-42c5-8a90-15fdbc7460c8', '8be1527d-fa4b-46d1-938a-4e01ae205e39', false, 'College Graduate', 'BS Engineering', '2016', 'Mindanao State University');
INSERT INTO public.jobseeker_experience (id, jobseeker_id, company_name, position, number_of_months, status) VALUES ('abca057c-e10a-4de0-8395-3c6bd91513d4', '8be1527d-fa4b-46d1-938a-4e01ae205e39', 'Alvarez Corp', 'Plumber', 28, 'Completed');
INSERT INTO public.jobseeker_experience (id, jobseeker_id, company_name, position, number_of_months, status) VALUES ('1299b9b6-2ac8-4b3f-943a-0e70323c7776', '8be1527d-fa4b-46d1-938a-4e01ae205e39', 'Moreno Corp', 'Cashier', 6, 'Completed');
INSERT INTO public.jobseeker_trainings (id, jobseeker_id, course, hours_of_training, training_institution) VALUES ('89b3854f-e340-4a03-814b-983da895f04a', '8be1527d-fa4b-46d1-938a-4e01ae205e39', 'Web Development', 35, 'TESDA Gensan');
INSERT INTO public.jobseekers (id, email, first_name, last_name, birth_date, gender, civil_status, is_pwd, phone, barangay, city, province, employment_status, is_active, job_seeking_status, profile_complete, profile_completeness, work_setup_preference, expected_salary_min, preferred_occupation_1, preferred_occupation_2, preferred_work_location_local_1, preferred_work_location_local_2, preference_full_time, preference_part_time) VALUES ('d8e25c89-24c4-4630-a1b0-4422871abb89', 'jobseeker19@example.com', 'Lourdes', 'Ruiz', '1990-01-01', 'Male', 'Single', false, '09973648115', 'Tambler', 'General Santos City', 'South Cotabato', 'Unemployed', true, 'not_looking', true, 100, 'onsite', 22610, 'Sales Representative', 'Waitress', 'Sinawal, General Santos City', 'Dadiangas North, General Santos City', true, false);
INSERT INTO public.jobseeker_education (id, jobseeker_id, currently_in_school, level, course, year_graduated, school_name) VALUES ('49ee6e5f-94b6-43e4-9d93-de2d6a0023ff', 'd8e25c89-24c4-4630-a1b0-4422871abb89', false, 'College Graduate', 'BS Nursing', '2018', 'Mindanao State University');
INSERT INTO public.jobseeker_education (id, jobseeker_id, currently_in_school, level, course, year_graduated, school_name) VALUES ('f581a4c6-dc72-4be0-a1c1-7af8321fc51c', 'd8e25c89-24c4-4630-a1b0-4422871abb89', false, 'College Graduate', 'BS Nursing', '2017', 'Mindanao State University');
INSERT INTO public.jobseeker_experience (id, jobseeker_id, company_name, position, number_of_months, status) VALUES ('69b6e55c-3ae8-47ec-8e75-eed9401da557', 'd8e25c89-24c4-4630-a1b0-4422871abb89', 'Sanchez Corp', 'Sales Representative', 49, 'Completed');
INSERT INTO public.jobseeker_experience (id, jobseeker_id, company_name, position, number_of_months, status) VALUES ('85251d98-bacf-4c49-9fb7-0299026376fc', 'd8e25c89-24c4-4630-a1b0-4422871abb89', 'Blanco Corp', 'Cashier', 6, 'Completed');
INSERT INTO public.jobseeker_experience (id, jobseeker_id, company_name, position, number_of_months, status) VALUES ('3c967bd3-d6a5-4e19-8aff-6634b4ee0841', 'd8e25c89-24c4-4630-a1b0-4422871abb89', 'Perez Corp', 'Driver', 39, 'Completed');
INSERT INTO public.jobseeker_trainings (id, jobseeker_id, course, hours_of_training, training_institution) VALUES ('b66993d5-8112-4065-80fd-63e272b645fa', 'd8e25c89-24c4-4630-a1b0-4422871abb89', 'Web Development', 109, 'TESDA Gensan');
INSERT INTO public.jobseeker_trainings (id, jobseeker_id, course, hours_of_training, training_institution) VALUES ('58261129-a205-41c2-aa26-35f9234030cd', 'd8e25c89-24c4-4630-a1b0-4422871abb89', 'Customer Service Excellence', 11, 'TESDA Gensan');
INSERT INTO public.jobseekers (id, email, first_name, last_name, birth_date, gender, civil_status, is_pwd, phone, barangay, city, province, employment_status, is_active, job_seeking_status, profile_complete, profile_completeness, work_setup_preference, expected_salary_min, preferred_occupation_1, preferred_occupation_2, preferred_work_location_local_1, preferred_work_location_local_2, preference_full_time, preference_part_time) VALUES ('a9f39ed5-8173-43ea-933d-f6cea251ee69', 'jobseeker20@example.com', 'Adrian', 'Rodriguez', '1990-01-01', 'Male', 'Single', false, '09370973824', 'Dadiangas East', 'General Santos City', 'South Cotabato', 'Unemployed', true, 'actively_looking', true, 100, 'hybrid', 21639, 'Security Guard', 'Chef', 'Katangawan, General Santos City', 'Upper Labay, General Santos City', true, false);
INSERT INTO public.jobseeker_education (id, jobseeker_id, currently_in_school, level, course, year_graduated, school_name) VALUES ('673431b0-e2cd-410d-9891-8cbf16058101', 'a9f39ed5-8173-43ea-933d-f6cea251ee69', false, 'College Graduate', 'BS Education', '2010', 'Mindanao State University');
INSERT INTO public.jobseeker_education (id, jobseeker_id, currently_in_school, level, course, year_graduated, school_name) VALUES ('678d9476-0345-4e1c-993f-1c9a8b7ac23c', 'a9f39ed5-8173-43ea-933d-f6cea251ee69', false, 'College Graduate', 'BS Business Administration', '2016', 'Mindanao State University');
INSERT INTO public.jobseeker_experience (id, jobseeker_id, company_name, position, number_of_months, status) VALUES ('cc505b10-cb37-4418-8c69-a647888abdba', 'a9f39ed5-8173-43ea-933d-f6cea251ee69', 'Blanco Corp', 'Cashier', 53, 'Completed');
INSERT INTO public.jobseeker_experience (id, jobseeker_id, company_name, position, number_of_months, status) VALUES ('0cbb2f0c-8c16-45f5-8eb6-6b0a2f0a544c', 'a9f39ed5-8173-43ea-933d-f6cea251ee69', 'Munoz Corp', 'Deckhand', 10, 'Completed');
INSERT INTO public.jobseeker_experience (id, jobseeker_id, company_name, position, number_of_months, status) VALUES ('a2b82c49-b9f4-4b3b-8d4b-51ecf009813a', 'a9f39ed5-8173-43ea-933d-f6cea251ee69', 'Ramos Corp', 'Mechanic', 49, 'Completed');
INSERT INTO public.jobseeker_experience (id, jobseeker_id, company_name, position, number_of_months, status) VALUES ('08ed337f-e009-49db-af26-1c1b104448db', 'a9f39ed5-8173-43ea-933d-f6cea251ee69', 'Sanchez Corp', 'Security Guard', 41, 'Completed');
INSERT INTO public.jobseeker_trainings (id, jobseeker_id, course, hours_of_training, training_institution) VALUES ('ddd324ed-3f67-49ec-916f-372ddfa6ad1b', 'a9f39ed5-8173-43ea-933d-f6cea251ee69', 'First Aid', 68, 'TESDA Gensan');
INSERT INTO public.jobseeker_trainings (id, jobseeker_id, course, hours_of_training, training_institution) VALUES ('6b22651d-5c39-428c-8b50-ecf59d558e35', 'a9f39ed5-8173-43ea-933d-f6cea251ee69', 'Web Development', 88, 'TESDA Gensan');
INSERT INTO public.jobseeker_trainings (id, jobseeker_id, course, hours_of_training, training_institution) VALUES ('8b0cdc04-effb-4d1d-aa97-e71b3e449235', 'a9f39ed5-8173-43ea-933d-f6cea251ee69', 'Leadership Training', 102, 'TESDA Gensan');
INSERT INTO public.jobseekers (id, email, first_name, last_name, birth_date, gender, civil_status, is_pwd, phone, barangay, city, province, employment_status, is_active, job_seeking_status, profile_complete, profile_completeness, work_setup_preference, expected_salary_min, preferred_occupation_1, preferred_occupation_2, preferred_work_location_local_1, preferred_work_location_local_2, preference_full_time, preference_part_time) VALUES ('ddb14216-4ef5-490c-a17c-bf073c49a1da', 'jobseeker21@example.com', 'Cristina', 'Gonzalez', '1990-01-01', 'Female', 'Single', false, '09449095138', 'Fatima', 'General Santos City', 'South Cotabato', 'Unemployed', true, 'actively_looking', true, 100, 'onsite', 23524, 'Software Engineer', 'Quality Control Inspector', 'Tambler, General Santos City', 'Fatima, General Santos City', true, false);
INSERT INTO public.jobseeker_education (id, jobseeker_id, currently_in_school, level, course, year_graduated, school_name) VALUES ('1b84b9b3-d541-45ca-b631-33850a4f24c7', 'ddb14216-4ef5-490c-a17c-bf073c49a1da', false, 'College Graduate', 'BS Engineering', '2015', 'Mindanao State University');
INSERT INTO public.jobseeker_education (id, jobseeker_id, currently_in_school, level, course, year_graduated, school_name) VALUES ('42ef1411-8af0-46f6-bf0a-bfb3961d1ea0', 'ddb14216-4ef5-490c-a17c-bf073c49a1da', false, 'College Graduate', 'BS Business Administration', '2020', 'Mindanao State University');
INSERT INTO public.jobseeker_education (id, jobseeker_id, currently_in_school, level, course, year_graduated, school_name) VALUES ('18461fe2-8a74-4c8a-9acb-0d0e2b0b6073', 'ddb14216-4ef5-490c-a17c-bf073c49a1da', false, 'College Graduate', 'BS Business Administration', '2021', 'Mindanao State University');
INSERT INTO public.jobseeker_education (id, jobseeker_id, currently_in_school, level, course, year_graduated, school_name) VALUES ('5535b7f8-276b-4430-a4ec-7915d49ed172', 'ddb14216-4ef5-490c-a17c-bf073c49a1da', false, 'College Graduate', 'BS Business Administration', '2020', 'Mindanao State University');
INSERT INTO public.jobseeker_experience (id, jobseeker_id, company_name, position, number_of_months, status) VALUES ('df386549-8ee8-4f57-a3e6-e06b90a1995a', 'ddb14216-4ef5-490c-a17c-bf073c49a1da', 'Serrano Corp', 'Teacher', 6, 'Completed');
INSERT INTO public.jobseeker_experience (id, jobseeker_id, company_name, position, number_of_months, status) VALUES ('cf964fbe-fdbf-4a2e-a880-c7c68360da1a', 'ddb14216-4ef5-490c-a17c-bf073c49a1da', 'Diaz Corp', 'Receptionist', 44, 'Completed');
INSERT INTO public.jobseeker_trainings (id, jobseeker_id, course, hours_of_training, training_institution) VALUES ('db51f96f-8d4f-4f27-9885-3776fbf6b0ad', 'ddb14216-4ef5-490c-a17c-bf073c49a1da', 'Web Development', 90, 'TESDA Gensan');
INSERT INTO public.jobseeker_trainings (id, jobseeker_id, course, hours_of_training, training_institution) VALUES ('0a9428b2-dc9c-4021-b00c-dbb566b156cc', 'ddb14216-4ef5-490c-a17c-bf073c49a1da', 'First Aid', 60, 'TESDA Gensan');
INSERT INTO public.jobseekers (id, email, first_name, last_name, birth_date, gender, civil_status, is_pwd, phone, barangay, city, province, employment_status, is_active, job_seeking_status, profile_complete, profile_completeness, work_setup_preference, expected_salary_min, preferred_occupation_1, preferred_occupation_2, preferred_work_location_local_1, preferred_work_location_local_2, preference_full_time, preference_part_time) VALUES ('02d61317-203d-4f48-a3be-7a7267c75edf', 'jobseeker22@example.com', 'Jorge', 'Jimenez', '1990-01-01', 'Male', 'Single', false, '09713408302', 'Dadiangas South', 'General Santos City', 'South Cotabato', 'Unemployed', true, 'actively_looking', true, 100, 'onsite', 23014, 'Warehouse Worker', 'Security Guard', 'Olympog, General Santos City', 'Siguel, General Santos City', true, false);
INSERT INTO public.jobseeker_education (id, jobseeker_id, currently_in_school, level, course, year_graduated, school_name) VALUES ('99e673d3-4b50-4c87-b82d-e341a2a743af', '02d61317-203d-4f48-a3be-7a7267c75edf', false, 'College Graduate', 'BS Nursing', '2017', 'Mindanao State University');
INSERT INTO public.jobseeker_education (id, jobseeker_id, currently_in_school, level, course, year_graduated, school_name) VALUES ('d735a771-0598-4ad6-9fd7-4c747cc7586e', '02d61317-203d-4f48-a3be-7a7267c75edf', false, 'College Graduate', 'BS Education', '2022', 'Mindanao State University');
INSERT INTO public.jobseeker_education (id, jobseeker_id, currently_in_school, level, course, year_graduated, school_name) VALUES ('dc2bf8f4-b124-461f-a682-9a8908ed806f', '02d61317-203d-4f48-a3be-7a7267c75edf', false, 'College Graduate', 'BS Business Administration', '2022', 'Mindanao State University');
INSERT INTO public.jobseeker_experience (id, jobseeker_id, company_name, position, number_of_months, status) VALUES ('afc8fbee-153f-4403-986a-6278a7debfa5', '02d61317-203d-4f48-a3be-7a7267c75edf', 'Ruiz Corp', 'Security Guard', 9, 'Completed');
INSERT INTO public.jobseeker_experience (id, jobseeker_id, company_name, position, number_of_months, status) VALUES ('375862b9-6068-42af-9a37-7a4f1e3aab2d', '02d61317-203d-4f48-a3be-7a7267c75edf', 'Alonso Corp', 'HR Officer', 50, 'Completed');
INSERT INTO public.jobseeker_experience (id, jobseeker_id, company_name, position, number_of_months, status) VALUES ('063c6665-14a1-4fe2-a8a1-7eff16216442', '02d61317-203d-4f48-a3be-7a7267c75edf', 'Navarro Corp', 'Electrician', 17, 'Completed');
INSERT INTO public.jobseeker_experience (id, jobseeker_id, company_name, position, number_of_months, status) VALUES ('18bd584a-fa6d-4fc7-89e8-4d88350ffd60', '02d61317-203d-4f48-a3be-7a7267c75edf', 'Vazquez Corp', 'Quality Control Inspector', 54, 'Completed');
INSERT INTO public.jobseeker_trainings (id, jobseeker_id, course, hours_of_training, training_institution) VALUES ('5702ee49-f808-48f1-8314-39dc18ea923d', '02d61317-203d-4f48-a3be-7a7267c75edf', 'Customer Service Excellence', 40, 'TESDA Gensan');
INSERT INTO public.jobseeker_trainings (id, jobseeker_id, course, hours_of_training, training_institution) VALUES ('32b4cd8a-9e05-4a0d-8007-8a28b65bab4b', '02d61317-203d-4f48-a3be-7a7267c75edf', 'Web Development', 116, 'TESDA Gensan');
INSERT INTO public.jobseekers (id, email, first_name, last_name, birth_date, gender, civil_status, is_pwd, phone, barangay, city, province, employment_status, is_active, job_seeking_status, profile_complete, profile_completeness, work_setup_preference, expected_salary_min, preferred_occupation_1, preferred_occupation_2, preferred_work_location_local_1, preferred_work_location_local_2, preference_full_time, preference_part_time) VALUES ('8447eca3-c6f1-452d-9137-ed357b0fd04d', 'jobseeker23@example.com', 'Adrian', 'Lopez', '1990-01-01', 'Male', 'Single', false, '09230900838', 'Batomelong', 'General Santos City', 'South Cotabato', 'Unemployed', true, 'not_looking', true, 100, 'any', 15581, 'Security Guard', 'Sales Representative', 'Buayan, General Santos City', 'Batomelong, General Santos City', true, false);
INSERT INTO public.jobseeker_education (id, jobseeker_id, currently_in_school, level, course, year_graduated, school_name) VALUES ('e44c4892-c5cc-440f-bb76-41dfdef6bdc3', '8447eca3-c6f1-452d-9137-ed357b0fd04d', false, 'College Graduate', 'BS IT', '2013', 'Mindanao State University');
INSERT INTO public.jobseeker_education (id, jobseeker_id, currently_in_school, level, course, year_graduated, school_name) VALUES ('132ec39d-95a8-4b9e-a071-8c779a728b72', '8447eca3-c6f1-452d-9137-ed357b0fd04d', false, 'College Graduate', 'BS Education', '2014', 'Mindanao State University');
INSERT INTO public.jobseeker_experience (id, jobseeker_id, company_name, position, number_of_months, status) VALUES ('a2256b12-2910-41be-9491-6d70d9002ac0', '8447eca3-c6f1-452d-9137-ed357b0fd04d', 'Moreno Corp', 'Warehouse Worker', 12, 'Completed');
INSERT INTO public.jobseeker_experience (id, jobseeker_id, company_name, position, number_of_months, status) VALUES ('aad9265c-c154-40fc-beee-5515ac4b74bf', '8447eca3-c6f1-452d-9137-ed357b0fd04d', 'Suarez Corp', 'Janitor', 34, 'Completed');
INSERT INTO public.jobseeker_experience (id, jobseeker_id, company_name, position, number_of_months, status) VALUES ('a5b6a929-fe25-4a9d-a7fa-b736dbfc806c', '8447eca3-c6f1-452d-9137-ed357b0fd04d', 'Moreno Corp', 'Mechanic', 52, 'Completed');
INSERT INTO public.jobseeker_experience (id, jobseeker_id, company_name, position, number_of_months, status) VALUES ('0ae85b8f-57ec-4a32-abd1-5f9820b5c549', '8447eca3-c6f1-452d-9137-ed357b0fd04d', 'Suarez Corp', 'Administrative Assistant', 29, 'Completed');
INSERT INTO public.jobseeker_experience (id, jobseeker_id, company_name, position, number_of_months, status) VALUES ('52f12295-fb44-43f5-b8d9-bf0a0a6356ff', '8447eca3-c6f1-452d-9137-ed357b0fd04d', 'Ramos Corp', 'Warehouse Worker', 20, 'Completed');
INSERT INTO public.jobseeker_trainings (id, jobseeker_id, course, hours_of_training, training_institution) VALUES ('95e52cb3-db9e-419b-ab50-fdb45239c216', '8447eca3-c6f1-452d-9137-ed357b0fd04d', 'Customer Service Excellence', 11, 'TESDA Gensan');
INSERT INTO public.jobseeker_trainings (id, jobseeker_id, course, hours_of_training, training_institution) VALUES ('a4f4bd49-c208-4347-b3f8-eada9f6a741a', '8447eca3-c6f1-452d-9137-ed357b0fd04d', 'Leadership Training', 34, 'TESDA Gensan');
INSERT INTO public.jobseekers (id, email, first_name, last_name, birth_date, gender, civil_status, is_pwd, phone, barangay, city, province, employment_status, is_active, job_seeking_status, profile_complete, profile_completeness, work_setup_preference, expected_salary_min, preferred_occupation_1, preferred_occupation_2, preferred_work_location_local_1, preferred_work_location_local_2, preference_full_time, preference_part_time) VALUES ('f250f1c9-9b8c-4df1-ad7b-b9c7622625a8', 'jobseeker24@example.com', 'Pablo', 'Martinez', '1990-01-01', 'Female', 'Single', false, '09217549344', 'Buayan', 'General Santos City', 'South Cotabato', 'Unemployed', true, 'open', true, 100, 'any', 15279, 'Chef', 'Accountant', 'Mabuhay, General Santos City', 'Olympog, General Santos City', true, false);
INSERT INTO public.jobseeker_education (id, jobseeker_id, currently_in_school, level, course, year_graduated, school_name) VALUES ('b63f1149-a4e4-4344-8798-533c9527ad38', 'f250f1c9-9b8c-4df1-ad7b-b9c7622625a8', false, 'College Graduate', 'BS IT', '2014', 'Mindanao State University');
INSERT INTO public.jobseeker_education (id, jobseeker_id, currently_in_school, level, course, year_graduated, school_name) VALUES ('628d4a7a-51ed-4fb0-99f6-f7d44d723e15', 'f250f1c9-9b8c-4df1-ad7b-b9c7622625a8', false, 'College Graduate', 'BS Education', '2015', 'Mindanao State University');
INSERT INTO public.jobseeker_education (id, jobseeker_id, currently_in_school, level, course, year_graduated, school_name) VALUES ('42fe1e99-9145-46a1-ab5f-66dadca2dd64', 'f250f1c9-9b8c-4df1-ad7b-b9c7622625a8', false, 'College Graduate', 'BS Business Administration', '2019', 'Mindanao State University');
INSERT INTO public.jobseeker_education (id, jobseeker_id, currently_in_school, level, course, year_graduated, school_name) VALUES ('b2ec3481-32d0-45db-89ff-25dce3c3232e', 'f250f1c9-9b8c-4df1-ad7b-b9c7622625a8', false, 'College Graduate', 'BS Nursing', '2022', 'Mindanao State University');
INSERT INTO public.jobseeker_experience (id, jobseeker_id, company_name, position, number_of_months, status) VALUES ('807c8764-c055-48ab-833e-0bd3da15d0f3', 'f250f1c9-9b8c-4df1-ad7b-b9c7622625a8', 'Perez Corp', 'Deckhand', 33, 'Completed');
INSERT INTO public.jobseeker_experience (id, jobseeker_id, company_name, position, number_of_months, status) VALUES ('36f1f8be-23eb-4c21-83d5-815262f487f6', 'f250f1c9-9b8c-4df1-ad7b-b9c7622625a8', 'Ruiz Corp', 'Warehouse Worker', 34, 'Completed');
INSERT INTO public.jobseeker_experience (id, jobseeker_id, company_name, position, number_of_months, status) VALUES ('100a55ee-d6a4-4c69-bbcb-c6c9909e3c37', 'f250f1c9-9b8c-4df1-ad7b-b9c7622625a8', 'Hernandez Corp', 'Plumber', 48, 'Completed');
INSERT INTO public.jobseeker_trainings (id, jobseeker_id, course, hours_of_training, training_institution) VALUES ('8e2cab78-ec3c-4546-932d-4dd33c61656b', 'f250f1c9-9b8c-4df1-ad7b-b9c7622625a8', 'Leadership Training', 113, 'TESDA Gensan');
INSERT INTO public.jobseeker_trainings (id, jobseeker_id, course, hours_of_training, training_institution) VALUES ('92d97a3c-2017-46d7-8e93-74dc56faeb40', 'f250f1c9-9b8c-4df1-ad7b-b9c7622625a8', 'TESDA NC II', 94, 'TESDA Gensan');
INSERT INTO public.jobseekers (id, email, first_name, last_name, birth_date, gender, civil_status, is_pwd, phone, barangay, city, province, employment_status, is_active, job_seeking_status, profile_complete, profile_completeness, work_setup_preference, expected_salary_min, preferred_occupation_1, preferred_occupation_2, preferred_work_location_local_1, preferred_work_location_local_2, preference_full_time, preference_part_time) VALUES ('6b8d15c5-b3b8-421e-84ba-5466c6ee48b0', 'jobseeker25@example.com', 'Jorge', 'Lopez', '1990-01-01', 'Female', 'Single', false, '09427877098', 'Olympog', 'General Santos City', 'South Cotabato', 'Unemployed', true, 'not_looking', true, 100, 'any', 18609, 'Marketing Specialist', 'Captain', 'Buayan, General Santos City', 'San Isidro, General Santos City', true, false);
INSERT INTO public.jobseeker_education (id, jobseeker_id, currently_in_school, level, course, year_graduated, school_name) VALUES ('de50f6c9-b126-47e1-ba10-87e07a94cb72', '6b8d15c5-b3b8-421e-84ba-5466c6ee48b0', false, 'College Graduate', 'BS Business Administration', '2018', 'Mindanao State University');
INSERT INTO public.jobseeker_education (id, jobseeker_id, currently_in_school, level, course, year_graduated, school_name) VALUES ('e23ad343-6347-43e1-ab5e-1009787a3035', '6b8d15c5-b3b8-421e-84ba-5466c6ee48b0', false, 'College Graduate', 'BS Education', '2012', 'Mindanao State University');
INSERT INTO public.jobseeker_education (id, jobseeker_id, currently_in_school, level, course, year_graduated, school_name) VALUES ('e08fff38-9830-4fec-b4dc-98a12ac2e74e', '6b8d15c5-b3b8-421e-84ba-5466c6ee48b0', false, 'College Graduate', 'BS Engineering', '2016', 'Mindanao State University');
INSERT INTO public.jobseeker_education (id, jobseeker_id, currently_in_school, level, course, year_graduated, school_name) VALUES ('8fa2c579-4742-4898-a216-fe65191e40a2', '6b8d15c5-b3b8-421e-84ba-5466c6ee48b0', false, 'College Graduate', 'BS Business Administration', '2017', 'Mindanao State University');
INSERT INTO public.jobseeker_experience (id, jobseeker_id, company_name, position, number_of_months, status) VALUES ('0f89ecc0-b8d2-45c0-a30d-51bea29f88a6', '6b8d15c5-b3b8-421e-84ba-5466c6ee48b0', 'Alonso Corp', 'Warehouse Worker', 46, 'Completed');
INSERT INTO public.jobseeker_experience (id, jobseeker_id, company_name, position, number_of_months, status) VALUES ('1c48d4c7-435a-4856-b16e-2b2b9214c354', '6b8d15c5-b3b8-421e-84ba-5466c6ee48b0', 'Jimenez Corp', 'HR Officer', 9, 'Completed');
INSERT INTO public.jobseeker_experience (id, jobseeker_id, company_name, position, number_of_months, status) VALUES ('fe680e7c-7006-4099-93de-6410c02da0c8', '6b8d15c5-b3b8-421e-84ba-5466c6ee48b0', 'Serrano Corp', 'Teacher', 14, 'Completed');
INSERT INTO public.jobseeker_experience (id, jobseeker_id, company_name, position, number_of_months, status) VALUES ('ac029230-3a44-4c6d-938f-3917ed88b81b', '6b8d15c5-b3b8-421e-84ba-5466c6ee48b0', 'Gutierrez Corp', 'Cashier', 46, 'Completed');
INSERT INTO public.jobseeker_trainings (id, jobseeker_id, course, hours_of_training, training_institution) VALUES ('6a863251-0255-46f8-a928-54c80c970d5d', '6b8d15c5-b3b8-421e-84ba-5466c6ee48b0', 'Web Development', 59, 'TESDA Gensan');
INSERT INTO public.jobseekers (id, email, first_name, last_name, birth_date, gender, civil_status, is_pwd, phone, barangay, city, province, employment_status, is_active, job_seeking_status, profile_complete, profile_completeness, work_setup_preference, expected_salary_min, preferred_occupation_1, preferred_occupation_2, preferred_work_location_local_1, preferred_work_location_local_2, preference_full_time, preference_part_time) VALUES ('1fb1bf0a-1800-4f37-bf60-1a44cb54bd2a', 'jobseeker26@example.com', 'Elena', 'Blanco', '1990-01-01', 'Male', 'Single', false, '09794516315', 'Lagao', 'General Santos City', 'South Cotabato', 'Unemployed', true, 'not_looking', true, 100, 'any', 15986, 'Security Guard', 'Receptionist', 'Ligaya, General Santos City', 'Tambler, General Santos City', true, false);
INSERT INTO public.jobseeker_education (id, jobseeker_id, currently_in_school, level, course, year_graduated, school_name) VALUES ('f7cecbec-9840-40ff-aed8-1109d3f09fb9', '1fb1bf0a-1800-4f37-bf60-1a44cb54bd2a', false, 'College Graduate', 'BS Education', '2019', 'Mindanao State University');
INSERT INTO public.jobseeker_education (id, jobseeker_id, currently_in_school, level, course, year_graduated, school_name) VALUES ('a2f47d3e-5837-4b6e-ba10-5eef58cd4b12', '1fb1bf0a-1800-4f37-bf60-1a44cb54bd2a', false, 'College Graduate', 'BS IT', '2021', 'Mindanao State University');
INSERT INTO public.jobseeker_education (id, jobseeker_id, currently_in_school, level, course, year_graduated, school_name) VALUES ('31eca805-a9dd-485e-8c79-bfb2e2b8a7eb', '1fb1bf0a-1800-4f37-bf60-1a44cb54bd2a', false, 'College Graduate', 'BS IT', '2014', 'Mindanao State University');
INSERT INTO public.jobseeker_experience (id, jobseeker_id, company_name, position, number_of_months, status) VALUES ('b1ce32f0-e0cb-4039-b4c6-433495040313', '1fb1bf0a-1800-4f37-bf60-1a44cb54bd2a', 'Rodriguez Corp', 'Cashier', 40, 'Completed');
INSERT INTO public.jobseeker_experience (id, jobseeker_id, company_name, position, number_of_months, status) VALUES ('37b1148e-5729-4499-9841-3a63bb0c0017', '1fb1bf0a-1800-4f37-bf60-1a44cb54bd2a', 'Garcia Corp', 'Nurse', 49, 'Completed');
INSERT INTO public.jobseeker_experience (id, jobseeker_id, company_name, position, number_of_months, status) VALUES ('a483b88e-9b77-4904-931a-1963acb811b0', '1fb1bf0a-1800-4f37-bf60-1a44cb54bd2a', 'Gonzalez Corp', 'Marketing Specialist', 38, 'Completed');
INSERT INTO public.jobseeker_trainings (id, jobseeker_id, course, hours_of_training, training_institution) VALUES ('d8afae3c-0882-4fda-a715-c526cefe04fa', '1fb1bf0a-1800-4f37-bf60-1a44cb54bd2a', 'TESDA NC II', 67, 'TESDA Gensan');
INSERT INTO public.jobseeker_trainings (id, jobseeker_id, course, hours_of_training, training_institution) VALUES ('0d071799-fbd4-42d9-841a-86cc8a1a676c', '1fb1bf0a-1800-4f37-bf60-1a44cb54bd2a', 'First Aid', 50, 'TESDA Gensan');
INSERT INTO public.jobseeker_trainings (id, jobseeker_id, course, hours_of_training, training_institution) VALUES ('e7e204ce-aa1a-436b-a840-235aaf8d7214', '1fb1bf0a-1800-4f37-bf60-1a44cb54bd2a', 'Customer Service Excellence', 84, 'TESDA Gensan');
INSERT INTO public.jobseekers (id, email, first_name, last_name, birth_date, gender, civil_status, is_pwd, phone, barangay, city, province, employment_status, is_active, job_seeking_status, profile_complete, profile_completeness, work_setup_preference, expected_salary_min, preferred_occupation_1, preferred_occupation_2, preferred_work_location_local_1, preferred_work_location_local_2, preference_full_time, preference_part_time) VALUES ('5e34ba0b-d08b-414d-a14d-081d575b34f5', 'jobseeker27@example.com', 'Julia', 'Gutierrez', '1990-01-01', 'Male', 'Single', false, '09516345823', 'Batomelong', 'General Santos City', 'South Cotabato', 'Unemployed', true, 'not_looking', true, 100, 'hybrid', 16510, 'Software Engineer', 'Sales Representative', 'Katangawan, General Santos City', 'Buayan, General Santos City', true, false);
INSERT INTO public.jobseeker_education (id, jobseeker_id, currently_in_school, level, course, year_graduated, school_name) VALUES ('defebdd3-54b4-4552-a470-61ef6d4ba572', '5e34ba0b-d08b-414d-a14d-081d575b34f5', false, 'College Graduate', 'BS Engineering', '2022', 'Mindanao State University');
INSERT INTO public.jobseeker_education (id, jobseeker_id, currently_in_school, level, course, year_graduated, school_name) VALUES ('468f4048-4f84-48d0-a7cc-a9d9a72b4c45', '5e34ba0b-d08b-414d-a14d-081d575b34f5', false, 'College Graduate', 'BS IT', '2012', 'Mindanao State University');
INSERT INTO public.jobseeker_experience (id, jobseeker_id, company_name, position, number_of_months, status) VALUES ('eec4912a-954c-42d2-b661-b8e1459c54b3', '5e34ba0b-d08b-414d-a14d-081d575b34f5', 'Suarez Corp', 'Chef', 22, 'Completed');
INSERT INTO public.jobseeker_experience (id, jobseeker_id, company_name, position, number_of_months, status) VALUES ('6e10e159-5892-4045-b671-bf0a92f80359', '5e34ba0b-d08b-414d-a14d-081d575b34f5', 'Alvarez Corp', 'Chef', 40, 'Completed');
INSERT INTO public.jobseeker_experience (id, jobseeker_id, company_name, position, number_of_months, status) VALUES ('71c8b11e-e5e5-4c64-9b0e-500aa5b1d14d', '5e34ba0b-d08b-414d-a14d-081d575b34f5', 'Vazquez Corp', 'Warehouse Worker', 45, 'Completed');
INSERT INTO public.jobseeker_trainings (id, jobseeker_id, course, hours_of_training, training_institution) VALUES ('4c8330b9-73b5-4e0e-b4b6-bfe7d806f87b', '5e34ba0b-d08b-414d-a14d-081d575b34f5', 'Web Development', 96, 'TESDA Gensan');
INSERT INTO public.jobseeker_trainings (id, jobseeker_id, course, hours_of_training, training_institution) VALUES ('9d6039c9-b7d5-4ee0-abc6-c134ce1c93c5', '5e34ba0b-d08b-414d-a14d-081d575b34f5', 'TESDA NC II', 56, 'TESDA Gensan');
INSERT INTO public.jobseeker_trainings (id, jobseeker_id, course, hours_of_training, training_institution) VALUES ('d1b96212-55f5-4d3f-b462-69a5798feedd', '5e34ba0b-d08b-414d-a14d-081d575b34f5', 'TESDA NC II', 52, 'TESDA Gensan');
INSERT INTO public.jobseekers (id, email, first_name, last_name, birth_date, gender, civil_status, is_pwd, phone, barangay, city, province, employment_status, is_active, job_seeking_status, profile_complete, profile_completeness, work_setup_preference, expected_salary_min, preferred_occupation_1, preferred_occupation_2, preferred_work_location_local_1, preferred_work_location_local_2, preference_full_time, preference_part_time) VALUES ('41e69884-7bcb-4ce4-a230-df668335c8e0', 'jobseeker28@example.com', 'Marta', 'Munoz', '1990-01-01', 'Male', 'Single', false, '09466980507', 'Batomelong', 'General Santos City', 'South Cotabato', 'Unemployed', true, 'open', true, 100, 'remote', 20638, 'Electrician', 'Quality Control Inspector', 'Tambler, General Santos City', 'Dadiangas West, General Santos City', true, false);
INSERT INTO public.jobseeker_education (id, jobseeker_id, currently_in_school, level, course, year_graduated, school_name) VALUES ('8edc6442-667b-43ec-8cd7-6b00a7323aed', '41e69884-7bcb-4ce4-a230-df668335c8e0', false, 'College Graduate', 'BS IT', '2016', 'Mindanao State University');
INSERT INTO public.jobseeker_education (id, jobseeker_id, currently_in_school, level, course, year_graduated, school_name) VALUES ('9a8fedec-ffb7-4f69-bcc4-54bfac67d0d1', '41e69884-7bcb-4ce4-a230-df668335c8e0', false, 'College Graduate', 'BS Engineering', '2015', 'Mindanao State University');
INSERT INTO public.jobseeker_experience (id, jobseeker_id, company_name, position, number_of_months, status) VALUES ('c50ce53f-c4b5-41b4-93e9-4fd40d41268c', '41e69884-7bcb-4ce4-a230-df668335c8e0', 'Jimenez Corp', 'Chef', 14, 'Completed');
INSERT INTO public.jobseeker_experience (id, jobseeker_id, company_name, position, number_of_months, status) VALUES ('2fe0707e-54f9-45fb-bbe6-b45d31f5f0f1', '41e69884-7bcb-4ce4-a230-df668335c8e0', 'Blanco Corp', 'Receptionist', 17, 'Completed');
INSERT INTO public.jobseeker_trainings (id, jobseeker_id, course, hours_of_training, training_institution) VALUES ('9e1cf150-8d1c-482d-858f-9d378d6f11c8', '41e69884-7bcb-4ce4-a230-df668335c8e0', 'First Aid', 16, 'TESDA Gensan');
INSERT INTO public.jobseeker_trainings (id, jobseeker_id, course, hours_of_training, training_institution) VALUES ('1868d238-3d55-4e99-9bcb-1e1e07c7c53e', '41e69884-7bcb-4ce4-a230-df668335c8e0', 'TESDA NC II', 100, 'TESDA Gensan');
INSERT INTO public.jobseekers (id, email, first_name, last_name, birth_date, gender, civil_status, is_pwd, phone, barangay, city, province, employment_status, is_active, job_seeking_status, profile_complete, profile_completeness, work_setup_preference, expected_salary_min, preferred_occupation_1, preferred_occupation_2, preferred_work_location_local_1, preferred_work_location_local_2, preference_full_time, preference_part_time) VALUES ('4726ecb9-7ef1-4094-aae1-bacf4233d28c', 'jobseeker29@example.com', 'Miguel', 'Ramirez', '1990-01-01', 'Female', 'Single', false, '09493261275', 'Labangal', 'General Santos City', 'South Cotabato', 'Unemployed', true, 'not_looking', true, 100, 'hybrid', 22022, 'Plumber', 'Teacher', 'City Heights, General Santos City', 'Apopong, General Santos City', true, false);
INSERT INTO public.jobseeker_education (id, jobseeker_id, currently_in_school, level, course, year_graduated, school_name) VALUES ('950893d3-2f21-4e4c-b232-ef85f4b01c8e', '4726ecb9-7ef1-4094-aae1-bacf4233d28c', false, 'College Graduate', 'BS Nursing', '2010', 'Mindanao State University');
INSERT INTO public.jobseeker_education (id, jobseeker_id, currently_in_school, level, course, year_graduated, school_name) VALUES ('0443da0a-3294-4665-ab5a-e65d8d8bb62b', '4726ecb9-7ef1-4094-aae1-bacf4233d28c', false, 'College Graduate', 'BS Engineering', '2013', 'Mindanao State University');
INSERT INTO public.jobseeker_education (id, jobseeker_id, currently_in_school, level, course, year_graduated, school_name) VALUES ('5554abed-f66e-4b98-9da0-da6adb559546', '4726ecb9-7ef1-4094-aae1-bacf4233d28c', false, 'College Graduate', 'BS Business Administration', '2013', 'Mindanao State University');
INSERT INTO public.jobseeker_education (id, jobseeker_id, currently_in_school, level, course, year_graduated, school_name) VALUES ('58b96b33-4a71-4b2d-a717-8548b4e547b8', '4726ecb9-7ef1-4094-aae1-bacf4233d28c', false, 'College Graduate', 'BS Business Administration', '2011', 'Mindanao State University');
INSERT INTO public.jobseeker_experience (id, jobseeker_id, company_name, position, number_of_months, status) VALUES ('88558a34-c573-4c4d-8363-d1c172b41f6d', '4726ecb9-7ef1-4094-aae1-bacf4233d28c', 'Garcia Corp', 'Manager', 40, 'Completed');
INSERT INTO public.jobseeker_experience (id, jobseeker_id, company_name, position, number_of_months, status) VALUES ('d2878e9e-fe35-4f4b-be8f-3e2bc666b572', '4726ecb9-7ef1-4094-aae1-bacf4233d28c', 'Martin Corp', 'Cashier', 21, 'Completed');
INSERT INTO public.jobseeker_experience (id, jobseeker_id, company_name, position, number_of_months, status) VALUES ('bbc9370e-b87a-4eba-b817-ae257f0bae05', '4726ecb9-7ef1-4094-aae1-bacf4233d28c', 'Alvarez Corp', 'Data Analyst', 55, 'Completed');
INSERT INTO public.jobseeker_trainings (id, jobseeker_id, course, hours_of_training, training_institution) VALUES ('e26587e2-52c1-43ec-848f-c6273dd8c586', '4726ecb9-7ef1-4094-aae1-bacf4233d28c', 'Leadership Training', 25, 'TESDA Gensan');
INSERT INTO public.jobseeker_trainings (id, jobseeker_id, course, hours_of_training, training_institution) VALUES ('80fff4e2-7e5b-4400-9bc8-5a60893a011b', '4726ecb9-7ef1-4094-aae1-bacf4233d28c', 'Leadership Training', 69, 'TESDA Gensan');
INSERT INTO public.jobseekers (id, email, first_name, last_name, birth_date, gender, civil_status, is_pwd, phone, barangay, city, province, employment_status, is_active, job_seeking_status, profile_complete, profile_completeness, work_setup_preference, expected_salary_min, preferred_occupation_1, preferred_occupation_2, preferred_work_location_local_1, preferred_work_location_local_2, preference_full_time, preference_part_time) VALUES ('9810f800-bbe4-4abd-b3b8-6349726d972d', 'jobseeker30@example.com', 'Carlos', 'Martin', '1990-01-01', 'Female', 'Single', false, '09752339947', 'Apopong', 'General Santos City', 'South Cotabato', 'Unemployed', true, 'not_looking', true, 100, 'any', 20730, 'Data Analyst', 'Tuna Grader', 'Conel, General Santos City', 'Buayan, General Santos City', true, false);
INSERT INTO public.jobseeker_education (id, jobseeker_id, currently_in_school, level, course, year_graduated, school_name) VALUES ('628f01e6-16fc-402d-803f-2a21cdf95535', '9810f800-bbe4-4abd-b3b8-6349726d972d', false, 'College Graduate', 'BS Engineering', '2013', 'Mindanao State University');
INSERT INTO public.jobseeker_education (id, jobseeker_id, currently_in_school, level, course, year_graduated, school_name) VALUES ('683b4246-08bc-40ae-a906-f32df396df66', '9810f800-bbe4-4abd-b3b8-6349726d972d', false, 'College Graduate', 'BS Engineering', '2016', 'Mindanao State University');
INSERT INTO public.jobseeker_education (id, jobseeker_id, currently_in_school, level, course, year_graduated, school_name) VALUES ('ef7f1ffa-5ae0-44ad-aa4a-72154c70e462', '9810f800-bbe4-4abd-b3b8-6349726d972d', false, 'College Graduate', 'BS Nursing', '2015', 'Mindanao State University');
INSERT INTO public.jobseeker_education (id, jobseeker_id, currently_in_school, level, course, year_graduated, school_name) VALUES ('5c9e1e31-2417-430e-ba72-8513247de72a', '9810f800-bbe4-4abd-b3b8-6349726d972d', false, 'College Graduate', 'BS Education', '2021', 'Mindanao State University');
INSERT INTO public.jobseeker_education (id, jobseeker_id, currently_in_school, level, course, year_graduated, school_name) VALUES ('30a4a263-5667-4b3b-a7c5-4030ee5790c0', '9810f800-bbe4-4abd-b3b8-6349726d972d', false, 'College Graduate', 'BS IT', '2021', 'Mindanao State University');
INSERT INTO public.jobseeker_experience (id, jobseeker_id, company_name, position, number_of_months, status) VALUES ('602ef881-1795-4139-8b9b-d0fbd89aba4a', '9810f800-bbe4-4abd-b3b8-6349726d972d', 'Rodriguez Corp', 'Mechanic', 50, 'Completed');
INSERT INTO public.jobseeker_experience (id, jobseeker_id, company_name, position, number_of_months, status) VALUES ('59d74cbc-fa0d-4d9a-97bf-7c678562f10b', '9810f800-bbe4-4abd-b3b8-6349726d972d', 'Blanco Corp', 'Captain', 35, 'Completed');
INSERT INTO public.jobseeker_experience (id, jobseeker_id, company_name, position, number_of_months, status) VALUES ('958f6649-ac32-4763-a149-fc70fc0f143f', '9810f800-bbe4-4abd-b3b8-6349726d972d', 'Jimenez Corp', 'Teacher', 57, 'Completed');
INSERT INTO public.jobseeker_experience (id, jobseeker_id, company_name, position, number_of_months, status) VALUES ('032b2a0b-ad81-4089-89d7-9c319733a0bc', '9810f800-bbe4-4abd-b3b8-6349726d972d', 'Diaz Corp', 'Receptionist', 14, 'Completed');
INSERT INTO public.jobseeker_trainings (id, jobseeker_id, course, hours_of_training, training_institution) VALUES ('abf11c73-2757-43b8-a302-21c9a767797c', '9810f800-bbe4-4abd-b3b8-6349726d972d', 'Web Development', 112, 'TESDA Gensan');
INSERT INTO public.jobseeker_trainings (id, jobseeker_id, course, hours_of_training, training_institution) VALUES ('23e1e5b8-f10c-463b-b824-24c8cc3e8c5b', '9810f800-bbe4-4abd-b3b8-6349726d972d', 'TESDA NC II', 97, 'TESDA Gensan');
INSERT INTO public.jobseeker_trainings (id, jobseeker_id, course, hours_of_training, training_institution) VALUES ('0d10526a-cbc4-43eb-bb68-b767881ef8ce', '9810f800-bbe4-4abd-b3b8-6349726d972d', 'TESDA NC II', 19, 'TESDA Gensan');
INSERT INTO public.jobseekers (id, email, first_name, last_name, birth_date, gender, civil_status, is_pwd, phone, barangay, city, province, employment_status, is_active, job_seeking_status, profile_complete, profile_completeness, work_setup_preference, expected_salary_min, preferred_occupation_1, preferred_occupation_2, preferred_work_location_local_1, preferred_work_location_local_2, preference_full_time, preference_part_time) VALUES ('314cdc78-87c7-4f10-b537-7f571394912e', 'jobseeker31@example.com', 'Rosa', 'Ruiz', '1990-01-01', 'Female', 'Single', false, '09403052062', 'Mabuhay', 'General Santos City', 'South Cotabato', 'Unemployed', true, 'actively_looking', true, 100, 'any', 17367, 'Driver', 'Fishery Worker', 'Tambler, General Santos City', 'Dadiangas West, General Santos City', true, false);
INSERT INTO public.jobseeker_education (id, jobseeker_id, currently_in_school, level, course, year_graduated, school_name) VALUES ('ce435301-0bd2-433d-af62-66e621c67acc', '314cdc78-87c7-4f10-b537-7f571394912e', false, 'College Graduate', 'BS Business Administration', '2020', 'Mindanao State University');
INSERT INTO public.jobseeker_education (id, jobseeker_id, currently_in_school, level, course, year_graduated, school_name) VALUES ('32399724-2562-43a7-b532-5e8bff9e92ba', '314cdc78-87c7-4f10-b537-7f571394912e', false, 'College Graduate', 'BS Engineering', '2019', 'Mindanao State University');
INSERT INTO public.jobseeker_education (id, jobseeker_id, currently_in_school, level, course, year_graduated, school_name) VALUES ('400afac9-388b-4fc4-9928-f56a59128711', '314cdc78-87c7-4f10-b537-7f571394912e', false, 'College Graduate', 'BS IT', '2023', 'Mindanao State University');
INSERT INTO public.jobseeker_education (id, jobseeker_id, currently_in_school, level, course, year_graduated, school_name) VALUES ('907440b4-5899-4755-8e7e-bdd3bb3887a8', '314cdc78-87c7-4f10-b537-7f571394912e', false, 'College Graduate', 'BS Nursing', '2014', 'Mindanao State University');
INSERT INTO public.jobseeker_education (id, jobseeker_id, currently_in_school, level, course, year_graduated, school_name) VALUES ('70004515-46bb-4941-b844-44d57b326fd9', '314cdc78-87c7-4f10-b537-7f571394912e', false, 'College Graduate', 'BS Business Administration', '2017', 'Mindanao State University');
INSERT INTO public.jobseeker_experience (id, jobseeker_id, company_name, position, number_of_months, status) VALUES ('5550026f-ce2c-487b-ac18-b35f4edc00c3', '314cdc78-87c7-4f10-b537-7f571394912e', 'Martin Corp', 'Janitor', 17, 'Completed');
INSERT INTO public.jobseeker_experience (id, jobseeker_id, company_name, position, number_of_months, status) VALUES ('4d8b9ea6-a37f-4305-bbc4-55cb4492f098', '314cdc78-87c7-4f10-b537-7f571394912e', 'Garcia Corp', 'Customer Service Representative', 28, 'Completed');
INSERT INTO public.jobseeker_experience (id, jobseeker_id, company_name, position, number_of_months, status) VALUES ('7937e574-e724-407b-9c59-25fc81991513', '314cdc78-87c7-4f10-b537-7f571394912e', 'Navarro Corp', 'Tuna Grader', 45, 'Completed');
INSERT INTO public.jobseeker_experience (id, jobseeker_id, company_name, position, number_of_months, status) VALUES ('73676120-b85b-4d0e-8a53-1623a40cd74c', '314cdc78-87c7-4f10-b537-7f571394912e', 'Suarez Corp', 'Customer Service Representative', 59, 'Completed');
INSERT INTO public.jobseeker_trainings (id, jobseeker_id, course, hours_of_training, training_institution) VALUES ('a9773f64-89fc-4894-ab8b-507140c66726', '314cdc78-87c7-4f10-b537-7f571394912e', 'First Aid', 47, 'TESDA Gensan');
INSERT INTO public.jobseekers (id, email, first_name, last_name, birth_date, gender, civil_status, is_pwd, phone, barangay, city, province, employment_status, is_active, job_seeking_status, profile_complete, profile_completeness, work_setup_preference, expected_salary_min, preferred_occupation_1, preferred_occupation_2, preferred_work_location_local_1, preferred_work_location_local_2, preference_full_time, preference_part_time) VALUES ('3f560268-4a9c-45e9-9e92-92515cc8a77e', 'jobseeker32@example.com', 'Jorge', 'Blanco', '1990-01-01', 'Male', 'Single', false, '09439674147', 'Dadiangas West', 'General Santos City', 'South Cotabato', 'Unemployed', true, 'open', true, 100, 'remote', 15390, 'Electrician', 'Manager', 'Labangal, General Santos City', 'Dadiangas South, General Santos City', true, false);
INSERT INTO public.jobseeker_education (id, jobseeker_id, currently_in_school, level, course, year_graduated, school_name) VALUES ('feda5d4f-df43-43cc-9efa-54c0d869d24a', '3f560268-4a9c-45e9-9e92-92515cc8a77e', false, 'College Graduate', 'BS IT', '2015', 'Mindanao State University');
INSERT INTO public.jobseeker_education (id, jobseeker_id, currently_in_school, level, course, year_graduated, school_name) VALUES ('eb561c57-2230-478f-9f5e-67912e157d22', '3f560268-4a9c-45e9-9e92-92515cc8a77e', false, 'College Graduate', 'BS Nursing', '2014', 'Mindanao State University');
INSERT INTO public.jobseeker_education (id, jobseeker_id, currently_in_school, level, course, year_graduated, school_name) VALUES ('91ad595b-d3d8-4d42-83e5-afd6e60006dc', '3f560268-4a9c-45e9-9e92-92515cc8a77e', false, 'College Graduate', 'BS Education', '2015', 'Mindanao State University');
INSERT INTO public.jobseeker_experience (id, jobseeker_id, company_name, position, number_of_months, status) VALUES ('b5b9dc00-3d56-42c7-bcf3-cd972ef23389', '3f560268-4a9c-45e9-9e92-92515cc8a77e', 'Martin Corp', 'Sales Representative', 15, 'Completed');
INSERT INTO public.jobseeker_experience (id, jobseeker_id, company_name, position, number_of_months, status) VALUES ('dab20fc0-b324-4fed-8e95-009e408b353c', '3f560268-4a9c-45e9-9e92-92515cc8a77e', 'Hernandez Corp', 'Plumber', 22, 'Completed');
INSERT INTO public.jobseeker_trainings (id, jobseeker_id, course, hours_of_training, training_institution) VALUES ('00ece864-dadc-4c0f-8b2a-f85ef2df1a60', '3f560268-4a9c-45e9-9e92-92515cc8a77e', 'Customer Service Excellence', 94, 'TESDA Gensan');
INSERT INTO public.jobseeker_trainings (id, jobseeker_id, course, hours_of_training, training_institution) VALUES ('30aff6f7-c7bb-40c9-a384-470a3dcdd970', '3f560268-4a9c-45e9-9e92-92515cc8a77e', 'Customer Service Excellence', 25, 'TESDA Gensan');
INSERT INTO public.jobseeker_trainings (id, jobseeker_id, course, hours_of_training, training_institution) VALUES ('7951bb6e-1fe9-4568-91e0-22425223dd0f', '3f560268-4a9c-45e9-9e92-92515cc8a77e', 'Customer Service Excellence', 100, 'TESDA Gensan');
INSERT INTO public.jobseekers (id, email, first_name, last_name, birth_date, gender, civil_status, is_pwd, phone, barangay, city, province, employment_status, is_active, job_seeking_status, profile_complete, profile_completeness, work_setup_preference, expected_salary_min, preferred_occupation_1, preferred_occupation_2, preferred_work_location_local_1, preferred_work_location_local_2, preference_full_time, preference_part_time) VALUES ('995ae2f9-cdb3-4eee-ad48-013ecb9bb444', 'jobseeker33@example.com', 'Carmen', 'Jimenez', '1990-01-01', 'Male', 'Single', false, '09830729226', 'Upper Labay', 'General Santos City', 'South Cotabato', 'Unemployed', true, 'open', true, 100, 'hybrid', 23920, 'Driver', 'Electrician', 'Katangawan, General Santos City', 'Conel, General Santos City', true, false);
INSERT INTO public.jobseeker_education (id, jobseeker_id, currently_in_school, level, course, year_graduated, school_name) VALUES ('17b77093-f328-4fd5-bd0d-320022c00ce0', '995ae2f9-cdb3-4eee-ad48-013ecb9bb444', false, 'College Graduate', 'BS Education', '2017', 'Mindanao State University');
INSERT INTO public.jobseeker_education (id, jobseeker_id, currently_in_school, level, course, year_graduated, school_name) VALUES ('eb42492d-92c7-474a-8ba7-e4b94d97f806', '995ae2f9-cdb3-4eee-ad48-013ecb9bb444', false, 'College Graduate', 'BS Nursing', '2013', 'Mindanao State University');
INSERT INTO public.jobseeker_education (id, jobseeker_id, currently_in_school, level, course, year_graduated, school_name) VALUES ('25dad1c0-f377-4ca8-8789-5c59fb53c889', '995ae2f9-cdb3-4eee-ad48-013ecb9bb444', false, 'College Graduate', 'BS Nursing', '2023', 'Mindanao State University');
INSERT INTO public.jobseeker_experience (id, jobseeker_id, company_name, position, number_of_months, status) VALUES ('bd47dce4-5f36-4d1e-928b-0a7914db80b4', '995ae2f9-cdb3-4eee-ad48-013ecb9bb444', 'Gomez Corp', 'Sales Representative', 42, 'Completed');
INSERT INTO public.jobseeker_experience (id, jobseeker_id, company_name, position, number_of_months, status) VALUES ('95e454cb-c82c-4384-a2ba-047c580e590b', '995ae2f9-cdb3-4eee-ad48-013ecb9bb444', 'Gutierrez Corp', 'Driver', 10, 'Completed');
INSERT INTO public.jobseeker_experience (id, jobseeker_id, company_name, position, number_of_months, status) VALUES ('b5429707-74c7-42f7-b04a-00922941ea3d', '995ae2f9-cdb3-4eee-ad48-013ecb9bb444', 'Garcia Corp', 'Janitor', 30, 'Completed');
INSERT INTO public.jobseeker_trainings (id, jobseeker_id, course, hours_of_training, training_institution) VALUES ('37ec4776-067b-43cc-ba05-8a88c750fc29', '995ae2f9-cdb3-4eee-ad48-013ecb9bb444', 'Leadership Training', 17, 'TESDA Gensan');
INSERT INTO public.jobseeker_trainings (id, jobseeker_id, course, hours_of_training, training_institution) VALUES ('4bb0ea92-0014-4e36-9d87-61810e1a36cc', '995ae2f9-cdb3-4eee-ad48-013ecb9bb444', 'TESDA NC II', 104, 'TESDA Gensan');
INSERT INTO public.jobseeker_trainings (id, jobseeker_id, course, hours_of_training, training_institution) VALUES ('11386304-594a-49ce-b460-e7d6155d7d3a', '995ae2f9-cdb3-4eee-ad48-013ecb9bb444', 'Web Development', 40, 'TESDA Gensan');
INSERT INTO public.jobseekers (id, email, first_name, last_name, birth_date, gender, civil_status, is_pwd, phone, barangay, city, province, employment_status, is_active, job_seeking_status, profile_complete, profile_completeness, work_setup_preference, expected_salary_min, preferred_occupation_1, preferred_occupation_2, preferred_work_location_local_1, preferred_work_location_local_2, preference_full_time, preference_part_time) VALUES ('82a9d858-f433-4b3f-b46b-ba8ae35a339c', 'jobseeker34@example.com', 'Alba', 'Moreno', '1990-01-01', 'Male', 'Single', false, '09134267920', 'Ligaya', 'General Santos City', 'South Cotabato', 'Unemployed', true, 'actively_looking', true, 100, 'remote', 19677, 'Customer Service Representative', 'Nurse', 'Upper Labay, General Santos City', 'Tambler, General Santos City', true, false);
INSERT INTO public.jobseeker_education (id, jobseeker_id, currently_in_school, level, course, year_graduated, school_name) VALUES ('4041c0c2-a710-4bf4-b2fd-33e0cf040e18', '82a9d858-f433-4b3f-b46b-ba8ae35a339c', false, 'College Graduate', 'BS Nursing', '2016', 'Mindanao State University');
INSERT INTO public.jobseeker_education (id, jobseeker_id, currently_in_school, level, course, year_graduated, school_name) VALUES ('da81e496-0c9d-426e-b678-e8793c58258f', '82a9d858-f433-4b3f-b46b-ba8ae35a339c', false, 'College Graduate', 'BS Engineering', '2018', 'Mindanao State University');
INSERT INTO public.jobseeker_education (id, jobseeker_id, currently_in_school, level, course, year_graduated, school_name) VALUES ('d71153eb-1447-4d91-8e42-e63ee1729389', '82a9d858-f433-4b3f-b46b-ba8ae35a339c', false, 'College Graduate', 'BS Education', '2015', 'Mindanao State University');
INSERT INTO public.jobseeker_experience (id, jobseeker_id, company_name, position, number_of_months, status) VALUES ('de3884b4-ab86-4f91-90cc-d2df15344b8e', '82a9d858-f433-4b3f-b46b-ba8ae35a339c', 'Serrano Corp', 'Manager', 28, 'Completed');
INSERT INTO public.jobseeker_experience (id, jobseeker_id, company_name, position, number_of_months, status) VALUES ('95b057a7-73ba-4b0b-a482-375842b30ae9', '82a9d858-f433-4b3f-b46b-ba8ae35a339c', 'Hernandez Corp', 'Marketing Specialist', 42, 'Completed');
INSERT INTO public.jobseeker_experience (id, jobseeker_id, company_name, position, number_of_months, status) VALUES ('0c3e4039-1fed-4082-8d5b-071d29c1be9f', '82a9d858-f433-4b3f-b46b-ba8ae35a339c', 'Moreno Corp', 'Administrative Assistant', 14, 'Completed');
INSERT INTO public.jobseeker_experience (id, jobseeker_id, company_name, position, number_of_months, status) VALUES ('2176c491-c5e4-4394-b159-523d6c83f551', '82a9d858-f433-4b3f-b46b-ba8ae35a339c', 'Blanco Corp', 'Teacher', 41, 'Completed');
INSERT INTO public.jobseeker_trainings (id, jobseeker_id, course, hours_of_training, training_institution) VALUES ('f3721c1c-8f11-4f61-a39c-da9870afd779', '82a9d858-f433-4b3f-b46b-ba8ae35a339c', 'TESDA NC II', 113, 'TESDA Gensan');
INSERT INTO public.jobseeker_trainings (id, jobseeker_id, course, hours_of_training, training_institution) VALUES ('ce39ba76-eaf9-48ca-82a7-7e47cce252dc', '82a9d858-f433-4b3f-b46b-ba8ae35a339c', 'Customer Service Excellence', 113, 'TESDA Gensan');
INSERT INTO public.jobseekers (id, email, first_name, last_name, birth_date, gender, civil_status, is_pwd, phone, barangay, city, province, employment_status, is_active, job_seeking_status, profile_complete, profile_completeness, work_setup_preference, expected_salary_min, preferred_occupation_1, preferred_occupation_2, preferred_work_location_local_1, preferred_work_location_local_2, preference_full_time, preference_part_time) VALUES ('5fdeb856-841e-4bd2-94d0-83a3ca43996e', 'jobseeker35@example.com', 'Rafael', 'Munoz', '1990-01-01', 'Female', 'Single', false, '09380533733', 'San Isidro', 'General Santos City', 'South Cotabato', 'Unemployed', true, 'actively_looking', true, 100, 'remote', 21350, 'Electrician', 'Teacher', 'Ligaya, General Santos City', 'Sinawal, General Santos City', true, false);
INSERT INTO public.jobseeker_education (id, jobseeker_id, currently_in_school, level, course, year_graduated, school_name) VALUES ('dc8ce985-9ce8-44d2-8ba7-b082e86fa518', '5fdeb856-841e-4bd2-94d0-83a3ca43996e', false, 'College Graduate', 'BS Nursing', '2022', 'Mindanao State University');
INSERT INTO public.jobseeker_education (id, jobseeker_id, currently_in_school, level, course, year_graduated, school_name) VALUES ('7c71e326-a926-4dc5-8b69-2136b2730fa4', '5fdeb856-841e-4bd2-94d0-83a3ca43996e', false, 'College Graduate', 'BS IT', '2010', 'Mindanao State University');
INSERT INTO public.jobseeker_education (id, jobseeker_id, currently_in_school, level, course, year_graduated, school_name) VALUES ('e5f0c067-4a74-4f86-a183-f48f60fb0b9c', '5fdeb856-841e-4bd2-94d0-83a3ca43996e', false, 'College Graduate', 'BS IT', '2011', 'Mindanao State University');
INSERT INTO public.jobseeker_education (id, jobseeker_id, currently_in_school, level, course, year_graduated, school_name) VALUES ('fab55978-3980-4baa-925a-045b98320e18', '5fdeb856-841e-4bd2-94d0-83a3ca43996e', false, 'College Graduate', 'BS Nursing', '2020', 'Mindanao State University');
INSERT INTO public.jobseeker_experience (id, jobseeker_id, company_name, position, number_of_months, status) VALUES ('450efb2c-71bc-4198-a15e-db88f29e68a7', '5fdeb856-841e-4bd2-94d0-83a3ca43996e', 'Moreno Corp', 'Accountant', 8, 'Completed');
INSERT INTO public.jobseeker_experience (id, jobseeker_id, company_name, position, number_of_months, status) VALUES ('f96159af-70a9-44b6-856f-975feb36cb3c', '5fdeb856-841e-4bd2-94d0-83a3ca43996e', 'Ruiz Corp', 'Plumber', 36, 'Completed');
INSERT INTO public.jobseeker_trainings (id, jobseeker_id, course, hours_of_training, training_institution) VALUES ('14a3aa38-8674-4a9b-8a3e-ea5c01bef3d5', '5fdeb856-841e-4bd2-94d0-83a3ca43996e', 'Customer Service Excellence', 101, 'TESDA Gensan');
INSERT INTO public.jobseeker_trainings (id, jobseeker_id, course, hours_of_training, training_institution) VALUES ('5410b025-1024-49ac-ba75-656dc63293e2', '5fdeb856-841e-4bd2-94d0-83a3ca43996e', 'Web Development', 45, 'TESDA Gensan');
INSERT INTO public.jobseeker_trainings (id, jobseeker_id, course, hours_of_training, training_institution) VALUES ('b280e4a0-bfba-4ed1-a4db-097b052794aa', '5fdeb856-841e-4bd2-94d0-83a3ca43996e', 'First Aid', 84, 'TESDA Gensan');
INSERT INTO public.jobseekers (id, email, first_name, last_name, birth_date, gender, civil_status, is_pwd, phone, barangay, city, province, employment_status, is_active, job_seeking_status, profile_complete, profile_completeness, work_setup_preference, expected_salary_min, preferred_occupation_1, preferred_occupation_2, preferred_work_location_local_1, preferred_work_location_local_2, preference_full_time, preference_part_time) VALUES ('882cb7e8-d4dc-4a67-a89a-d07b811112aa', 'jobseeker36@example.com', 'Francisco', 'Gonzalez', '1990-01-01', 'Female', 'Single', false, '09631447189', 'Fatima', 'General Santos City', 'South Cotabato', 'Unemployed', true, 'open', true, 100, 'hybrid', 24994, 'Chef', 'Customer Service Representative', 'Baluan, General Santos City', 'Conel, General Santos City', true, false);
INSERT INTO public.jobseeker_education (id, jobseeker_id, currently_in_school, level, course, year_graduated, school_name) VALUES ('1cf5d849-aed1-43fe-8b85-3d7e67a4cab3', '882cb7e8-d4dc-4a67-a89a-d07b811112aa', false, 'College Graduate', 'BS Engineering', '2012', 'Mindanao State University');
INSERT INTO public.jobseeker_education (id, jobseeker_id, currently_in_school, level, course, year_graduated, school_name) VALUES ('ff18391b-f042-4ea8-9b71-fd2a6a4c0854', '882cb7e8-d4dc-4a67-a89a-d07b811112aa', false, 'College Graduate', 'BS Business Administration', '2020', 'Mindanao State University');
INSERT INTO public.jobseeker_experience (id, jobseeker_id, company_name, position, number_of_months, status) VALUES ('3cd62387-0fc9-4345-8bfc-0c352b4d38cd', '882cb7e8-d4dc-4a67-a89a-d07b811112aa', 'Fernandez Corp', 'Sales Representative', 25, 'Completed');
INSERT INTO public.jobseeker_experience (id, jobseeker_id, company_name, position, number_of_months, status) VALUES ('6c9f156b-5185-4474-8316-1b7b45ef7448', '882cb7e8-d4dc-4a67-a89a-d07b811112aa', 'Fernandez Corp', 'Captain', 53, 'Completed');
INSERT INTO public.jobseeker_experience (id, jobseeker_id, company_name, position, number_of_months, status) VALUES ('150503ee-18e9-48ee-961e-b5a8c6a73565', '882cb7e8-d4dc-4a67-a89a-d07b811112aa', 'Romero Corp', 'Chef', 49, 'Completed');
INSERT INTO public.jobseeker_experience (id, jobseeker_id, company_name, position, number_of_months, status) VALUES ('0343f6bb-4825-42dd-a0c4-be1c01f74003', '882cb7e8-d4dc-4a67-a89a-d07b811112aa', 'Garcia Corp', 'Cashier', 25, 'Completed');
INSERT INTO public.jobseeker_experience (id, jobseeker_id, company_name, position, number_of_months, status) VALUES ('19d73e41-e3e6-4d40-90a2-25f1a8a2e23b', '882cb7e8-d4dc-4a67-a89a-d07b811112aa', 'Garcia Corp', 'Marketing Specialist', 32, 'Completed');
INSERT INTO public.jobseeker_trainings (id, jobseeker_id, course, hours_of_training, training_institution) VALUES ('2f28f0ba-ad08-47c8-bf8a-97f8faab251b', '882cb7e8-d4dc-4a67-a89a-d07b811112aa', 'First Aid', 49, 'TESDA Gensan');
INSERT INTO public.jobseeker_trainings (id, jobseeker_id, course, hours_of_training, training_institution) VALUES ('a29b4e59-8c7e-4356-b46e-1c2e5048b1d8', '882cb7e8-d4dc-4a67-a89a-d07b811112aa', 'First Aid', 49, 'TESDA Gensan');
INSERT INTO public.jobseeker_trainings (id, jobseeker_id, course, hours_of_training, training_institution) VALUES ('fba35b4b-abb0-4b07-b411-435f3398fb2c', '882cb7e8-d4dc-4a67-a89a-d07b811112aa', 'Web Development', 51, 'TESDA Gensan');
INSERT INTO public.jobseekers (id, email, first_name, last_name, birth_date, gender, civil_status, is_pwd, phone, barangay, city, province, employment_status, is_active, job_seeking_status, profile_complete, profile_completeness, work_setup_preference, expected_salary_min, preferred_occupation_1, preferred_occupation_2, preferred_work_location_local_1, preferred_work_location_local_2, preference_full_time, preference_part_time) VALUES ('7e4559e3-9d5e-4d3c-a0df-6ef60340c8ac', 'jobseeker37@example.com', 'Adrian', 'Alvarez', '1990-01-01', 'Female', 'Single', false, '09441761050', 'City Heights', 'General Santos City', 'South Cotabato', 'Unemployed', true, 'actively_looking', true, 100, 'onsite', 20257, 'Driver', 'Carpenter', 'Fatima, General Santos City', 'Batomelong, General Santos City', true, false);
INSERT INTO public.jobseeker_education (id, jobseeker_id, currently_in_school, level, course, year_graduated, school_name) VALUES ('f4580657-5acd-4657-88e1-92f8d54f5c25', '7e4559e3-9d5e-4d3c-a0df-6ef60340c8ac', false, 'College Graduate', 'BS Nursing', '2023', 'Mindanao State University');
INSERT INTO public.jobseeker_education (id, jobseeker_id, currently_in_school, level, course, year_graduated, school_name) VALUES ('09231c8d-c176-4122-8568-3742913d1149', '7e4559e3-9d5e-4d3c-a0df-6ef60340c8ac', false, 'College Graduate', 'BS Business Administration', '2021', 'Mindanao State University');
INSERT INTO public.jobseeker_education (id, jobseeker_id, currently_in_school, level, course, year_graduated, school_name) VALUES ('0e5e4e05-c67d-40c5-94cf-a3ac9cff030a', '7e4559e3-9d5e-4d3c-a0df-6ef60340c8ac', false, 'College Graduate', 'BS Engineering', '2015', 'Mindanao State University');
INSERT INTO public.jobseeker_experience (id, jobseeker_id, company_name, position, number_of_months, status) VALUES ('10733df8-3ae5-4c3f-987b-4afdefa64741', '7e4559e3-9d5e-4d3c-a0df-6ef60340c8ac', 'Ruiz Corp', 'Customer Service Representative', 43, 'Completed');
INSERT INTO public.jobseeker_experience (id, jobseeker_id, company_name, position, number_of_months, status) VALUES ('70e12d13-a91c-46a6-9aed-eee5f2c5e977', '7e4559e3-9d5e-4d3c-a0df-6ef60340c8ac', 'Diaz Corp', 'Security Guard', 48, 'Completed');
INSERT INTO public.jobseeker_experience (id, jobseeker_id, company_name, position, number_of_months, status) VALUES ('22cd09e4-4bf3-4397-94e0-f3c52ea6acb7', '7e4559e3-9d5e-4d3c-a0df-6ef60340c8ac', 'Torres Corp', 'Mechanic', 57, 'Completed');
INSERT INTO public.jobseeker_trainings (id, jobseeker_id, course, hours_of_training, training_institution) VALUES ('4a762d04-fc95-47a3-b4e5-fd1a26a2f131', '7e4559e3-9d5e-4d3c-a0df-6ef60340c8ac', 'Web Development', 82, 'TESDA Gensan');
INSERT INTO public.jobseekers (id, email, first_name, last_name, birth_date, gender, civil_status, is_pwd, phone, barangay, city, province, employment_status, is_active, job_seeking_status, profile_complete, profile_completeness, work_setup_preference, expected_salary_min, preferred_occupation_1, preferred_occupation_2, preferred_work_location_local_1, preferred_work_location_local_2, preference_full_time, preference_part_time) VALUES ('c4d230a0-8eda-4cdb-845c-106c3f82317f', 'jobseeker38@example.com', 'Lucia', 'Serrano', '1990-01-01', 'Male', 'Single', false, '09539478860', 'Bula', 'General Santos City', 'South Cotabato', 'Unemployed', true, 'actively_looking', true, 100, 'hybrid', 19757, 'Customer Service Representative', 'Marketing Specialist', 'Olympog, General Santos City', 'Sinawal, General Santos City', true, false);
INSERT INTO public.jobseeker_education (id, jobseeker_id, currently_in_school, level, course, year_graduated, school_name) VALUES ('e6c57818-00c0-4af1-b295-8e0205090b51', 'c4d230a0-8eda-4cdb-845c-106c3f82317f', false, 'College Graduate', 'BS Engineering', '2022', 'Mindanao State University');
INSERT INTO public.jobseeker_education (id, jobseeker_id, currently_in_school, level, course, year_graduated, school_name) VALUES ('4eb8adb4-e589-4c80-a6e0-63bbc240f6ea', 'c4d230a0-8eda-4cdb-845c-106c3f82317f', false, 'College Graduate', 'BS Business Administration', '2014', 'Mindanao State University');
INSERT INTO public.jobseeker_experience (id, jobseeker_id, company_name, position, number_of_months, status) VALUES ('2aa4edb6-a6f9-4b17-9b0e-dee74718ec33', 'c4d230a0-8eda-4cdb-845c-106c3f82317f', 'Ramirez Corp', 'Manager', 52, 'Completed');
INSERT INTO public.jobseeker_experience (id, jobseeker_id, company_name, position, number_of_months, status) VALUES ('4a5f450f-1ce6-426a-80d5-e0aa3eb0d923', 'c4d230a0-8eda-4cdb-845c-106c3f82317f', 'Rodriguez Corp', 'Customer Service Representative', 42, 'Completed');
INSERT INTO public.jobseeker_trainings (id, jobseeker_id, course, hours_of_training, training_institution) VALUES ('35047487-3ceb-48eb-a819-cd039a14c72c', 'c4d230a0-8eda-4cdb-845c-106c3f82317f', 'Web Development', 67, 'TESDA Gensan');
INSERT INTO public.jobseeker_trainings (id, jobseeker_id, course, hours_of_training, training_institution) VALUES ('3f93e5b8-74cd-4bfa-8b45-925a581f9bac', 'c4d230a0-8eda-4cdb-845c-106c3f82317f', 'Customer Service Excellence', 82, 'TESDA Gensan');
INSERT INTO public.jobseeker_trainings (id, jobseeker_id, course, hours_of_training, training_institution) VALUES ('c8886632-c743-4187-bbeb-1e3d733090b7', 'c4d230a0-8eda-4cdb-845c-106c3f82317f', 'Customer Service Excellence', 28, 'TESDA Gensan');
INSERT INTO public.jobseekers (id, email, first_name, last_name, birth_date, gender, civil_status, is_pwd, phone, barangay, city, province, employment_status, is_active, job_seeking_status, profile_complete, profile_completeness, work_setup_preference, expected_salary_min, preferred_occupation_1, preferred_occupation_2, preferred_work_location_local_1, preferred_work_location_local_2, preference_full_time, preference_part_time) VALUES ('eb6e0189-7896-4c0d-a9bc-147de44a45f7', 'jobseeker39@example.com', 'Teresa', 'Diaz', '1990-01-01', 'Female', 'Single', false, '09284274086', 'Apopong', 'General Santos City', 'South Cotabato', 'Unemployed', true, 'open', true, 100, 'remote', 21725, 'Electrician', 'Cashier', 'Conel, General Santos City', 'Calumpang, General Santos City', true, false);
INSERT INTO public.jobseeker_education (id, jobseeker_id, currently_in_school, level, course, year_graduated, school_name) VALUES ('71753af2-04bb-412f-b53c-6fa774ffb201', 'eb6e0189-7896-4c0d-a9bc-147de44a45f7', false, 'College Graduate', 'BS Education', '2018', 'Mindanao State University');
INSERT INTO public.jobseeker_education (id, jobseeker_id, currently_in_school, level, course, year_graduated, school_name) VALUES ('381fac5b-4787-4465-9522-333cb9e9acb1', 'eb6e0189-7896-4c0d-a9bc-147de44a45f7', false, 'College Graduate', 'BS Engineering', '2016', 'Mindanao State University');
INSERT INTO public.jobseeker_education (id, jobseeker_id, currently_in_school, level, course, year_graduated, school_name) VALUES ('5b80a056-c6aa-4f4f-8735-489759723c06', 'eb6e0189-7896-4c0d-a9bc-147de44a45f7', false, 'College Graduate', 'BS Business Administration', '2015', 'Mindanao State University');
INSERT INTO public.jobseeker_education (id, jobseeker_id, currently_in_school, level, course, year_graduated, school_name) VALUES ('0284d7a9-975d-4769-baf7-4b5a728db8d4', 'eb6e0189-7896-4c0d-a9bc-147de44a45f7', false, 'College Graduate', 'BS Engineering', '2017', 'Mindanao State University');
INSERT INTO public.jobseeker_experience (id, jobseeker_id, company_name, position, number_of_months, status) VALUES ('ada4e4df-cdbd-4da6-b319-a5d677b4e9a5', 'eb6e0189-7896-4c0d-a9bc-147de44a45f7', 'Garcia Corp', 'Mechanic', 41, 'Completed');
INSERT INTO public.jobseeker_experience (id, jobseeker_id, company_name, position, number_of_months, status) VALUES ('6459e403-76c2-4faf-a462-74f713897f6b', 'eb6e0189-7896-4c0d-a9bc-147de44a45f7', 'Sanchez Corp', 'Data Analyst', 10, 'Completed');
INSERT INTO public.jobseeker_experience (id, jobseeker_id, company_name, position, number_of_months, status) VALUES ('2a6f1a40-97de-4b28-ba75-ffd6ac730fdd', 'eb6e0189-7896-4c0d-a9bc-147de44a45f7', 'Munoz Corp', 'Chef', 18, 'Completed');
INSERT INTO public.jobseeker_trainings (id, jobseeker_id, course, hours_of_training, training_institution) VALUES ('0dcc858f-a333-4219-9ae7-113848bcf6bc', 'eb6e0189-7896-4c0d-a9bc-147de44a45f7', 'Customer Service Excellence', 60, 'TESDA Gensan');
INSERT INTO public.jobseekers (id, email, first_name, last_name, birth_date, gender, civil_status, is_pwd, phone, barangay, city, province, employment_status, is_active, job_seeking_status, profile_complete, profile_completeness, work_setup_preference, expected_salary_min, preferred_occupation_1, preferred_occupation_2, preferred_work_location_local_1, preferred_work_location_local_2, preference_full_time, preference_part_time) VALUES ('94843de6-5f44-4c86-8889-217ebe0e6a40', 'jobseeker40@example.com', 'Rafael', 'Blanco', '1990-01-01', 'Female', 'Single', false, '09438060366', 'Dadiangas West', 'General Santos City', 'South Cotabato', 'Unemployed', true, 'actively_looking', true, 100, 'remote', 15742, 'Teacher', 'Electrician', 'Labangal, General Santos City', 'Apopong, General Santos City', true, false);
INSERT INTO public.jobseeker_education (id, jobseeker_id, currently_in_school, level, course, year_graduated, school_name) VALUES ('cced81bc-7e8b-4463-b5af-937f40284521', '94843de6-5f44-4c86-8889-217ebe0e6a40', false, 'College Graduate', 'BS Nursing', '2016', 'Mindanao State University');
INSERT INTO public.jobseeker_education (id, jobseeker_id, currently_in_school, level, course, year_graduated, school_name) VALUES ('141f4585-8a04-4508-a1f5-3d9ed4f706d5', '94843de6-5f44-4c86-8889-217ebe0e6a40', false, 'College Graduate', 'BS Nursing', '2021', 'Mindanao State University');
INSERT INTO public.jobseeker_experience (id, jobseeker_id, company_name, position, number_of_months, status) VALUES ('a67eba43-8445-493a-bcd5-6c049de13362', '94843de6-5f44-4c86-8889-217ebe0e6a40', 'Diaz Corp', 'Accountant', 10, 'Completed');
INSERT INTO public.jobseeker_experience (id, jobseeker_id, company_name, position, number_of_months, status) VALUES ('4c869b1c-99f0-44f8-8b3a-59d76f258df9', '94843de6-5f44-4c86-8889-217ebe0e6a40', 'Gonzalez Corp', 'Carpenter', 19, 'Completed');
INSERT INTO public.jobseeker_experience (id, jobseeker_id, company_name, position, number_of_months, status) VALUES ('1c3854b2-1bb8-4411-af5d-f682adfc389b', '94843de6-5f44-4c86-8889-217ebe0e6a40', 'Munoz Corp', 'Waitress', 54, 'Completed');
INSERT INTO public.jobseeker_experience (id, jobseeker_id, company_name, position, number_of_months, status) VALUES ('04dfe36e-f358-400b-8d2b-d9d285e3eefa', '94843de6-5f44-4c86-8889-217ebe0e6a40', 'Suarez Corp', 'Security Guard', 28, 'Completed');
INSERT INTO public.jobseeker_trainings (id, jobseeker_id, course, hours_of_training, training_institution) VALUES ('7e459709-ed9d-4bd8-8f65-2556b5a6845e', '94843de6-5f44-4c86-8889-217ebe0e6a40', 'Customer Service Excellence', 48, 'TESDA Gensan');
INSERT INTO public.jobseekers (id, email, first_name, last_name, birth_date, gender, civil_status, is_pwd, phone, barangay, city, province, employment_status, is_active, job_seeking_status, profile_complete, profile_completeness, work_setup_preference, expected_salary_min, preferred_occupation_1, preferred_occupation_2, preferred_work_location_local_1, preferred_work_location_local_2, preference_full_time, preference_part_time) VALUES ('0a6ae82d-1531-4176-8237-e986af1b02cb', 'jobseeker41@example.com', 'Laura', 'Suarez', '1990-01-01', 'Female', 'Single', false, '09395470620', 'Tambler', 'General Santos City', 'South Cotabato', 'Unemployed', true, 'not_looking', true, 100, 'remote', 20877, 'Fishery Worker', 'Waitress', 'Batomelong, General Santos City', 'Ligaya, General Santos City', true, false);
INSERT INTO public.jobseeker_education (id, jobseeker_id, currently_in_school, level, course, year_graduated, school_name) VALUES ('32e94fec-23d9-4797-85df-a7af91e55abb', '0a6ae82d-1531-4176-8237-e986af1b02cb', false, 'College Graduate', 'BS Nursing', '2021', 'Mindanao State University');
INSERT INTO public.jobseeker_education (id, jobseeker_id, currently_in_school, level, course, year_graduated, school_name) VALUES ('86742d07-cf39-43c6-af4b-3d3a87a50fa6', '0a6ae82d-1531-4176-8237-e986af1b02cb', false, 'College Graduate', 'BS Engineering', '2018', 'Mindanao State University');
INSERT INTO public.jobseeker_education (id, jobseeker_id, currently_in_school, level, course, year_graduated, school_name) VALUES ('fcdf518d-9c5b-4df0-9df9-27036fe95b08', '0a6ae82d-1531-4176-8237-e986af1b02cb', false, 'College Graduate', 'BS Business Administration', '2011', 'Mindanao State University');
INSERT INTO public.jobseeker_education (id, jobseeker_id, currently_in_school, level, course, year_graduated, school_name) VALUES ('80cc7977-4f37-4867-891a-f00f1f785a43', '0a6ae82d-1531-4176-8237-e986af1b02cb', false, 'College Graduate', 'BS Education', '2018', 'Mindanao State University');
INSERT INTO public.jobseeker_education (id, jobseeker_id, currently_in_school, level, course, year_graduated, school_name) VALUES ('13882920-0d8d-4662-9edd-06dcf915a9ab', '0a6ae82d-1531-4176-8237-e986af1b02cb', false, 'College Graduate', 'BS IT', '2010', 'Mindanao State University');
INSERT INTO public.jobseeker_experience (id, jobseeker_id, company_name, position, number_of_months, status) VALUES ('b7752003-487c-4363-b5a8-10dcf53b31d6', '0a6ae82d-1531-4176-8237-e986af1b02cb', 'Diaz Corp', 'Electrician', 41, 'Completed');
INSERT INTO public.jobseeker_experience (id, jobseeker_id, company_name, position, number_of_months, status) VALUES ('313f5bbe-8951-43f9-8748-cc24bd8384e0', '0a6ae82d-1531-4176-8237-e986af1b02cb', 'Sanchez Corp', 'Cashier', 50, 'Completed');
INSERT INTO public.jobseeker_experience (id, jobseeker_id, company_name, position, number_of_months, status) VALUES ('d417cd5e-77d9-46fa-bf49-fa3300738419', '0a6ae82d-1531-4176-8237-e986af1b02cb', 'Martinez Corp', 'Chef', 48, 'Completed');
INSERT INTO public.jobseeker_experience (id, jobseeker_id, company_name, position, number_of_months, status) VALUES ('31ba4f9a-cc43-4df5-be61-4536db7f2b74', '0a6ae82d-1531-4176-8237-e986af1b02cb', 'Torres Corp', 'Fishery Worker', 41, 'Completed');
INSERT INTO public.jobseeker_experience (id, jobseeker_id, company_name, position, number_of_months, status) VALUES ('35552dec-25f5-4a40-b636-c7677715ea9a', '0a6ae82d-1531-4176-8237-e986af1b02cb', 'Rodriguez Corp', 'Teacher', 21, 'Completed');
INSERT INTO public.jobseeker_trainings (id, jobseeker_id, course, hours_of_training, training_institution) VALUES ('04f556b0-cbb7-4081-9b95-2885acc211ee', '0a6ae82d-1531-4176-8237-e986af1b02cb', 'First Aid', 59, 'TESDA Gensan');
INSERT INTO public.jobseekers (id, email, first_name, last_name, birth_date, gender, civil_status, is_pwd, phone, barangay, city, province, employment_status, is_active, job_seeking_status, profile_complete, profile_completeness, work_setup_preference, expected_salary_min, preferred_occupation_1, preferred_occupation_2, preferred_work_location_local_1, preferred_work_location_local_2, preference_full_time, preference_part_time) VALUES ('0cfee579-24a6-4736-b48d-b3322d36875a', 'jobseeker42@example.com', 'Maria', 'Alonso', '1990-01-01', 'Female', 'Single', false, '09420415911', 'Ligaya', 'General Santos City', 'South Cotabato', 'Unemployed', true, 'actively_looking', true, 100, 'any', 16943, 'Driver', 'Tuna Grader', 'Dadiangas North, General Santos City', 'Bula, General Santos City', true, false);
INSERT INTO public.jobseeker_education (id, jobseeker_id, currently_in_school, level, course, year_graduated, school_name) VALUES ('a1c4e8bc-3699-4831-91e9-58579269bcc7', '0cfee579-24a6-4736-b48d-b3322d36875a', false, 'College Graduate', 'BS Engineering', '2020', 'Mindanao State University');
INSERT INTO public.jobseeker_education (id, jobseeker_id, currently_in_school, level, course, year_graduated, school_name) VALUES ('da8d4a26-95ce-4923-8cdd-3b426c30862f', '0cfee579-24a6-4736-b48d-b3322d36875a', false, 'College Graduate', 'BS Education', '2011', 'Mindanao State University');
INSERT INTO public.jobseeker_education (id, jobseeker_id, currently_in_school, level, course, year_graduated, school_name) VALUES ('39442abc-0767-4cb1-aabe-482d6fc24d89', '0cfee579-24a6-4736-b48d-b3322d36875a', false, 'College Graduate', 'BS IT', '2020', 'Mindanao State University');
INSERT INTO public.jobseeker_experience (id, jobseeker_id, company_name, position, number_of_months, status) VALUES ('7b835083-18be-47fa-bffb-fb799223650f', '0cfee579-24a6-4736-b48d-b3322d36875a', 'Martin Corp', 'Customer Service Representative', 34, 'Completed');
INSERT INTO public.jobseeker_experience (id, jobseeker_id, company_name, position, number_of_months, status) VALUES ('333fe31f-e17b-4ef0-bf84-9e0a2be03544', '0cfee579-24a6-4736-b48d-b3322d36875a', 'Diaz Corp', 'Mechanic', 54, 'Completed');
INSERT INTO public.jobseeker_experience (id, jobseeker_id, company_name, position, number_of_months, status) VALUES ('261ffd95-b0ff-401f-ac6f-c0ba9cbfb010', '0cfee579-24a6-4736-b48d-b3322d36875a', 'Ruiz Corp', 'Captain', 11, 'Completed');
INSERT INTO public.jobseeker_experience (id, jobseeker_id, company_name, position, number_of_months, status) VALUES ('2ac959c9-4cbe-49f0-b548-8cf18e0c2594', '0cfee579-24a6-4736-b48d-b3322d36875a', 'Torres Corp', 'Software Engineer', 51, 'Completed');
INSERT INTO public.jobseeker_experience (id, jobseeker_id, company_name, position, number_of_months, status) VALUES ('022e881d-17f9-4bcf-b5f7-f395c0f66b2e', '0cfee579-24a6-4736-b48d-b3322d36875a', 'Martinez Corp', 'Data Analyst', 32, 'Completed');
INSERT INTO public.jobseeker_trainings (id, jobseeker_id, course, hours_of_training, training_institution) VALUES ('e207aaf6-8ada-4523-8be9-c28309e9c0d4', '0cfee579-24a6-4736-b48d-b3322d36875a', 'TESDA NC II', 68, 'TESDA Gensan');
INSERT INTO public.jobseekers (id, email, first_name, last_name, birth_date, gender, civil_status, is_pwd, phone, barangay, city, province, employment_status, is_active, job_seeking_status, profile_complete, profile_completeness, work_setup_preference, expected_salary_min, preferred_occupation_1, preferred_occupation_2, preferred_work_location_local_1, preferred_work_location_local_2, preference_full_time, preference_part_time) VALUES ('1a4132db-867d-4963-b111-b1be27928317', 'jobseeker43@example.com', 'Lucia', 'Navarro', '1990-01-01', 'Female', 'Single', false, '09283337317', 'Mabuhay', 'General Santos City', 'South Cotabato', 'Unemployed', true, 'actively_looking', true, 100, 'remote', 24087, 'Nurse', 'Electrician', 'Upper Labay, General Santos City', 'Lagao, General Santos City', true, false);
INSERT INTO public.jobseeker_education (id, jobseeker_id, currently_in_school, level, course, year_graduated, school_name) VALUES ('08e8dcfb-0d0a-4cf7-8ae3-b5b307d4316d', '1a4132db-867d-4963-b111-b1be27928317', false, 'College Graduate', 'BS Engineering', '2012', 'Mindanao State University');
INSERT INTO public.jobseeker_education (id, jobseeker_id, currently_in_school, level, course, year_graduated, school_name) VALUES ('a4d328c6-3b4d-4c65-9f4e-2c4acce3a888', '1a4132db-867d-4963-b111-b1be27928317', false, 'College Graduate', 'BS Business Administration', '2013', 'Mindanao State University');
INSERT INTO public.jobseeker_experience (id, jobseeker_id, company_name, position, number_of_months, status) VALUES ('4e2eb7d7-07d7-4d11-8286-4be38eb749ae', '1a4132db-867d-4963-b111-b1be27928317', 'Jimenez Corp', 'Security Guard', 40, 'Completed');
INSERT INTO public.jobseeker_experience (id, jobseeker_id, company_name, position, number_of_months, status) VALUES ('d8289340-8ca4-4e02-9d09-390a408eba36', '1a4132db-867d-4963-b111-b1be27928317', 'Jimenez Corp', 'Carpenter', 9, 'Completed');
INSERT INTO public.jobseeker_experience (id, jobseeker_id, company_name, position, number_of_months, status) VALUES ('0d9ad856-2fc4-49d0-901e-cef5faffce74', '1a4132db-867d-4963-b111-b1be27928317', 'Rodriguez Corp', 'Cashier', 6, 'Completed');
INSERT INTO public.jobseeker_experience (id, jobseeker_id, company_name, position, number_of_months, status) VALUES ('e86807ab-5ed0-423c-9a88-fdd5e682dec0', '1a4132db-867d-4963-b111-b1be27928317', 'Munoz Corp', 'Fishery Worker', 47, 'Completed');
INSERT INTO public.jobseeker_experience (id, jobseeker_id, company_name, position, number_of_months, status) VALUES ('a11b0c25-125e-4cb3-bcfc-0130ac49460d', '1a4132db-867d-4963-b111-b1be27928317', 'Suarez Corp', 'Administrative Assistant', 34, 'Completed');
INSERT INTO public.jobseeker_trainings (id, jobseeker_id, course, hours_of_training, training_institution) VALUES ('4f44e535-99b3-4043-a893-5b5eb50f4412', '1a4132db-867d-4963-b111-b1be27928317', 'Web Development', 19, 'TESDA Gensan');
INSERT INTO public.jobseeker_trainings (id, jobseeker_id, course, hours_of_training, training_institution) VALUES ('73b6769b-ef65-45cd-ae98-fefb3ac8f43d', '1a4132db-867d-4963-b111-b1be27928317', 'Leadership Training', 90, 'TESDA Gensan');
INSERT INTO public.jobseekers (id, email, first_name, last_name, birth_date, gender, civil_status, is_pwd, phone, barangay, city, province, employment_status, is_active, job_seeking_status, profile_complete, profile_completeness, work_setup_preference, expected_salary_min, preferred_occupation_1, preferred_occupation_2, preferred_work_location_local_1, preferred_work_location_local_2, preference_full_time, preference_part_time) VALUES ('99bb4db2-6d23-4409-9c9d-6058ccb8ff80', 'jobseeker44@example.com', 'Isabel', 'Blanco', '1990-01-01', 'Male', 'Single', false, '09342526771', 'Dadiangas East', 'General Santos City', 'South Cotabato', 'Unemployed', true, 'open', true, 100, 'any', 18743, 'Carpenter', 'Electrician', 'Lagao, General Santos City', 'Olympog, General Santos City', true, false);
INSERT INTO public.jobseeker_education (id, jobseeker_id, currently_in_school, level, course, year_graduated, school_name) VALUES ('e10ff351-f6a3-431f-afaa-be31620a70b6', '99bb4db2-6d23-4409-9c9d-6058ccb8ff80', false, 'College Graduate', 'BS IT', '2011', 'Mindanao State University');
INSERT INTO public.jobseeker_education (id, jobseeker_id, currently_in_school, level, course, year_graduated, school_name) VALUES ('e1766455-6a09-467f-b3ce-fec2e51ac689', '99bb4db2-6d23-4409-9c9d-6058ccb8ff80', false, 'College Graduate', 'BS Engineering', '2010', 'Mindanao State University');
INSERT INTO public.jobseeker_education (id, jobseeker_id, currently_in_school, level, course, year_graduated, school_name) VALUES ('6401bc33-dc67-4e58-a451-15e14f7c456e', '99bb4db2-6d23-4409-9c9d-6058ccb8ff80', false, 'College Graduate', 'BS Education', '2012', 'Mindanao State University');
INSERT INTO public.jobseeker_education (id, jobseeker_id, currently_in_school, level, course, year_graduated, school_name) VALUES ('5c7259f7-1e6e-4084-af78-d746d907e142', '99bb4db2-6d23-4409-9c9d-6058ccb8ff80', false, 'College Graduate', 'BS Engineering', '2013', 'Mindanao State University');
INSERT INTO public.jobseeker_education (id, jobseeker_id, currently_in_school, level, course, year_graduated, school_name) VALUES ('3e8fe03d-7fbf-401c-94cf-4f625c908bd6', '99bb4db2-6d23-4409-9c9d-6058ccb8ff80', false, 'College Graduate', 'BS Business Administration', '2013', 'Mindanao State University');
INSERT INTO public.jobseeker_experience (id, jobseeker_id, company_name, position, number_of_months, status) VALUES ('834d7c33-bd3c-4062-805a-14cb8439e220', '99bb4db2-6d23-4409-9c9d-6058ccb8ff80', 'Torres Corp', 'Administrative Assistant', 11, 'Completed');
INSERT INTO public.jobseeker_experience (id, jobseeker_id, company_name, position, number_of_months, status) VALUES ('8fcafa47-b44f-40c1-8ec1-92f1fefdefd9', '99bb4db2-6d23-4409-9c9d-6058ccb8ff80', 'Dominguez Corp', 'Customer Service Representative', 15, 'Completed');
INSERT INTO public.jobseeker_experience (id, jobseeker_id, company_name, position, number_of_months, status) VALUES ('9f8005ca-ff41-4583-8973-5c9027c1d2d9', '99bb4db2-6d23-4409-9c9d-6058ccb8ff80', 'Lopez Corp', 'Security Guard', 56, 'Completed');
INSERT INTO public.jobseeker_trainings (id, jobseeker_id, course, hours_of_training, training_institution) VALUES ('3cdffdba-2153-48fa-b54d-8a94468069d3', '99bb4db2-6d23-4409-9c9d-6058ccb8ff80', 'Customer Service Excellence', 46, 'TESDA Gensan');
INSERT INTO public.jobseeker_trainings (id, jobseeker_id, course, hours_of_training, training_institution) VALUES ('8b63ae81-9e19-4326-b075-ee484ae37535', '99bb4db2-6d23-4409-9c9d-6058ccb8ff80', 'Customer Service Excellence', 69, 'TESDA Gensan');
INSERT INTO public.jobseekers (id, email, first_name, last_name, birth_date, gender, civil_status, is_pwd, phone, barangay, city, province, employment_status, is_active, job_seeking_status, profile_complete, profile_completeness, work_setup_preference, expected_salary_min, preferred_occupation_1, preferred_occupation_2, preferred_work_location_local_1, preferred_work_location_local_2, preference_full_time, preference_part_time) VALUES ('d3692d4f-0182-48be-8476-b806376b33e1', 'jobseeker45@example.com', 'Ana', 'Sanchez', '1990-01-01', 'Female', 'Single', false, '09347153202', 'Lagao', 'General Santos City', 'South Cotabato', 'Unemployed', true, 'actively_looking', true, 100, 'onsite', 21453, 'Teacher', 'HR Officer', 'Fatima, General Santos City', 'Sinawal, General Santos City', true, false);
INSERT INTO public.jobseeker_education (id, jobseeker_id, currently_in_school, level, course, year_graduated, school_name) VALUES ('b41c7fec-47d0-45e8-90f2-093a4e3d4f66', 'd3692d4f-0182-48be-8476-b806376b33e1', false, 'College Graduate', 'BS Business Administration', '2013', 'Mindanao State University');
INSERT INTO public.jobseeker_education (id, jobseeker_id, currently_in_school, level, course, year_graduated, school_name) VALUES ('f93a2d50-9cdf-41ff-881e-04e654ceb133', 'd3692d4f-0182-48be-8476-b806376b33e1', false, 'College Graduate', 'BS IT', '2017', 'Mindanao State University');
INSERT INTO public.jobseeker_education (id, jobseeker_id, currently_in_school, level, course, year_graduated, school_name) VALUES ('63db8a0b-84a9-4d70-80c0-aacc7e8c0924', 'd3692d4f-0182-48be-8476-b806376b33e1', false, 'College Graduate', 'BS Education', '2014', 'Mindanao State University');
INSERT INTO public.jobseeker_education (id, jobseeker_id, currently_in_school, level, course, year_graduated, school_name) VALUES ('8ff037a1-043c-4c1c-98af-dfc369981eec', 'd3692d4f-0182-48be-8476-b806376b33e1', false, 'College Graduate', 'BS IT', '2020', 'Mindanao State University');
INSERT INTO public.jobseeker_education (id, jobseeker_id, currently_in_school, level, course, year_graduated, school_name) VALUES ('ea9f0ae5-0507-4eb7-9ca3-c65be96c8cfe', 'd3692d4f-0182-48be-8476-b806376b33e1', false, 'College Graduate', 'BS Nursing', '2023', 'Mindanao State University');
INSERT INTO public.jobseeker_experience (id, jobseeker_id, company_name, position, number_of_months, status) VALUES ('45f7f7f0-082f-4e6b-80eb-f8eac3338b8d', 'd3692d4f-0182-48be-8476-b806376b33e1', 'Blanco Corp', 'Fishery Worker', 9, 'Completed');
INSERT INTO public.jobseeker_experience (id, jobseeker_id, company_name, position, number_of_months, status) VALUES ('b538fe1a-58f7-4d98-b0d0-5df749bc0afd', 'd3692d4f-0182-48be-8476-b806376b33e1', 'Martin Corp', 'Teacher', 53, 'Completed');
INSERT INTO public.jobseeker_experience (id, jobseeker_id, company_name, position, number_of_months, status) VALUES ('4d8b41e7-dc7e-4cbd-8e81-ac70b6007259', 'd3692d4f-0182-48be-8476-b806376b33e1', 'Martinez Corp', 'HR Officer', 37, 'Completed');
INSERT INTO public.jobseeker_trainings (id, jobseeker_id, course, hours_of_training, training_institution) VALUES ('0671408a-8351-4125-90e3-128b153d7452', 'd3692d4f-0182-48be-8476-b806376b33e1', 'First Aid', 13, 'TESDA Gensan');
INSERT INTO public.jobseekers (id, email, first_name, last_name, birth_date, gender, civil_status, is_pwd, phone, barangay, city, province, employment_status, is_active, job_seeking_status, profile_complete, profile_completeness, work_setup_preference, expected_salary_min, preferred_occupation_1, preferred_occupation_2, preferred_work_location_local_1, preferred_work_location_local_2, preference_full_time, preference_part_time) VALUES ('174ad470-d4cf-431d-a6ab-2ec4090906e2', 'jobseeker46@example.com', 'Juan', 'Martinez', '1990-01-01', 'Male', 'Single', false, '09962083349', 'Olympog', 'General Santos City', 'South Cotabato', 'Unemployed', true, 'not_looking', true, 100, 'any', 19748, 'Nurse', 'Janitor', 'Katangawan, General Santos City', 'Tambler, General Santos City', true, false);
INSERT INTO public.jobseeker_education (id, jobseeker_id, currently_in_school, level, course, year_graduated, school_name) VALUES ('168dd8f7-9a56-4e1a-9a33-f26d18ebbbb2', '174ad470-d4cf-431d-a6ab-2ec4090906e2', false, 'College Graduate', 'BS IT', '2015', 'Mindanao State University');
INSERT INTO public.jobseeker_education (id, jobseeker_id, currently_in_school, level, course, year_graduated, school_name) VALUES ('f6211017-11a0-4076-b92f-3ffc7c57ec3d', '174ad470-d4cf-431d-a6ab-2ec4090906e2', false, 'College Graduate', 'BS Engineering', '2023', 'Mindanao State University');
INSERT INTO public.jobseeker_education (id, jobseeker_id, currently_in_school, level, course, year_graduated, school_name) VALUES ('5fca050f-4222-4e64-aacf-6b72a52f2fc5', '174ad470-d4cf-431d-a6ab-2ec4090906e2', false, 'College Graduate', 'BS Nursing', '2020', 'Mindanao State University');
INSERT INTO public.jobseeker_education (id, jobseeker_id, currently_in_school, level, course, year_graduated, school_name) VALUES ('c78f73b9-e5dc-4ce7-86f5-10c04e9d7c12', '174ad470-d4cf-431d-a6ab-2ec4090906e2', false, 'College Graduate', 'BS Engineering', '2019', 'Mindanao State University');
INSERT INTO public.jobseeker_education (id, jobseeker_id, currently_in_school, level, course, year_graduated, school_name) VALUES ('81049efe-6486-46af-9a72-3fad88be52a1', '174ad470-d4cf-431d-a6ab-2ec4090906e2', false, 'College Graduate', 'BS Engineering', '2010', 'Mindanao State University');
INSERT INTO public.jobseeker_experience (id, jobseeker_id, company_name, position, number_of_months, status) VALUES ('2428a254-3458-4b90-b6eb-27b36858b195', '174ad470-d4cf-431d-a6ab-2ec4090906e2', 'Sanchez Corp', 'Administrative Assistant', 50, 'Completed');
INSERT INTO public.jobseeker_experience (id, jobseeker_id, company_name, position, number_of_months, status) VALUES ('f6b8dfaf-4649-4af2-b5cb-3028a9d0cc5f', '174ad470-d4cf-431d-a6ab-2ec4090906e2', 'Ramirez Corp', 'Waitress', 33, 'Completed');
INSERT INTO public.jobseeker_experience (id, jobseeker_id, company_name, position, number_of_months, status) VALUES ('706d1b2e-138c-4a76-97ac-cdaf4c0d4849', '174ad470-d4cf-431d-a6ab-2ec4090906e2', 'Gutierrez Corp', 'Administrative Assistant', 11, 'Completed');
INSERT INTO public.jobseeker_trainings (id, jobseeker_id, course, hours_of_training, training_institution) VALUES ('94500037-78c7-4c48-b6eb-d1c7eaa3e334', '174ad470-d4cf-431d-a6ab-2ec4090906e2', 'Leadership Training', 100, 'TESDA Gensan');
INSERT INTO public.jobseekers (id, email, first_name, last_name, birth_date, gender, civil_status, is_pwd, phone, barangay, city, province, employment_status, is_active, job_seeking_status, profile_complete, profile_completeness, work_setup_preference, expected_salary_min, preferred_occupation_1, preferred_occupation_2, preferred_work_location_local_1, preferred_work_location_local_2, preference_full_time, preference_part_time) VALUES ('14bee0c4-6c0b-414e-938f-8c8024765d81', 'jobseeker47@example.com', 'Isabel', 'Serrano', '1990-01-01', 'Male', 'Single', false, '09758846665', 'Bula', 'General Santos City', 'South Cotabato', 'Unemployed', true, 'open', true, 100, 'hybrid', 16069, 'Sales Representative', 'Data Analyst', 'Dadiangas North, General Santos City', 'Apopong, General Santos City', true, false);
INSERT INTO public.jobseeker_education (id, jobseeker_id, currently_in_school, level, course, year_graduated, school_name) VALUES ('7150fe9e-491b-40a7-9ffe-7a3ef98265ac', '14bee0c4-6c0b-414e-938f-8c8024765d81', false, 'College Graduate', 'BS Education', '2022', 'Mindanao State University');
INSERT INTO public.jobseeker_education (id, jobseeker_id, currently_in_school, level, course, year_graduated, school_name) VALUES ('e2dec534-9f83-46db-b29b-aa9d6bdeb905', '14bee0c4-6c0b-414e-938f-8c8024765d81', false, 'College Graduate', 'BS Nursing', '2018', 'Mindanao State University');
INSERT INTO public.jobseeker_education (id, jobseeker_id, currently_in_school, level, course, year_graduated, school_name) VALUES ('f281a06a-bda8-4cd8-a2ad-3631a049006e', '14bee0c4-6c0b-414e-938f-8c8024765d81', false, 'College Graduate', 'BS Education', '2023', 'Mindanao State University');
INSERT INTO public.jobseeker_experience (id, jobseeker_id, company_name, position, number_of_months, status) VALUES ('943d53df-fa52-4926-98ec-b23fc916c31d', '14bee0c4-6c0b-414e-938f-8c8024765d81', 'Rodriguez Corp', 'Receptionist', 39, 'Completed');
INSERT INTO public.jobseeker_experience (id, jobseeker_id, company_name, position, number_of_months, status) VALUES ('f756062a-b4e2-41a2-a7d6-4c2250e081b0', '14bee0c4-6c0b-414e-938f-8c8024765d81', 'Gomez Corp', 'HR Officer', 7, 'Completed');
INSERT INTO public.jobseeker_experience (id, jobseeker_id, company_name, position, number_of_months, status) VALUES ('ce1874af-31c8-42fb-ab6a-09244ad633ae', '14bee0c4-6c0b-414e-938f-8c8024765d81', 'Martinez Corp', 'Cashier', 17, 'Completed');
INSERT INTO public.jobseeker_experience (id, jobseeker_id, company_name, position, number_of_months, status) VALUES ('b09a3512-af78-4923-b143-b054676a4890', '14bee0c4-6c0b-414e-938f-8c8024765d81', 'Gil Corp', 'HR Officer', 40, 'Completed');
INSERT INTO public.jobseeker_experience (id, jobseeker_id, company_name, position, number_of_months, status) VALUES ('5aaa8670-7bae-4f00-a7ee-5c298ec2f712', '14bee0c4-6c0b-414e-938f-8c8024765d81', 'Alonso Corp', 'Carpenter', 59, 'Completed');
INSERT INTO public.jobseeker_trainings (id, jobseeker_id, course, hours_of_training, training_institution) VALUES ('cc104d0c-ba58-4787-80c4-63f48734f648', '14bee0c4-6c0b-414e-938f-8c8024765d81', 'Leadership Training', 90, 'TESDA Gensan');
INSERT INTO public.jobseeker_trainings (id, jobseeker_id, course, hours_of_training, training_institution) VALUES ('b81412cf-cabb-447f-a001-9f47ba8d3f47', '14bee0c4-6c0b-414e-938f-8c8024765d81', 'Customer Service Excellence', 64, 'TESDA Gensan');
INSERT INTO public.jobseeker_trainings (id, jobseeker_id, course, hours_of_training, training_institution) VALUES ('6e6b5cf9-3af6-43f6-a0b0-2ea48849acc5', '14bee0c4-6c0b-414e-938f-8c8024765d81', 'TESDA NC II', 84, 'TESDA Gensan');
INSERT INTO public.jobseekers (id, email, first_name, last_name, birth_date, gender, civil_status, is_pwd, phone, barangay, city, province, employment_status, is_active, job_seeking_status, profile_complete, profile_completeness, work_setup_preference, expected_salary_min, preferred_occupation_1, preferred_occupation_2, preferred_work_location_local_1, preferred_work_location_local_2, preference_full_time, preference_part_time) VALUES ('c32610c0-a6b8-4a6b-ba76-4f04fae12ff1', 'jobseeker48@example.com', 'Sofia', 'Alvarez', '1990-01-01', 'Female', 'Single', false, '09999746480', 'Fatima', 'General Santos City', 'South Cotabato', 'Unemployed', true, 'actively_looking', true, 100, 'onsite', 17120, 'Captain', 'Software Engineer', 'Katangawan, General Santos City', 'Dadiangas West, General Santos City', true, false);
INSERT INTO public.jobseeker_education (id, jobseeker_id, currently_in_school, level, course, year_graduated, school_name) VALUES ('3a811872-0b4e-4b67-93c4-d5b8aa0b4dcb', 'c32610c0-a6b8-4a6b-ba76-4f04fae12ff1', false, 'College Graduate', 'BS Business Administration', '2013', 'Mindanao State University');
INSERT INTO public.jobseeker_education (id, jobseeker_id, currently_in_school, level, course, year_graduated, school_name) VALUES ('6764a4a6-4d6c-4986-8d0c-4471289979d9', 'c32610c0-a6b8-4a6b-ba76-4f04fae12ff1', false, 'College Graduate', 'BS IT', '2021', 'Mindanao State University');
INSERT INTO public.jobseeker_experience (id, jobseeker_id, company_name, position, number_of_months, status) VALUES ('b5480e03-35d4-4837-a24e-b9e9fc066ab3', 'c32610c0-a6b8-4a6b-ba76-4f04fae12ff1', 'Martinez Corp', 'Teacher', 40, 'Completed');
INSERT INTO public.jobseeker_experience (id, jobseeker_id, company_name, position, number_of_months, status) VALUES ('764acd60-e806-4de0-9659-61e9d44c5e95', 'c32610c0-a6b8-4a6b-ba76-4f04fae12ff1', 'Gomez Corp', 'Electrician', 6, 'Completed');
INSERT INTO public.jobseeker_experience (id, jobseeker_id, company_name, position, number_of_months, status) VALUES ('ea0e862d-9163-4dee-ba98-cd1e532c0bfc', 'c32610c0-a6b8-4a6b-ba76-4f04fae12ff1', 'Lopez Corp', 'Manager', 19, 'Completed');
INSERT INTO public.jobseeker_trainings (id, jobseeker_id, course, hours_of_training, training_institution) VALUES ('04517355-5975-42be-af39-506f69f2aa26', 'c32610c0-a6b8-4a6b-ba76-4f04fae12ff1', 'TESDA NC II', 94, 'TESDA Gensan');
INSERT INTO public.jobseeker_trainings (id, jobseeker_id, course, hours_of_training, training_institution) VALUES ('cf8f646b-192d-481e-9cbc-ced226afe80d', 'c32610c0-a6b8-4a6b-ba76-4f04fae12ff1', 'Customer Service Excellence', 43, 'TESDA Gensan');
INSERT INTO public.jobseeker_trainings (id, jobseeker_id, course, hours_of_training, training_institution) VALUES ('09b0dcfe-609e-4e22-b3a8-de39b573e773', 'c32610c0-a6b8-4a6b-ba76-4f04fae12ff1', 'Web Development', 87, 'TESDA Gensan');
INSERT INTO public.jobseekers (id, email, first_name, last_name, birth_date, gender, civil_status, is_pwd, phone, barangay, city, province, employment_status, is_active, job_seeking_status, profile_complete, profile_completeness, work_setup_preference, expected_salary_min, preferred_occupation_1, preferred_occupation_2, preferred_work_location_local_1, preferred_work_location_local_2, preference_full_time, preference_part_time) VALUES ('bc3db66b-ac5e-40b0-885b-5daac556b3c9', 'jobseeker49@example.com', 'Sofia', 'Serrano', '1990-01-01', 'Female', 'Single', false, '09953581807', 'Ligaya', 'General Santos City', 'South Cotabato', 'Unemployed', true, 'not_looking', true, 100, 'onsite', 23816, 'Fishery Worker', 'Software Engineer', 'Apopong, General Santos City', 'City Heights, General Santos City', true, false);
INSERT INTO public.jobseeker_education (id, jobseeker_id, currently_in_school, level, course, year_graduated, school_name) VALUES ('eaa52ed6-bcca-46c1-b60b-ecb6148a8f37', 'bc3db66b-ac5e-40b0-885b-5daac556b3c9', false, 'College Graduate', 'BS Education', '2020', 'Mindanao State University');
INSERT INTO public.jobseeker_education (id, jobseeker_id, currently_in_school, level, course, year_graduated, school_name) VALUES ('625d2a97-4dd7-4eb0-97d8-394daa379dbc', 'bc3db66b-ac5e-40b0-885b-5daac556b3c9', false, 'College Graduate', 'BS Education', '2021', 'Mindanao State University');
INSERT INTO public.jobseeker_education (id, jobseeker_id, currently_in_school, level, course, year_graduated, school_name) VALUES ('3fab1ab6-9cc8-4f8d-a61d-efd40e80ea83', 'bc3db66b-ac5e-40b0-885b-5daac556b3c9', false, 'College Graduate', 'BS IT', '2021', 'Mindanao State University');
INSERT INTO public.jobseeker_education (id, jobseeker_id, currently_in_school, level, course, year_graduated, school_name) VALUES ('140ba6de-9088-4c32-ad8f-29177ded14b3', 'bc3db66b-ac5e-40b0-885b-5daac556b3c9', false, 'College Graduate', 'BS Nursing', '2022', 'Mindanao State University');
INSERT INTO public.jobseeker_education (id, jobseeker_id, currently_in_school, level, course, year_graduated, school_name) VALUES ('329a9a37-85c7-4044-b046-9d041cec3709', 'bc3db66b-ac5e-40b0-885b-5daac556b3c9', false, 'College Graduate', 'BS IT', '2017', 'Mindanao State University');
INSERT INTO public.jobseeker_experience (id, jobseeker_id, company_name, position, number_of_months, status) VALUES ('dd5eaf3d-2f78-4da8-b16e-a0fa5a5edb67', 'bc3db66b-ac5e-40b0-885b-5daac556b3c9', 'Fernandez Corp', 'Accountant', 23, 'Completed');
INSERT INTO public.jobseeker_experience (id, jobseeker_id, company_name, position, number_of_months, status) VALUES ('fcd20d30-9f9d-40c4-b025-197dc4a3d917', 'bc3db66b-ac5e-40b0-885b-5daac556b3c9', 'Martin Corp', 'Driver', 10, 'Completed');
INSERT INTO public.jobseeker_experience (id, jobseeker_id, company_name, position, number_of_months, status) VALUES ('b4a988d5-16c2-4652-9f66-d269a1a31e99', 'bc3db66b-ac5e-40b0-885b-5daac556b3c9', 'Gutierrez Corp', 'Receptionist', 14, 'Completed');
INSERT INTO public.jobseeker_experience (id, jobseeker_id, company_name, position, number_of_months, status) VALUES ('ee209993-2faf-4f07-8365-dcf7cbb210ee', 'bc3db66b-ac5e-40b0-885b-5daac556b3c9', 'Munoz Corp', 'Waitress', 37, 'Completed');
INSERT INTO public.jobseeker_experience (id, jobseeker_id, company_name, position, number_of_months, status) VALUES ('85e74a61-59f9-439f-b49b-61ee4020d2b3', 'bc3db66b-ac5e-40b0-885b-5daac556b3c9', 'Lopez Corp', 'Customer Service Representative', 60, 'Completed');
INSERT INTO public.jobseeker_trainings (id, jobseeker_id, course, hours_of_training, training_institution) VALUES ('49b171d5-7fd1-4dc1-9b73-941695190b2c', 'bc3db66b-ac5e-40b0-885b-5daac556b3c9', 'TESDA NC II', 25, 'TESDA Gensan');
INSERT INTO public.jobseeker_trainings (id, jobseeker_id, course, hours_of_training, training_institution) VALUES ('ca2d0d3d-7d4f-4996-860b-a26090ca2f0d', 'bc3db66b-ac5e-40b0-885b-5daac556b3c9', 'Leadership Training', 118, 'TESDA Gensan');
INSERT INTO public.jobseeker_trainings (id, jobseeker_id, course, hours_of_training, training_institution) VALUES ('02a64f08-e390-41fa-9e7d-5fee174e36d7', 'bc3db66b-ac5e-40b0-885b-5daac556b3c9', 'Customer Service Excellence', 44, 'TESDA Gensan');
INSERT INTO public.jobseekers (id, email, first_name, last_name, birth_date, gender, civil_status, is_pwd, phone, barangay, city, province, employment_status, is_active, job_seeking_status, profile_complete, profile_completeness, work_setup_preference, expected_salary_min, preferred_occupation_1, preferred_occupation_2, preferred_work_location_local_1, preferred_work_location_local_2, preference_full_time, preference_part_time) VALUES ('6368e2f5-0fa3-483e-b564-6d3b92a4319b', 'jobseeker50@example.com', 'Marta', 'Martin', '1990-01-01', 'Female', 'Single', false, '09341126079', 'Apopong', 'General Santos City', 'South Cotabato', 'Unemployed', true, 'open', true, 100, 'onsite', 22475, 'Manager', 'Janitor', 'San Jose, General Santos City', 'Labangal, General Santos City', true, false);
INSERT INTO public.jobseeker_education (id, jobseeker_id, currently_in_school, level, course, year_graduated, school_name) VALUES ('97f8ba03-b537-4d26-9d51-d7500f10e3e2', '6368e2f5-0fa3-483e-b564-6d3b92a4319b', false, 'College Graduate', 'BS Business Administration', '2014', 'Mindanao State University');
INSERT INTO public.jobseeker_education (id, jobseeker_id, currently_in_school, level, course, year_graduated, school_name) VALUES ('916b8de0-877d-4503-9172-9e23562976e5', '6368e2f5-0fa3-483e-b564-6d3b92a4319b', false, 'College Graduate', 'BS Engineering', '2021', 'Mindanao State University');
INSERT INTO public.jobseeker_education (id, jobseeker_id, currently_in_school, level, course, year_graduated, school_name) VALUES ('5a014707-b25a-4f40-bfd8-eecc0402e046', '6368e2f5-0fa3-483e-b564-6d3b92a4319b', false, 'College Graduate', 'BS Nursing', '2021', 'Mindanao State University');
INSERT INTO public.jobseeker_education (id, jobseeker_id, currently_in_school, level, course, year_graduated, school_name) VALUES ('7e986db8-a912-47a4-9f9f-5faeee6f807f', '6368e2f5-0fa3-483e-b564-6d3b92a4319b', false, 'College Graduate', 'BS Engineering', '2014', 'Mindanao State University');
INSERT INTO public.jobseeker_experience (id, jobseeker_id, company_name, position, number_of_months, status) VALUES ('77c7e1c3-3cf2-4b50-92a7-bab88ad72446', '6368e2f5-0fa3-483e-b564-6d3b92a4319b', 'Romero Corp', 'Waitress', 39, 'Completed');
INSERT INTO public.jobseeker_experience (id, jobseeker_id, company_name, position, number_of_months, status) VALUES ('8ef6e976-f0b2-43b0-82f8-202ff47fc15c', '6368e2f5-0fa3-483e-b564-6d3b92a4319b', 'Hernandez Corp', 'Administrative Assistant', 44, 'Completed');
INSERT INTO public.jobseeker_trainings (id, jobseeker_id, course, hours_of_training, training_institution) VALUES ('833e9395-02f7-4873-9c4b-46d9d9501a42', '6368e2f5-0fa3-483e-b564-6d3b92a4319b', 'TESDA NC II', 15, 'TESDA Gensan');
INSERT INTO public.jobseeker_trainings (id, jobseeker_id, course, hours_of_training, training_institution) VALUES ('8b27a998-0066-4ace-8aa4-fcd70cb9787a', '6368e2f5-0fa3-483e-b564-6d3b92a4319b', 'Customer Service Excellence', 69, 'TESDA Gensan');
INSERT INTO public.jobseeker_trainings (id, jobseeker_id, course, hours_of_training, training_institution) VALUES ('1ded87a6-897a-4646-8771-d80fea7e826f', '6368e2f5-0fa3-483e-b564-6d3b92a4319b', 'First Aid', 74, 'TESDA Gensan');
INSERT INTO public.jobseekers (id, email, first_name, last_name, birth_date, gender, civil_status, is_pwd, phone, barangay, city, province, employment_status, is_active, job_seeking_status, profile_complete, profile_completeness, work_setup_preference, expected_salary_min, preferred_occupation_1, preferred_occupation_2, preferred_work_location_local_1, preferred_work_location_local_2, preference_full_time, preference_part_time) VALUES ('bf01ce38-6bb4-43a2-b295-dbbdc9c86e2d', 'jobseeker51@example.com', 'Adrian', 'Torres', '1990-01-01', 'Male', 'Single', false, '09414749518', 'Fatima', 'General Santos City', 'South Cotabato', 'Unemployed', true, 'actively_looking', true, 100, 'hybrid', 24077, 'Quality Control Inspector', 'Data Analyst', 'City Heights, General Santos City', 'Bula, General Santos City', true, false);
INSERT INTO public.jobseeker_education (id, jobseeker_id, currently_in_school, level, course, year_graduated, school_name) VALUES ('245f739e-4a30-4f54-8073-189bdc6dee65', 'bf01ce38-6bb4-43a2-b295-dbbdc9c86e2d', false, 'College Graduate', 'BS Engineering', '2016', 'Mindanao State University');
INSERT INTO public.jobseeker_education (id, jobseeker_id, currently_in_school, level, course, year_graduated, school_name) VALUES ('a67387cd-cfb5-42d7-982c-e630143c7ce3', 'bf01ce38-6bb4-43a2-b295-dbbdc9c86e2d', false, 'College Graduate', 'BS Business Administration', '2022', 'Mindanao State University');
INSERT INTO public.jobseeker_experience (id, jobseeker_id, company_name, position, number_of_months, status) VALUES ('80183bb0-ea41-4634-8bf9-34410f520cad', 'bf01ce38-6bb4-43a2-b295-dbbdc9c86e2d', 'Vazquez Corp', 'Mechanic', 41, 'Completed');
INSERT INTO public.jobseeker_experience (id, jobseeker_id, company_name, position, number_of_months, status) VALUES ('4e9b7be1-47f5-4078-8be3-33d6df6b7fee', 'bf01ce38-6bb4-43a2-b295-dbbdc9c86e2d', 'Torres Corp', 'Teacher', 42, 'Completed');
INSERT INTO public.jobseeker_trainings (id, jobseeker_id, course, hours_of_training, training_institution) VALUES ('12f3acc2-9765-4e96-a221-44519a81a57e', 'bf01ce38-6bb4-43a2-b295-dbbdc9c86e2d', 'Leadership Training', 78, 'TESDA Gensan');
INSERT INTO public.jobseeker_trainings (id, jobseeker_id, course, hours_of_training, training_institution) VALUES ('1cf463c4-6a99-42b0-b78c-62ed2a36601e', 'bf01ce38-6bb4-43a2-b295-dbbdc9c86e2d', 'Leadership Training', 44, 'TESDA Gensan');
INSERT INTO public.jobseekers (id, email, first_name, last_name, birth_date, gender, civil_status, is_pwd, phone, barangay, city, province, employment_status, is_active, job_seeking_status, profile_complete, profile_completeness, work_setup_preference, expected_salary_min, preferred_occupation_1, preferred_occupation_2, preferred_work_location_local_1, preferred_work_location_local_2, preference_full_time, preference_part_time) VALUES ('f46e025b-e5c8-4f0f-a6df-b8ab62a6ea4e', 'jobseeker52@example.com', 'Sara', 'Torres', '1990-01-01', 'Male', 'Single', false, '09687271463', 'Calumpang', 'General Santos City', 'South Cotabato', 'Unemployed', true, 'not_looking', true, 100, 'onsite', 15574, 'Quality Control Inspector', 'Administrative Assistant', 'Labangal, General Santos City', 'Apopong, General Santos City', true, false);
INSERT INTO public.jobseeker_education (id, jobseeker_id, currently_in_school, level, course, year_graduated, school_name) VALUES ('45f5ea07-b9b9-4445-bba4-5905832d6b72', 'f46e025b-e5c8-4f0f-a6df-b8ab62a6ea4e', false, 'College Graduate', 'BS Engineering', '2015', 'Mindanao State University');
INSERT INTO public.jobseeker_education (id, jobseeker_id, currently_in_school, level, course, year_graduated, school_name) VALUES ('40868058-1dd2-4a4c-9705-2d2cb097165a', 'f46e025b-e5c8-4f0f-a6df-b8ab62a6ea4e', false, 'College Graduate', 'BS Education', '2011', 'Mindanao State University');
INSERT INTO public.jobseeker_experience (id, jobseeker_id, company_name, position, number_of_months, status) VALUES ('66ab5144-e822-49c8-b65e-eb12fb2677ca', 'f46e025b-e5c8-4f0f-a6df-b8ab62a6ea4e', 'Alonso Corp', 'Accountant', 48, 'Completed');
INSERT INTO public.jobseeker_experience (id, jobseeker_id, company_name, position, number_of_months, status) VALUES ('44cc292c-74c4-44ce-85aa-6bfa65def65e', 'f46e025b-e5c8-4f0f-a6df-b8ab62a6ea4e', 'Ramirez Corp', 'Customer Service Representative', 27, 'Completed');
INSERT INTO public.jobseeker_experience (id, jobseeker_id, company_name, position, number_of_months, status) VALUES ('79a17c55-98f3-4ce7-a19c-f76bebbe78aa', 'f46e025b-e5c8-4f0f-a6df-b8ab62a6ea4e', 'Ramos Corp', 'Nurse', 34, 'Completed');
INSERT INTO public.jobseeker_experience (id, jobseeker_id, company_name, position, number_of_months, status) VALUES ('0b646cbf-28ac-49d9-a872-bf22775fc37e', 'f46e025b-e5c8-4f0f-a6df-b8ab62a6ea4e', 'Diaz Corp', 'Administrative Assistant', 31, 'Completed');
INSERT INTO public.jobseeker_experience (id, jobseeker_id, company_name, position, number_of_months, status) VALUES ('cb4576e2-f55a-4be0-a92b-77a7fc3d335d', 'f46e025b-e5c8-4f0f-a6df-b8ab62a6ea4e', 'Hernandez Corp', 'Accountant', 33, 'Completed');
INSERT INTO public.jobseeker_trainings (id, jobseeker_id, course, hours_of_training, training_institution) VALUES ('73c885dd-206f-497e-91ac-ff6358bb707b', 'f46e025b-e5c8-4f0f-a6df-b8ab62a6ea4e', 'TESDA NC II', 84, 'TESDA Gensan');
INSERT INTO public.jobseeker_trainings (id, jobseeker_id, course, hours_of_training, training_institution) VALUES ('fb221117-1d19-42dc-88ff-2585280b4dfd', 'f46e025b-e5c8-4f0f-a6df-b8ab62a6ea4e', 'Leadership Training', 50, 'TESDA Gensan');
INSERT INTO public.jobseekers (id, email, first_name, last_name, birth_date, gender, civil_status, is_pwd, phone, barangay, city, province, employment_status, is_active, job_seeking_status, profile_complete, profile_completeness, work_setup_preference, expected_salary_min, preferred_occupation_1, preferred_occupation_2, preferred_work_location_local_1, preferred_work_location_local_2, preference_full_time, preference_part_time) VALUES ('2008988a-12b3-482e-86d7-32dfb87941c6', 'jobseeker53@example.com', 'Laura', 'Garcia', '1990-01-01', 'Female', 'Single', false, '09418300342', 'Sinawal', 'General Santos City', 'South Cotabato', 'Unemployed', true, 'actively_looking', true, 100, 'any', 15873, 'Administrative Assistant', 'Tuna Grader', 'Batomelong, General Santos City', 'Dadiangas West, General Santos City', true, false);
INSERT INTO public.jobseeker_education (id, jobseeker_id, currently_in_school, level, course, year_graduated, school_name) VALUES ('b4280397-881f-4080-aa88-9ce36b935978', '2008988a-12b3-482e-86d7-32dfb87941c6', false, 'College Graduate', 'BS Education', '2011', 'Mindanao State University');
INSERT INTO public.jobseeker_education (id, jobseeker_id, currently_in_school, level, course, year_graduated, school_name) VALUES ('f71dc299-09ac-470e-a31c-e535ae7801b1', '2008988a-12b3-482e-86d7-32dfb87941c6', false, 'College Graduate', 'BS IT', '2019', 'Mindanao State University');
INSERT INTO public.jobseeker_education (id, jobseeker_id, currently_in_school, level, course, year_graduated, school_name) VALUES ('8ba70f19-d95f-49a6-b193-a15b4e6a64e7', '2008988a-12b3-482e-86d7-32dfb87941c6', false, 'College Graduate', 'BS Engineering', '2017', 'Mindanao State University');
INSERT INTO public.jobseeker_education (id, jobseeker_id, currently_in_school, level, course, year_graduated, school_name) VALUES ('20a7772e-019a-417b-8394-ab418dc2aabe', '2008988a-12b3-482e-86d7-32dfb87941c6', false, 'College Graduate', 'BS Business Administration', '2019', 'Mindanao State University');
INSERT INTO public.jobseeker_education (id, jobseeker_id, currently_in_school, level, course, year_graduated, school_name) VALUES ('cbbc6660-8285-4b78-8239-4ac971e580e6', '2008988a-12b3-482e-86d7-32dfb87941c6', false, 'College Graduate', 'BS Business Administration', '2021', 'Mindanao State University');
INSERT INTO public.jobseeker_experience (id, jobseeker_id, company_name, position, number_of_months, status) VALUES ('358b0337-ac46-4e17-80f1-6d79dbec6c34', '2008988a-12b3-482e-86d7-32dfb87941c6', 'Blanco Corp', 'Security Guard', 55, 'Completed');
INSERT INTO public.jobseeker_experience (id, jobseeker_id, company_name, position, number_of_months, status) VALUES ('308579e5-b4fd-436d-a90d-486f23ddb9a4', '2008988a-12b3-482e-86d7-32dfb87941c6', 'Navarro Corp', 'Janitor', 52, 'Completed');
INSERT INTO public.jobseeker_experience (id, jobseeker_id, company_name, position, number_of_months, status) VALUES ('9f84053f-29ea-46d5-8043-18dcf63dc11f', '2008988a-12b3-482e-86d7-32dfb87941c6', 'Moreno Corp', 'Data Analyst', 47, 'Completed');
INSERT INTO public.jobseeker_experience (id, jobseeker_id, company_name, position, number_of_months, status) VALUES ('60d3de63-1cfa-4f00-82a5-7964ab1f4c9c', '2008988a-12b3-482e-86d7-32dfb87941c6', 'Gomez Corp', 'Tuna Grader', 26, 'Completed');
INSERT INTO public.jobseeker_experience (id, jobseeker_id, company_name, position, number_of_months, status) VALUES ('374b6e34-e6fa-4c5c-bd60-9f10cf27a7ef', '2008988a-12b3-482e-86d7-32dfb87941c6', 'Ruiz Corp', 'Driver', 6, 'Completed');
INSERT INTO public.jobseeker_trainings (id, jobseeker_id, course, hours_of_training, training_institution) VALUES ('1545f627-3122-419c-a316-e3c0e909b3c9', '2008988a-12b3-482e-86d7-32dfb87941c6', 'First Aid', 83, 'TESDA Gensan');
INSERT INTO public.jobseeker_trainings (id, jobseeker_id, course, hours_of_training, training_institution) VALUES ('c414bd1e-252b-4e01-8d7b-fcd5a1b70c6b', '2008988a-12b3-482e-86d7-32dfb87941c6', 'Customer Service Excellence', 113, 'TESDA Gensan');
INSERT INTO public.jobseekers (id, email, first_name, last_name, birth_date, gender, civil_status, is_pwd, phone, barangay, city, province, employment_status, is_active, job_seeking_status, profile_complete, profile_completeness, work_setup_preference, expected_salary_min, preferred_occupation_1, preferred_occupation_2, preferred_work_location_local_1, preferred_work_location_local_2, preference_full_time, preference_part_time) VALUES ('9c5ac41b-f99c-4ba8-a4a7-9c5153641492', 'jobseeker54@example.com', 'Teresa', 'Moreno', '1990-01-01', 'Female', 'Single', false, '09168771592', 'Tinagacan', 'General Santos City', 'South Cotabato', 'Unemployed', true, 'not_looking', true, 100, 'hybrid', 17472, 'Deckhand', 'Warehouse Worker', 'Bula, General Santos City', 'Dadiangas South, General Santos City', true, false);
INSERT INTO public.jobseeker_education (id, jobseeker_id, currently_in_school, level, course, year_graduated, school_name) VALUES ('4c11fbc2-d013-420a-b355-f063ba49fd9b', '9c5ac41b-f99c-4ba8-a4a7-9c5153641492', false, 'College Graduate', 'BS IT', '2013', 'Mindanao State University');
INSERT INTO public.jobseeker_education (id, jobseeker_id, currently_in_school, level, course, year_graduated, school_name) VALUES ('564b6910-2241-40ed-aeda-9be6e7cc26a8', '9c5ac41b-f99c-4ba8-a4a7-9c5153641492', false, 'College Graduate', 'BS Education', '2013', 'Mindanao State University');
INSERT INTO public.jobseeker_education (id, jobseeker_id, currently_in_school, level, course, year_graduated, school_name) VALUES ('7b3f7f7f-b7f0-447a-86a0-aa4951fe2639', '9c5ac41b-f99c-4ba8-a4a7-9c5153641492', false, 'College Graduate', 'BS IT', '2020', 'Mindanao State University');
INSERT INTO public.jobseeker_education (id, jobseeker_id, currently_in_school, level, course, year_graduated, school_name) VALUES ('3033bb6a-dd49-405e-82e3-26e63ac559c4', '9c5ac41b-f99c-4ba8-a4a7-9c5153641492', false, 'College Graduate', 'BS Engineering', '2023', 'Mindanao State University');
INSERT INTO public.jobseeker_education (id, jobseeker_id, currently_in_school, level, course, year_graduated, school_name) VALUES ('2c1878f7-d263-4a3a-a3d8-29667af3d826', '9c5ac41b-f99c-4ba8-a4a7-9c5153641492', false, 'College Graduate', 'BS Nursing', '2013', 'Mindanao State University');
INSERT INTO public.jobseeker_experience (id, jobseeker_id, company_name, position, number_of_months, status) VALUES ('b3a887b9-49f0-42cb-8eab-dcc40dbbb820', '9c5ac41b-f99c-4ba8-a4a7-9c5153641492', 'Fernandez Corp', 'Janitor', 52, 'Completed');
INSERT INTO public.jobseeker_experience (id, jobseeker_id, company_name, position, number_of_months, status) VALUES ('f5a80144-4a5d-4089-a748-f15839f81834', '9c5ac41b-f99c-4ba8-a4a7-9c5153641492', 'Sanchez Corp', 'Data Analyst', 51, 'Completed');
INSERT INTO public.jobseeker_experience (id, jobseeker_id, company_name, position, number_of_months, status) VALUES ('44609c59-2ae8-46ee-8b89-760dd0295666', '9c5ac41b-f99c-4ba8-a4a7-9c5153641492', 'Sanchez Corp', 'HR Officer', 39, 'Completed');
INSERT INTO public.jobseeker_experience (id, jobseeker_id, company_name, position, number_of_months, status) VALUES ('3cdcfd69-40cf-441c-8ea5-3d140c7534b5', '9c5ac41b-f99c-4ba8-a4a7-9c5153641492', 'Diaz Corp', 'Receptionist', 58, 'Completed');
INSERT INTO public.jobseeker_experience (id, jobseeker_id, company_name, position, number_of_months, status) VALUES ('428744e6-b2d4-46d7-bddc-189e241f2522', '9c5ac41b-f99c-4ba8-a4a7-9c5153641492', 'Blanco Corp', 'Data Analyst', 14, 'Completed');
INSERT INTO public.jobseeker_trainings (id, jobseeker_id, course, hours_of_training, training_institution) VALUES ('a58a3e84-fcee-4349-aa3a-cb01230a3a8c', '9c5ac41b-f99c-4ba8-a4a7-9c5153641492', 'First Aid', 25, 'TESDA Gensan');
INSERT INTO public.jobseeker_trainings (id, jobseeker_id, course, hours_of_training, training_institution) VALUES ('c8467096-6088-4085-ab63-34229503d4a1', '9c5ac41b-f99c-4ba8-a4a7-9c5153641492', 'Leadership Training', 22, 'TESDA Gensan');
INSERT INTO public.jobseeker_trainings (id, jobseeker_id, course, hours_of_training, training_institution) VALUES ('dd72e3f2-0eda-4fa4-850d-5e04e790944d', '9c5ac41b-f99c-4ba8-a4a7-9c5153641492', 'Customer Service Excellence', 58, 'TESDA Gensan');
INSERT INTO public.jobseekers (id, email, first_name, last_name, birth_date, gender, civil_status, is_pwd, phone, barangay, city, province, employment_status, is_active, job_seeking_status, profile_complete, profile_completeness, work_setup_preference, expected_salary_min, preferred_occupation_1, preferred_occupation_2, preferred_work_location_local_1, preferred_work_location_local_2, preference_full_time, preference_part_time) VALUES ('d8c32291-7ba3-42f6-8887-4bda3036e784', 'jobseeker55@example.com', 'Francisco', 'Jimenez', '1990-01-01', 'Female', 'Single', false, '09672339338', 'Lagao', 'General Santos City', 'South Cotabato', 'Unemployed', true, 'open', true, 100, 'remote', 18137, 'Marketing Specialist', 'Cashier', 'Dadiangas East, General Santos City', 'City Heights, General Santos City', true, false);
INSERT INTO public.jobseeker_education (id, jobseeker_id, currently_in_school, level, course, year_graduated, school_name) VALUES ('42df4df1-b0f9-4f9f-b486-139951b6263c', 'd8c32291-7ba3-42f6-8887-4bda3036e784', false, 'College Graduate', 'BS Education', '2013', 'Mindanao State University');
INSERT INTO public.jobseeker_education (id, jobseeker_id, currently_in_school, level, course, year_graduated, school_name) VALUES ('73b49534-88c5-41a4-9f46-4063a3534d93', 'd8c32291-7ba3-42f6-8887-4bda3036e784', false, 'College Graduate', 'BS IT', '2020', 'Mindanao State University');
INSERT INTO public.jobseeker_education (id, jobseeker_id, currently_in_school, level, course, year_graduated, school_name) VALUES ('238a0ff2-5e9b-487a-a95c-9dd980a0e84a', 'd8c32291-7ba3-42f6-8887-4bda3036e784', false, 'College Graduate', 'BS Engineering', '2012', 'Mindanao State University');
INSERT INTO public.jobseeker_education (id, jobseeker_id, currently_in_school, level, course, year_graduated, school_name) VALUES ('b70c2577-29f0-4303-8a1c-8e23f68260a8', 'd8c32291-7ba3-42f6-8887-4bda3036e784', false, 'College Graduate', 'BS IT', '2021', 'Mindanao State University');
INSERT INTO public.jobseeker_education (id, jobseeker_id, currently_in_school, level, course, year_graduated, school_name) VALUES ('74890b7a-a9cc-49bd-a2a4-46e74228d2e1', 'd8c32291-7ba3-42f6-8887-4bda3036e784', false, 'College Graduate', 'BS Business Administration', '2019', 'Mindanao State University');
INSERT INTO public.jobseeker_experience (id, jobseeker_id, company_name, position, number_of_months, status) VALUES ('1fb33267-f127-4249-9b75-423ef3b9be16', 'd8c32291-7ba3-42f6-8887-4bda3036e784', 'Martinez Corp', 'Carpenter', 51, 'Completed');
INSERT INTO public.jobseeker_experience (id, jobseeker_id, company_name, position, number_of_months, status) VALUES ('cbd66089-b972-467f-a203-3e70c31e9ccc', 'd8c32291-7ba3-42f6-8887-4bda3036e784', 'Gomez Corp', 'Chef', 26, 'Completed');
INSERT INTO public.jobseeker_experience (id, jobseeker_id, company_name, position, number_of_months, status) VALUES ('ef4c96cd-3bb7-4897-8a77-edc542eaea1a', 'd8c32291-7ba3-42f6-8887-4bda3036e784', 'Munoz Corp', 'Software Engineer', 8, 'Completed');
INSERT INTO public.jobseeker_trainings (id, jobseeker_id, course, hours_of_training, training_institution) VALUES ('e14833c3-03fb-4bc6-b17b-bb9d52de9be1', 'd8c32291-7ba3-42f6-8887-4bda3036e784', 'TESDA NC II', 94, 'TESDA Gensan');
INSERT INTO public.jobseeker_trainings (id, jobseeker_id, course, hours_of_training, training_institution) VALUES ('ba89e411-96bc-42d8-8d78-4e1279813fab', 'd8c32291-7ba3-42f6-8887-4bda3036e784', 'Customer Service Excellence', 76, 'TESDA Gensan');
INSERT INTO public.jobseeker_trainings (id, jobseeker_id, course, hours_of_training, training_institution) VALUES ('1175644f-6d89-4281-aea4-b41f04cec725', 'd8c32291-7ba3-42f6-8887-4bda3036e784', 'Leadership Training', 120, 'TESDA Gensan');
INSERT INTO public.jobseekers (id, email, first_name, last_name, birth_date, gender, civil_status, is_pwd, phone, barangay, city, province, employment_status, is_active, job_seeking_status, profile_complete, profile_completeness, work_setup_preference, expected_salary_min, preferred_occupation_1, preferred_occupation_2, preferred_work_location_local_1, preferred_work_location_local_2, preference_full_time, preference_part_time) VALUES ('92b6f9e1-46f8-425f-8f14-af64be217f7e', 'jobseeker56@example.com', 'Luis', 'Fernandez', '1990-01-01', 'Female', 'Single', false, '09599004382', 'Ligaya', 'General Santos City', 'South Cotabato', 'Unemployed', true, 'actively_looking', true, 100, 'hybrid', 24918, 'Carpenter', 'Fishery Worker', 'Dadiangas North, General Santos City', 'San Isidro, General Santos City', true, false);
INSERT INTO public.jobseeker_education (id, jobseeker_id, currently_in_school, level, course, year_graduated, school_name) VALUES ('4adbfa01-c888-4664-9404-97d99baa1ee8', '92b6f9e1-46f8-425f-8f14-af64be217f7e', false, 'College Graduate', 'BS Education', '2019', 'Mindanao State University');
INSERT INTO public.jobseeker_education (id, jobseeker_id, currently_in_school, level, course, year_graduated, school_name) VALUES ('9c17a241-b692-4b7e-9279-8747116531c4', '92b6f9e1-46f8-425f-8f14-af64be217f7e', false, 'College Graduate', 'BS Nursing', '2010', 'Mindanao State University');
INSERT INTO public.jobseeker_education (id, jobseeker_id, currently_in_school, level, course, year_graduated, school_name) VALUES ('fc321ea8-0bd9-48ce-947e-99a974d634c5', '92b6f9e1-46f8-425f-8f14-af64be217f7e', false, 'College Graduate', 'BS Engineering', '2012', 'Mindanao State University');
INSERT INTO public.jobseeker_experience (id, jobseeker_id, company_name, position, number_of_months, status) VALUES ('481f5c7e-2690-48d8-b807-b49501448ca7', '92b6f9e1-46f8-425f-8f14-af64be217f7e', 'Martin Corp', 'Administrative Assistant', 45, 'Completed');
INSERT INTO public.jobseeker_experience (id, jobseeker_id, company_name, position, number_of_months, status) VALUES ('91881222-ad4d-4ff2-9854-787ef37b9d7f', '92b6f9e1-46f8-425f-8f14-af64be217f7e', 'Ruiz Corp', 'Warehouse Worker', 34, 'Completed');
INSERT INTO public.jobseeker_experience (id, jobseeker_id, company_name, position, number_of_months, status) VALUES ('51e10e94-1e34-4fde-8b86-3d062010cb0a', '92b6f9e1-46f8-425f-8f14-af64be217f7e', 'Ruiz Corp', 'Captain', 58, 'Completed');
INSERT INTO public.jobseeker_experience (id, jobseeker_id, company_name, position, number_of_months, status) VALUES ('ab6d7b0f-2c68-44c2-b4f6-c3cd461e9f66', '92b6f9e1-46f8-425f-8f14-af64be217f7e', 'Martin Corp', 'Sales Representative', 33, 'Completed');
INSERT INTO public.jobseeker_trainings (id, jobseeker_id, course, hours_of_training, training_institution) VALUES ('8847a883-d105-4093-8a9a-987629e6cbd8', '92b6f9e1-46f8-425f-8f14-af64be217f7e', 'Web Development', 13, 'TESDA Gensan');
INSERT INTO public.jobseeker_trainings (id, jobseeker_id, course, hours_of_training, training_institution) VALUES ('434d4ade-e5b5-41ac-940b-759670713830', '92b6f9e1-46f8-425f-8f14-af64be217f7e', 'First Aid', 62, 'TESDA Gensan');
INSERT INTO public.jobseekers (id, email, first_name, last_name, birth_date, gender, civil_status, is_pwd, phone, barangay, city, province, employment_status, is_active, job_seeking_status, profile_complete, profile_completeness, work_setup_preference, expected_salary_min, preferred_occupation_1, preferred_occupation_2, preferred_work_location_local_1, preferred_work_location_local_2, preference_full_time, preference_part_time) VALUES ('acd12444-4070-4a91-b912-6d2b260b60af', 'jobseeker57@example.com', 'Lourdes', 'Gomez', '1990-01-01', 'Female', 'Single', false, '09251803166', 'Labangal', 'General Santos City', 'South Cotabato', 'Unemployed', true, 'actively_looking', true, 100, 'hybrid', 15118, 'Janitor', 'Fishery Worker', 'Labangal, General Santos City', 'Conel, General Santos City', true, false);
INSERT INTO public.jobseeker_education (id, jobseeker_id, currently_in_school, level, course, year_graduated, school_name) VALUES ('26058535-8d81-487c-bdc5-95459be3c940', 'acd12444-4070-4a91-b912-6d2b260b60af', false, 'College Graduate', 'BS Nursing', '2021', 'Mindanao State University');
INSERT INTO public.jobseeker_education (id, jobseeker_id, currently_in_school, level, course, year_graduated, school_name) VALUES ('06538408-5769-4d61-8420-b2f797680b06', 'acd12444-4070-4a91-b912-6d2b260b60af', false, 'College Graduate', 'BS Education', '2015', 'Mindanao State University');
INSERT INTO public.jobseeker_education (id, jobseeker_id, currently_in_school, level, course, year_graduated, school_name) VALUES ('0e13da73-615f-4f13-9c9d-a6366afd3bc6', 'acd12444-4070-4a91-b912-6d2b260b60af', false, 'College Graduate', 'BS Business Administration', '2021', 'Mindanao State University');
INSERT INTO public.jobseeker_experience (id, jobseeker_id, company_name, position, number_of_months, status) VALUES ('dfd05a46-0208-4b68-bed3-7c05c04acf2c', 'acd12444-4070-4a91-b912-6d2b260b60af', 'Alonso Corp', 'Chef', 12, 'Completed');
INSERT INTO public.jobseeker_experience (id, jobseeker_id, company_name, position, number_of_months, status) VALUES ('61ea4835-4242-4659-99b7-399fb23d6911', 'acd12444-4070-4a91-b912-6d2b260b60af', 'Serrano Corp', 'Chef', 42, 'Completed');
INSERT INTO public.jobseeker_experience (id, jobseeker_id, company_name, position, number_of_months, status) VALUES ('3135c427-8251-4f68-b449-d827d6be5950', 'acd12444-4070-4a91-b912-6d2b260b60af', 'Torres Corp', 'Mechanic', 41, 'Completed');
INSERT INTO public.jobseeker_trainings (id, jobseeker_id, course, hours_of_training, training_institution) VALUES ('23c35ff8-226b-48de-a546-fe84dcd8b629', 'acd12444-4070-4a91-b912-6d2b260b60af', 'Customer Service Excellence', 46, 'TESDA Gensan');
INSERT INTO public.jobseeker_trainings (id, jobseeker_id, course, hours_of_training, training_institution) VALUES ('4b907ae0-cd46-478d-9411-a6e09bc90d43', 'acd12444-4070-4a91-b912-6d2b260b60af', 'Customer Service Excellence', 105, 'TESDA Gensan');
INSERT INTO public.jobseeker_trainings (id, jobseeker_id, course, hours_of_training, training_institution) VALUES ('faa830d3-00ad-4ea3-8f85-7efeb0f1e34a', 'acd12444-4070-4a91-b912-6d2b260b60af', 'TESDA NC II', 74, 'TESDA Gensan');
INSERT INTO public.jobseekers (id, email, first_name, last_name, birth_date, gender, civil_status, is_pwd, phone, barangay, city, province, employment_status, is_active, job_seeking_status, profile_complete, profile_completeness, work_setup_preference, expected_salary_min, preferred_occupation_1, preferred_occupation_2, preferred_work_location_local_1, preferred_work_location_local_2, preference_full_time, preference_part_time) VALUES ('da453dac-2927-4b80-b7f8-d81c99e9bca9', 'jobseeker58@example.com', 'Daniel', 'Rodriguez', '1990-01-01', 'Female', 'Single', false, '09428935570', 'San Isidro', 'General Santos City', 'South Cotabato', 'Unemployed', true, 'not_looking', true, 100, 'onsite', 20096, 'Manager', 'Electrician', 'Baluan, General Santos City', 'Dadiangas East, General Santos City', true, false);
INSERT INTO public.jobseeker_education (id, jobseeker_id, currently_in_school, level, course, year_graduated, school_name) VALUES ('b7f01071-b614-49cf-a9ea-35e32a4dfa0d', 'da453dac-2927-4b80-b7f8-d81c99e9bca9', false, 'College Graduate', 'BS Education', '2010', 'Mindanao State University');
INSERT INTO public.jobseeker_education (id, jobseeker_id, currently_in_school, level, course, year_graduated, school_name) VALUES ('d24a7381-02fb-4943-978f-136ce29321c4', 'da453dac-2927-4b80-b7f8-d81c99e9bca9', false, 'College Graduate', 'BS Business Administration', '2014', 'Mindanao State University');
INSERT INTO public.jobseeker_education (id, jobseeker_id, currently_in_school, level, course, year_graduated, school_name) VALUES ('e56582d6-532b-41b4-af6a-20ae9e3e900e', 'da453dac-2927-4b80-b7f8-d81c99e9bca9', false, 'College Graduate', 'BS Business Administration', '2022', 'Mindanao State University');
INSERT INTO public.jobseeker_experience (id, jobseeker_id, company_name, position, number_of_months, status) VALUES ('ea504841-a4fe-417d-9111-70c36db850c8', 'da453dac-2927-4b80-b7f8-d81c99e9bca9', 'Romero Corp', 'HR Officer', 51, 'Completed');
INSERT INTO public.jobseeker_experience (id, jobseeker_id, company_name, position, number_of_months, status) VALUES ('e32f2720-8f52-4919-ac29-c0c16392c6dd', 'da453dac-2927-4b80-b7f8-d81c99e9bca9', 'Lopez Corp', 'Deckhand', 12, 'Completed');
INSERT INTO public.jobseeker_experience (id, jobseeker_id, company_name, position, number_of_months, status) VALUES ('cac82d51-a679-454c-9d4b-25282941b967', 'da453dac-2927-4b80-b7f8-d81c99e9bca9', 'Ramirez Corp', 'Nurse', 28, 'Completed');
INSERT INTO public.jobseeker_experience (id, jobseeker_id, company_name, position, number_of_months, status) VALUES ('e9ab8c42-49ca-4c8a-8763-f166158b6000', 'da453dac-2927-4b80-b7f8-d81c99e9bca9', 'Gutierrez Corp', 'Mechanic', 30, 'Completed');
INSERT INTO public.jobseeker_trainings (id, jobseeker_id, course, hours_of_training, training_institution) VALUES ('d79c4721-3d2e-450c-8cad-d8f41540b3d9', 'da453dac-2927-4b80-b7f8-d81c99e9bca9', 'Customer Service Excellence', 84, 'TESDA Gensan');
INSERT INTO public.jobseekers (id, email, first_name, last_name, birth_date, gender, civil_status, is_pwd, phone, barangay, city, province, employment_status, is_active, job_seeking_status, profile_complete, profile_completeness, work_setup_preference, expected_salary_min, preferred_occupation_1, preferred_occupation_2, preferred_work_location_local_1, preferred_work_location_local_2, preference_full_time, preference_part_time) VALUES ('086487b2-6e42-4440-884b-13c04f12ea40', 'jobseeker59@example.com', 'Lourdes', 'Ramos', '1990-01-01', 'Female', 'Single', false, '09292603280', 'Apopong', 'General Santos City', 'South Cotabato', 'Unemployed', true, 'actively_looking', true, 100, 'any', 18493, 'Accountant', 'Plumber', 'Lagao, General Santos City', 'Ligaya, General Santos City', true, false);
INSERT INTO public.jobseeker_education (id, jobseeker_id, currently_in_school, level, course, year_graduated, school_name) VALUES ('86e5806a-a63f-4961-939b-07fe7a9b933e', '086487b2-6e42-4440-884b-13c04f12ea40', false, 'College Graduate', 'BS Engineering', '2019', 'Mindanao State University');
INSERT INTO public.jobseeker_education (id, jobseeker_id, currently_in_school, level, course, year_graduated, school_name) VALUES ('79c954bd-ae8d-4a1b-9e44-aa9a4c604f59', '086487b2-6e42-4440-884b-13c04f12ea40', false, 'College Graduate', 'BS Engineering', '2015', 'Mindanao State University');
INSERT INTO public.jobseeker_experience (id, jobseeker_id, company_name, position, number_of_months, status) VALUES ('371322fd-460b-4fae-8f82-220f98f128ac', '086487b2-6e42-4440-884b-13c04f12ea40', 'Garcia Corp', 'Security Guard', 55, 'Completed');
INSERT INTO public.jobseeker_experience (id, jobseeker_id, company_name, position, number_of_months, status) VALUES ('5c3cea9e-2617-4cbf-a750-cdeb76f647b7', '086487b2-6e42-4440-884b-13c04f12ea40', 'Suarez Corp', 'Captain', 49, 'Completed');
INSERT INTO public.jobseeker_experience (id, jobseeker_id, company_name, position, number_of_months, status) VALUES ('a4e29f59-d620-421d-8f55-2c98d922f8eb', '086487b2-6e42-4440-884b-13c04f12ea40', 'Jimenez Corp', 'Warehouse Worker', 46, 'Completed');
INSERT INTO public.jobseeker_trainings (id, jobseeker_id, course, hours_of_training, training_institution) VALUES ('72906e20-16ef-44e3-bc30-713a5eb5ca55', '086487b2-6e42-4440-884b-13c04f12ea40', 'TESDA NC II', 64, 'TESDA Gensan');
INSERT INTO public.jobseeker_trainings (id, jobseeker_id, course, hours_of_training, training_institution) VALUES ('deeaaec7-07c7-4083-b2bf-4f9e72f8f280', '086487b2-6e42-4440-884b-13c04f12ea40', 'First Aid', 54, 'TESDA Gensan');
INSERT INTO public.jobseekers (id, email, first_name, last_name, birth_date, gender, civil_status, is_pwd, phone, barangay, city, province, employment_status, is_active, job_seeking_status, profile_complete, profile_completeness, work_setup_preference, expected_salary_min, preferred_occupation_1, preferred_occupation_2, preferred_work_location_local_1, preferred_work_location_local_2, preference_full_time, preference_part_time) VALUES ('e117c8ff-d99b-4af0-93d8-60338504d761', 'jobseeker60@example.com', 'Isabel', 'Moreno', '1990-01-01', 'Male', 'Single', false, '09167773014', 'Siguel', 'General Santos City', 'South Cotabato', 'Unemployed', true, 'actively_looking', true, 100, 'any', 23879, 'Teacher', 'Mechanic', 'Conel, General Santos City', 'Apopong, General Santos City', true, false);
INSERT INTO public.jobseeker_education (id, jobseeker_id, currently_in_school, level, course, year_graduated, school_name) VALUES ('47d5c6f2-f73c-4e38-b9a2-0fb004fd60ec', 'e117c8ff-d99b-4af0-93d8-60338504d761', false, 'College Graduate', 'BS Nursing', '2010', 'Mindanao State University');
INSERT INTO public.jobseeker_education (id, jobseeker_id, currently_in_school, level, course, year_graduated, school_name) VALUES ('9efd4fb0-51e4-486c-a4d8-6494c49b4b01', 'e117c8ff-d99b-4af0-93d8-60338504d761', false, 'College Graduate', 'BS IT', '2013', 'Mindanao State University');
INSERT INTO public.jobseeker_experience (id, jobseeker_id, company_name, position, number_of_months, status) VALUES ('848d4f92-b412-4b02-b341-8b30537f7f2b', 'e117c8ff-d99b-4af0-93d8-60338504d761', 'Gomez Corp', 'Deckhand', 33, 'Completed');
INSERT INTO public.jobseeker_experience (id, jobseeker_id, company_name, position, number_of_months, status) VALUES ('9bbc80d2-02e7-43a6-9d55-d2817060bd6e', 'e117c8ff-d99b-4af0-93d8-60338504d761', 'Rodriguez Corp', 'Customer Service Representative', 24, 'Completed');
INSERT INTO public.jobseeker_trainings (id, jobseeker_id, course, hours_of_training, training_institution) VALUES ('5d424d5f-d8bc-438f-9d1c-af4577d6488b', 'e117c8ff-d99b-4af0-93d8-60338504d761', 'TESDA NC II', 37, 'TESDA Gensan');
INSERT INTO public.jobseeker_trainings (id, jobseeker_id, course, hours_of_training, training_institution) VALUES ('4d228b57-5e5c-4523-a15f-979d2ba4321a', 'e117c8ff-d99b-4af0-93d8-60338504d761', 'Web Development', 42, 'TESDA Gensan');
INSERT INTO public.jobseekers (id, email, first_name, last_name, birth_date, gender, civil_status, is_pwd, phone, barangay, city, province, employment_status, is_active, job_seeking_status, profile_complete, profile_completeness, work_setup_preference, expected_salary_min, preferred_occupation_1, preferred_occupation_2, preferred_work_location_local_1, preferred_work_location_local_2, preference_full_time, preference_part_time) VALUES ('e5f3b35d-950a-4933-b4b2-6bbec3c95d50', 'jobseeker61@example.com', 'Maria', 'Munoz', '1990-01-01', 'Female', 'Single', false, '09174539172', 'San Isidro', 'General Santos City', 'South Cotabato', 'Unemployed', true, 'not_looking', true, 100, 'any', 17390, 'Carpenter', 'Captain', 'City Heights, General Santos City', 'Mabuhay, General Santos City', true, false);
INSERT INTO public.jobseeker_education (id, jobseeker_id, currently_in_school, level, course, year_graduated, school_name) VALUES ('9dff5e1c-ced0-4eec-b0e3-0a633682e221', 'e5f3b35d-950a-4933-b4b2-6bbec3c95d50', false, 'College Graduate', 'BS Nursing', '2010', 'Mindanao State University');
INSERT INTO public.jobseeker_education (id, jobseeker_id, currently_in_school, level, course, year_graduated, school_name) VALUES ('4573bb96-fbe3-46e3-a9d3-68b34633a026', 'e5f3b35d-950a-4933-b4b2-6bbec3c95d50', false, 'College Graduate', 'BS Engineering', '2022', 'Mindanao State University');
INSERT INTO public.jobseeker_experience (id, jobseeker_id, company_name, position, number_of_months, status) VALUES ('a63e089c-91e4-425c-987e-5f0d3fddb00f', 'e5f3b35d-950a-4933-b4b2-6bbec3c95d50', 'Rodriguez Corp', 'Manager', 11, 'Completed');
INSERT INTO public.jobseeker_experience (id, jobseeker_id, company_name, position, number_of_months, status) VALUES ('e369eae4-4886-42bd-8583-05fab7a2a880', 'e5f3b35d-950a-4933-b4b2-6bbec3c95d50', 'Blanco Corp', 'Software Engineer', 44, 'Completed');
INSERT INTO public.jobseeker_experience (id, jobseeker_id, company_name, position, number_of_months, status) VALUES ('edd471b7-843a-4c81-ae81-450845ca778b', 'e5f3b35d-950a-4933-b4b2-6bbec3c95d50', 'Ramirez Corp', 'Manager', 21, 'Completed');
INSERT INTO public.jobseeker_trainings (id, jobseeker_id, course, hours_of_training, training_institution) VALUES ('c331182d-7f06-410c-b8d8-7cd0f781e5d0', 'e5f3b35d-950a-4933-b4b2-6bbec3c95d50', 'First Aid', 38, 'TESDA Gensan');
INSERT INTO public.jobseeker_trainings (id, jobseeker_id, course, hours_of_training, training_institution) VALUES ('0e4332a0-a70a-47a1-9e4f-c51c921eae6b', 'e5f3b35d-950a-4933-b4b2-6bbec3c95d50', 'Web Development', 57, 'TESDA Gensan');
INSERT INTO public.jobseekers (id, email, first_name, last_name, birth_date, gender, civil_status, is_pwd, phone, barangay, city, province, employment_status, is_active, job_seeking_status, profile_complete, profile_completeness, work_setup_preference, expected_salary_min, preferred_occupation_1, preferred_occupation_2, preferred_work_location_local_1, preferred_work_location_local_2, preference_full_time, preference_part_time) VALUES ('fb202c46-7c14-40ec-b6b4-bf28ef1e38e3', 'jobseeker62@example.com', 'Francisco', 'Diaz', '1990-01-01', 'Male', 'Single', false, '09189375613', 'City Heights', 'General Santos City', 'South Cotabato', 'Unemployed', true, 'open', true, 100, 'hybrid', 17407, 'Janitor', 'Receptionist', 'Fatima, General Santos City', 'Fatima, General Santos City', true, false);
INSERT INTO public.jobseeker_education (id, jobseeker_id, currently_in_school, level, course, year_graduated, school_name) VALUES ('5e23ffad-8f1a-49d3-a95a-5942e1f5870e', 'fb202c46-7c14-40ec-b6b4-bf28ef1e38e3', false, 'College Graduate', 'BS Business Administration', '2015', 'Mindanao State University');
INSERT INTO public.jobseeker_education (id, jobseeker_id, currently_in_school, level, course, year_graduated, school_name) VALUES ('91313868-c726-480f-bbfd-4e206a13ee87', 'fb202c46-7c14-40ec-b6b4-bf28ef1e38e3', false, 'College Graduate', 'BS Business Administration', '2019', 'Mindanao State University');
INSERT INTO public.jobseeker_education (id, jobseeker_id, currently_in_school, level, course, year_graduated, school_name) VALUES ('ca917872-2243-4d43-bd96-930b3f4cb5f0', 'fb202c46-7c14-40ec-b6b4-bf28ef1e38e3', false, 'College Graduate', 'BS Engineering', '2012', 'Mindanao State University');
INSERT INTO public.jobseeker_experience (id, jobseeker_id, company_name, position, number_of_months, status) VALUES ('81db9410-bbf8-49c7-88ad-8378e7ca444b', 'fb202c46-7c14-40ec-b6b4-bf28ef1e38e3', 'Martinez Corp', 'Administrative Assistant', 20, 'Completed');
INSERT INTO public.jobseeker_experience (id, jobseeker_id, company_name, position, number_of_months, status) VALUES ('4e04685f-5df9-42c6-b445-4d4d9b652693', 'fb202c46-7c14-40ec-b6b4-bf28ef1e38e3', 'Serrano Corp', 'Quality Control Inspector', 29, 'Completed');
INSERT INTO public.jobseeker_experience (id, jobseeker_id, company_name, position, number_of_months, status) VALUES ('714317c2-bf59-491b-ba45-cbeb763fd204', 'fb202c46-7c14-40ec-b6b4-bf28ef1e38e3', 'Moreno Corp', 'Data Analyst', 17, 'Completed');
INSERT INTO public.jobseeker_experience (id, jobseeker_id, company_name, position, number_of_months, status) VALUES ('150ca690-f580-42b0-8c22-2f5ce5dbfb10', 'fb202c46-7c14-40ec-b6b4-bf28ef1e38e3', 'Navarro Corp', 'Tuna Grader', 10, 'Completed');
INSERT INTO public.jobseeker_experience (id, jobseeker_id, company_name, position, number_of_months, status) VALUES ('a2e2b6b9-6234-45c8-b642-51b99b906047', 'fb202c46-7c14-40ec-b6b4-bf28ef1e38e3', 'Blanco Corp', 'Security Guard', 60, 'Completed');
INSERT INTO public.jobseeker_trainings (id, jobseeker_id, course, hours_of_training, training_institution) VALUES ('22fe0733-dc60-4c21-837d-8e9d17a0ca3a', 'fb202c46-7c14-40ec-b6b4-bf28ef1e38e3', 'TESDA NC II', 53, 'TESDA Gensan');
INSERT INTO public.jobseeker_trainings (id, jobseeker_id, course, hours_of_training, training_institution) VALUES ('51bbbb1c-82d6-4d5e-b676-bfb336ea7288', 'fb202c46-7c14-40ec-b6b4-bf28ef1e38e3', 'Web Development', 84, 'TESDA Gensan');
INSERT INTO public.jobseekers (id, email, first_name, last_name, birth_date, gender, civil_status, is_pwd, phone, barangay, city, province, employment_status, is_active, job_seeking_status, profile_complete, profile_completeness, work_setup_preference, expected_salary_min, preferred_occupation_1, preferred_occupation_2, preferred_work_location_local_1, preferred_work_location_local_2, preference_full_time, preference_part_time) VALUES ('caee581c-f733-4789-9a35-cd53663c58e8', 'jobseeker63@example.com', 'Jose', 'Suarez', '1990-01-01', 'Male', 'Single', false, '09778410970', 'Buayan', 'General Santos City', 'South Cotabato', 'Unemployed', true, 'not_looking', true, 100, 'remote', 22751, 'Receptionist', 'Plumber', 'Buayan, General Santos City', 'Katangawan, General Santos City', true, false);
INSERT INTO public.jobseeker_education (id, jobseeker_id, currently_in_school, level, course, year_graduated, school_name) VALUES ('fe009718-4064-4128-a0c8-393799684f52', 'caee581c-f733-4789-9a35-cd53663c58e8', false, 'College Graduate', 'BS IT', '2020', 'Mindanao State University');
INSERT INTO public.jobseeker_education (id, jobseeker_id, currently_in_school, level, course, year_graduated, school_name) VALUES ('99d860c5-30ea-49d6-9ab6-ff70ec350b30', 'caee581c-f733-4789-9a35-cd53663c58e8', false, 'College Graduate', 'BS Engineering', '2010', 'Mindanao State University');
INSERT INTO public.jobseeker_education (id, jobseeker_id, currently_in_school, level, course, year_graduated, school_name) VALUES ('d91e1852-24b3-4d47-92dc-2e452e23425a', 'caee581c-f733-4789-9a35-cd53663c58e8', false, 'College Graduate', 'BS Engineering', '2019', 'Mindanao State University');
INSERT INTO public.jobseeker_education (id, jobseeker_id, currently_in_school, level, course, year_graduated, school_name) VALUES ('301eb850-1732-4476-8cd3-ab5a626445d0', 'caee581c-f733-4789-9a35-cd53663c58e8', false, 'College Graduate', 'BS Education', '2014', 'Mindanao State University');
INSERT INTO public.jobseeker_experience (id, jobseeker_id, company_name, position, number_of_months, status) VALUES ('b170117b-c6b7-4112-91a3-9708e928c410', 'caee581c-f733-4789-9a35-cd53663c58e8', 'Garcia Corp', 'Deckhand', 13, 'Completed');
INSERT INTO public.jobseeker_experience (id, jobseeker_id, company_name, position, number_of_months, status) VALUES ('6e289a8d-d7fc-43f9-9c25-b309a9419c86', 'caee581c-f733-4789-9a35-cd53663c58e8', 'Hernandez Corp', 'Customer Service Representative', 46, 'Completed');
INSERT INTO public.jobseeker_experience (id, jobseeker_id, company_name, position, number_of_months, status) VALUES ('9f657c16-6aac-4f68-a764-d0b1fd8b1f8a', 'caee581c-f733-4789-9a35-cd53663c58e8', 'Gutierrez Corp', 'Plumber', 55, 'Completed');
INSERT INTO public.jobseeker_trainings (id, jobseeker_id, course, hours_of_training, training_institution) VALUES ('895fa1ce-fde5-4534-80bd-55c69877759f', 'caee581c-f733-4789-9a35-cd53663c58e8', 'Leadership Training', 51, 'TESDA Gensan');
INSERT INTO public.jobseekers (id, email, first_name, last_name, birth_date, gender, civil_status, is_pwd, phone, barangay, city, province, employment_status, is_active, job_seeking_status, profile_complete, profile_completeness, work_setup_preference, expected_salary_min, preferred_occupation_1, preferred_occupation_2, preferred_work_location_local_1, preferred_work_location_local_2, preference_full_time, preference_part_time) VALUES ('a0b13e68-94a0-486e-9b96-db0cbf9b3ad7', 'jobseeker64@example.com', 'David', 'Munoz', '1990-01-01', 'Male', 'Single', false, '09559031459', 'Bula', 'General Santos City', 'South Cotabato', 'Unemployed', true, 'actively_looking', true, 100, 'any', 21145, 'Warehouse Worker', 'Carpenter', 'Sinawal, General Santos City', 'Labangal, General Santos City', true, false);
INSERT INTO public.jobseeker_education (id, jobseeker_id, currently_in_school, level, course, year_graduated, school_name) VALUES ('c603e1e5-734c-4ee8-bbb7-a540ede6fa1a', 'a0b13e68-94a0-486e-9b96-db0cbf9b3ad7', false, 'College Graduate', 'BS Engineering', '2010', 'Mindanao State University');
INSERT INTO public.jobseeker_education (id, jobseeker_id, currently_in_school, level, course, year_graduated, school_name) VALUES ('530c50c2-a858-4312-8462-64a4ef131867', 'a0b13e68-94a0-486e-9b96-db0cbf9b3ad7', false, 'College Graduate', 'BS Nursing', '2017', 'Mindanao State University');
INSERT INTO public.jobseeker_education (id, jobseeker_id, currently_in_school, level, course, year_graduated, school_name) VALUES ('34650676-bf55-4053-8055-c9b0b030f1dc', 'a0b13e68-94a0-486e-9b96-db0cbf9b3ad7', false, 'College Graduate', 'BS IT', '2010', 'Mindanao State University');
INSERT INTO public.jobseeker_education (id, jobseeker_id, currently_in_school, level, course, year_graduated, school_name) VALUES ('307fadec-a23e-4dfc-9768-be35ac4e62fa', 'a0b13e68-94a0-486e-9b96-db0cbf9b3ad7', false, 'College Graduate', 'BS Nursing', '2012', 'Mindanao State University');
INSERT INTO public.jobseeker_experience (id, jobseeker_id, company_name, position, number_of_months, status) VALUES ('cbe8073e-df87-480c-92d8-f2783c1be109', 'a0b13e68-94a0-486e-9b96-db0cbf9b3ad7', 'Alvarez Corp', 'Waitress', 50, 'Completed');
INSERT INTO public.jobseeker_experience (id, jobseeker_id, company_name, position, number_of_months, status) VALUES ('cd00dbf9-d3c1-4bbd-9a45-19e0a191ad57', 'a0b13e68-94a0-486e-9b96-db0cbf9b3ad7', 'Ruiz Corp', 'Electrician', 43, 'Completed');
INSERT INTO public.jobseeker_experience (id, jobseeker_id, company_name, position, number_of_months, status) VALUES ('6268a504-0541-4fd8-8afd-0f065a7572b6', 'a0b13e68-94a0-486e-9b96-db0cbf9b3ad7', 'Gutierrez Corp', 'Chef', 50, 'Completed');
INSERT INTO public.jobseeker_experience (id, jobseeker_id, company_name, position, number_of_months, status) VALUES ('c032b726-e0a6-4525-ac5c-c73cfa8afb1a', 'a0b13e68-94a0-486e-9b96-db0cbf9b3ad7', 'Perez Corp', 'Data Analyst', 16, 'Completed');
INSERT INTO public.jobseeker_experience (id, jobseeker_id, company_name, position, number_of_months, status) VALUES ('2ce99b7c-6455-4c8a-a69d-ecc34b0a1510', 'a0b13e68-94a0-486e-9b96-db0cbf9b3ad7', 'Ramirez Corp', 'Data Analyst', 25, 'Completed');
INSERT INTO public.jobseeker_trainings (id, jobseeker_id, course, hours_of_training, training_institution) VALUES ('ba2a972d-f33b-4a71-8036-58ece446b069', 'a0b13e68-94a0-486e-9b96-db0cbf9b3ad7', 'First Aid', 120, 'TESDA Gensan');
INSERT INTO public.jobseekers (id, email, first_name, last_name, birth_date, gender, civil_status, is_pwd, phone, barangay, city, province, employment_status, is_active, job_seeking_status, profile_complete, profile_completeness, work_setup_preference, expected_salary_min, preferred_occupation_1, preferred_occupation_2, preferred_work_location_local_1, preferred_work_location_local_2, preference_full_time, preference_part_time) VALUES ('3010d670-cd26-4470-8412-ffc238fbe774', 'jobseeker65@example.com', 'Alba', 'Garcia', '1990-01-01', 'Female', 'Single', false, '09298628712', 'Dadiangas North', 'General Santos City', 'South Cotabato', 'Unemployed', true, 'actively_looking', true, 100, 'remote', 22533, 'Chef', 'Carpenter', 'San Jose, General Santos City', 'Fatima, General Santos City', true, false);
INSERT INTO public.jobseeker_education (id, jobseeker_id, currently_in_school, level, course, year_graduated, school_name) VALUES ('93df3dd5-4fab-4c60-b700-5fdb4cc7b00e', '3010d670-cd26-4470-8412-ffc238fbe774', false, 'College Graduate', 'BS Education', '2019', 'Mindanao State University');
INSERT INTO public.jobseeker_education (id, jobseeker_id, currently_in_school, level, course, year_graduated, school_name) VALUES ('79099658-d01d-4d65-a985-b4605bf8074d', '3010d670-cd26-4470-8412-ffc238fbe774', false, 'College Graduate', 'BS Nursing', '2010', 'Mindanao State University');
INSERT INTO public.jobseeker_education (id, jobseeker_id, currently_in_school, level, course, year_graduated, school_name) VALUES ('7947b0fe-3fbc-4a21-897d-045b45645f3c', '3010d670-cd26-4470-8412-ffc238fbe774', false, 'College Graduate', 'BS Nursing', '2023', 'Mindanao State University');
INSERT INTO public.jobseeker_experience (id, jobseeker_id, company_name, position, number_of_months, status) VALUES ('3e2f1b78-fa7a-4ca5-af07-63d6b2f04074', '3010d670-cd26-4470-8412-ffc238fbe774', 'Lopez Corp', 'Quality Control Inspector', 18, 'Completed');
INSERT INTO public.jobseeker_experience (id, jobseeker_id, company_name, position, number_of_months, status) VALUES ('02ace3db-3eb3-4e97-8f08-a33b0e33a48c', '3010d670-cd26-4470-8412-ffc238fbe774', 'Moreno Corp', 'Teacher', 34, 'Completed');
INSERT INTO public.jobseeker_trainings (id, jobseeker_id, course, hours_of_training, training_institution) VALUES ('7bc50b00-c2ab-4066-8a33-67e719640bfa', '3010d670-cd26-4470-8412-ffc238fbe774', 'Web Development', 78, 'TESDA Gensan');
INSERT INTO public.jobseeker_trainings (id, jobseeker_id, course, hours_of_training, training_institution) VALUES ('c139dc3e-e588-4203-9b4f-722545143940', '3010d670-cd26-4470-8412-ffc238fbe774', 'Web Development', 48, 'TESDA Gensan');
INSERT INTO public.jobseekers (id, email, first_name, last_name, birth_date, gender, civil_status, is_pwd, phone, barangay, city, province, employment_status, is_active, job_seeking_status, profile_complete, profile_completeness, work_setup_preference, expected_salary_min, preferred_occupation_1, preferred_occupation_2, preferred_work_location_local_1, preferred_work_location_local_2, preference_full_time, preference_part_time) VALUES ('ddae8213-4aa8-440b-b148-0dd1b4e970a3', 'jobseeker66@example.com', 'Rosa', 'Vazquez', '1990-01-01', 'Male', 'Single', false, '09386714912', 'Sinawal', 'General Santos City', 'South Cotabato', 'Unemployed', true, 'not_looking', true, 100, 'remote', 22338, 'Tuna Grader', 'Sales Representative', 'Batomelong, General Santos City', 'Upper Labay, General Santos City', true, false);
INSERT INTO public.jobseeker_education (id, jobseeker_id, currently_in_school, level, course, year_graduated, school_name) VALUES ('21717934-090a-4d76-8601-751838529978', 'ddae8213-4aa8-440b-b148-0dd1b4e970a3', false, 'College Graduate', 'BS IT', '2011', 'Mindanao State University');
INSERT INTO public.jobseeker_education (id, jobseeker_id, currently_in_school, level, course, year_graduated, school_name) VALUES ('2b420e78-19ea-4349-864d-bbdbe6e8ed84', 'ddae8213-4aa8-440b-b148-0dd1b4e970a3', false, 'College Graduate', 'BS Engineering', '2019', 'Mindanao State University');
INSERT INTO public.jobseeker_experience (id, jobseeker_id, company_name, position, number_of_months, status) VALUES ('33844609-1975-492d-8337-a42f62d37269', 'ddae8213-4aa8-440b-b148-0dd1b4e970a3', 'Martinez Corp', 'Teacher', 34, 'Completed');
INSERT INTO public.jobseeker_experience (id, jobseeker_id, company_name, position, number_of_months, status) VALUES ('8831f7c7-5fc0-4e69-96a0-5818dc5cb6de', 'ddae8213-4aa8-440b-b148-0dd1b4e970a3', 'Martinez Corp', 'Nurse', 11, 'Completed');
INSERT INTO public.jobseeker_experience (id, jobseeker_id, company_name, position, number_of_months, status) VALUES ('d121ab63-ec8e-40d5-a719-d5e61d630464', 'ddae8213-4aa8-440b-b148-0dd1b4e970a3', 'Gomez Corp', 'Customer Service Representative', 10, 'Completed');
INSERT INTO public.jobseeker_experience (id, jobseeker_id, company_name, position, number_of_months, status) VALUES ('32a3cd7e-97d9-46df-95b8-94f037e4577c', 'ddae8213-4aa8-440b-b148-0dd1b4e970a3', 'Hernandez Corp', 'Deckhand', 60, 'Completed');
INSERT INTO public.jobseeker_trainings (id, jobseeker_id, course, hours_of_training, training_institution) VALUES ('f8afb5d4-c83c-4007-ba21-50b2de382155', 'ddae8213-4aa8-440b-b148-0dd1b4e970a3', 'First Aid', 24, 'TESDA Gensan');
INSERT INTO public.jobseeker_trainings (id, jobseeker_id, course, hours_of_training, training_institution) VALUES ('f24d7b02-0899-4929-bbb7-cafa559357b8', 'ddae8213-4aa8-440b-b148-0dd1b4e970a3', 'Customer Service Excellence', 110, 'TESDA Gensan');
INSERT INTO public.jobseekers (id, email, first_name, last_name, birth_date, gender, civil_status, is_pwd, phone, barangay, city, province, employment_status, is_active, job_seeking_status, profile_complete, profile_completeness, work_setup_preference, expected_salary_min, preferred_occupation_1, preferred_occupation_2, preferred_work_location_local_1, preferred_work_location_local_2, preference_full_time, preference_part_time) VALUES ('c5876af9-414d-429a-af6e-4b1a7a4bf98a', 'jobseeker67@example.com', 'Jorge', 'Suarez', '1990-01-01', 'Male', 'Single', false, '09627805462', 'Lagao', 'General Santos City', 'South Cotabato', 'Unemployed', true, 'actively_looking', true, 100, 'any', 18987, 'Quality Control Inspector', 'Customer Service Representative', 'Buayan, General Santos City', 'Baluan, General Santos City', true, false);
INSERT INTO public.jobseeker_education (id, jobseeker_id, currently_in_school, level, course, year_graduated, school_name) VALUES ('8fcf2940-3593-44b3-87b5-e85310f64662', 'c5876af9-414d-429a-af6e-4b1a7a4bf98a', false, 'College Graduate', 'BS IT', '2012', 'Mindanao State University');
INSERT INTO public.jobseeker_education (id, jobseeker_id, currently_in_school, level, course, year_graduated, school_name) VALUES ('f7b4ae9b-f626-4619-9173-e2e0eb86d2a9', 'c5876af9-414d-429a-af6e-4b1a7a4bf98a', false, 'College Graduate', 'BS Education', '2018', 'Mindanao State University');
INSERT INTO public.jobseeker_education (id, jobseeker_id, currently_in_school, level, course, year_graduated, school_name) VALUES ('95e6af6f-9a87-4b59-9a3d-f5c82ce5aea9', 'c5876af9-414d-429a-af6e-4b1a7a4bf98a', false, 'College Graduate', 'BS IT', '2023', 'Mindanao State University');
INSERT INTO public.jobseeker_education (id, jobseeker_id, currently_in_school, level, course, year_graduated, school_name) VALUES ('283201e1-59a7-46d9-8d2f-3bcc55d59998', 'c5876af9-414d-429a-af6e-4b1a7a4bf98a', false, 'College Graduate', 'BS Nursing', '2015', 'Mindanao State University');
INSERT INTO public.jobseeker_education (id, jobseeker_id, currently_in_school, level, course, year_graduated, school_name) VALUES ('61fa4255-14fc-4abf-9ca0-ef7bd623000c', 'c5876af9-414d-429a-af6e-4b1a7a4bf98a', false, 'College Graduate', 'BS Nursing', '2013', 'Mindanao State University');
INSERT INTO public.jobseeker_experience (id, jobseeker_id, company_name, position, number_of_months, status) VALUES ('1f17a344-36cd-4a13-aa77-a0f6fe761f12', 'c5876af9-414d-429a-af6e-4b1a7a4bf98a', 'Ramos Corp', 'Mechanic', 46, 'Completed');
INSERT INTO public.jobseeker_experience (id, jobseeker_id, company_name, position, number_of_months, status) VALUES ('6008eb54-1c76-4cfc-8cae-4dfceeac527d', 'c5876af9-414d-429a-af6e-4b1a7a4bf98a', 'Jimenez Corp', 'Captain', 41, 'Completed');
INSERT INTO public.jobseeker_experience (id, jobseeker_id, company_name, position, number_of_months, status) VALUES ('ff2656d4-27a4-430a-b3f5-a276f91b5954', 'c5876af9-414d-429a-af6e-4b1a7a4bf98a', 'Gomez Corp', 'Receptionist', 59, 'Completed');
INSERT INTO public.jobseeker_trainings (id, jobseeker_id, course, hours_of_training, training_institution) VALUES ('6808eb03-b8bf-4f4a-91d0-1024ab9b57e0', 'c5876af9-414d-429a-af6e-4b1a7a4bf98a', 'TESDA NC II', 66, 'TESDA Gensan');
INSERT INTO public.jobseeker_trainings (id, jobseeker_id, course, hours_of_training, training_institution) VALUES ('937b4504-2f36-42cf-a28b-cdbf49818f9f', 'c5876af9-414d-429a-af6e-4b1a7a4bf98a', 'TESDA NC II', 45, 'TESDA Gensan');
INSERT INTO public.jobseekers (id, email, first_name, last_name, birth_date, gender, civil_status, is_pwd, phone, barangay, city, province, employment_status, is_active, job_seeking_status, profile_complete, profile_completeness, work_setup_preference, expected_salary_min, preferred_occupation_1, preferred_occupation_2, preferred_work_location_local_1, preferred_work_location_local_2, preference_full_time, preference_part_time) VALUES ('4aa40262-7bc2-4902-b480-aa18ea25f27d', 'jobseeker68@example.com', 'Cristina', 'Diaz', '1990-01-01', 'Female', 'Single', false, '09217093361', 'Dadiangas South', 'General Santos City', 'South Cotabato', 'Unemployed', true, 'actively_looking', true, 100, 'remote', 23865, 'Plumber', 'Carpenter', 'Dadiangas East, General Santos City', 'Katangawan, General Santos City', true, false);
INSERT INTO public.jobseeker_education (id, jobseeker_id, currently_in_school, level, course, year_graduated, school_name) VALUES ('e52839e6-a022-4065-8a87-554d8becd733', '4aa40262-7bc2-4902-b480-aa18ea25f27d', false, 'College Graduate', 'BS Education', '2015', 'Mindanao State University');
INSERT INTO public.jobseeker_education (id, jobseeker_id, currently_in_school, level, course, year_graduated, school_name) VALUES ('7b49fb23-c5b8-4675-a7f9-6641b176b9af', '4aa40262-7bc2-4902-b480-aa18ea25f27d', false, 'College Graduate', 'BS Business Administration', '2021', 'Mindanao State University');
INSERT INTO public.jobseeker_education (id, jobseeker_id, currently_in_school, level, course, year_graduated, school_name) VALUES ('5c614e29-d852-4d26-8583-8e45feb43f61', '4aa40262-7bc2-4902-b480-aa18ea25f27d', false, 'College Graduate', 'BS Engineering', '2016', 'Mindanao State University');
INSERT INTO public.jobseeker_education (id, jobseeker_id, currently_in_school, level, course, year_graduated, school_name) VALUES ('c155045b-9b24-4fa0-a36b-a07f7b571c25', '4aa40262-7bc2-4902-b480-aa18ea25f27d', false, 'College Graduate', 'BS Nursing', '2021', 'Mindanao State University');
INSERT INTO public.jobseeker_experience (id, jobseeker_id, company_name, position, number_of_months, status) VALUES ('a3281551-7f43-4134-9f71-5e825c3fabd8', '4aa40262-7bc2-4902-b480-aa18ea25f27d', 'Munoz Corp', 'HR Officer', 7, 'Completed');
INSERT INTO public.jobseeker_experience (id, jobseeker_id, company_name, position, number_of_months, status) VALUES ('48a39c52-8e87-47c8-82b2-280496fdb08d', '4aa40262-7bc2-4902-b480-aa18ea25f27d', 'Alonso Corp', 'Software Engineer', 48, 'Completed');
INSERT INTO public.jobseeker_experience (id, jobseeker_id, company_name, position, number_of_months, status) VALUES ('faf031e8-53fa-4a01-8147-fb8d8a8c936f', '4aa40262-7bc2-4902-b480-aa18ea25f27d', 'Gil Corp', 'Janitor', 29, 'Completed');
INSERT INTO public.jobseeker_experience (id, jobseeker_id, company_name, position, number_of_months, status) VALUES ('47484e0a-9547-4bf5-99bd-8f43d220c999', '4aa40262-7bc2-4902-b480-aa18ea25f27d', 'Ramirez Corp', 'HR Officer', 15, 'Completed');
INSERT INTO public.jobseeker_experience (id, jobseeker_id, company_name, position, number_of_months, status) VALUES ('f4cc4c1b-9e34-4aea-b83a-c4d790e308bf', '4aa40262-7bc2-4902-b480-aa18ea25f27d', 'Navarro Corp', 'Teacher', 53, 'Completed');
INSERT INTO public.jobseeker_trainings (id, jobseeker_id, course, hours_of_training, training_institution) VALUES ('e0618c4f-e707-4158-9d3e-c62c0511d2ad', '4aa40262-7bc2-4902-b480-aa18ea25f27d', 'Web Development', 95, 'TESDA Gensan');
INSERT INTO public.jobseeker_trainings (id, jobseeker_id, course, hours_of_training, training_institution) VALUES ('60a313d0-361a-4ded-8dc3-76e2f71add67', '4aa40262-7bc2-4902-b480-aa18ea25f27d', 'Customer Service Excellence', 111, 'TESDA Gensan');
INSERT INTO public.jobseeker_trainings (id, jobseeker_id, course, hours_of_training, training_institution) VALUES ('21663f39-aa9b-4afe-b2b7-3c0cea1b43c7', '4aa40262-7bc2-4902-b480-aa18ea25f27d', 'First Aid', 28, 'TESDA Gensan');
INSERT INTO public.jobseekers (id, email, first_name, last_name, birth_date, gender, civil_status, is_pwd, phone, barangay, city, province, employment_status, is_active, job_seeking_status, profile_complete, profile_completeness, work_setup_preference, expected_salary_min, preferred_occupation_1, preferred_occupation_2, preferred_work_location_local_1, preferred_work_location_local_2, preference_full_time, preference_part_time) VALUES ('5bf9ed5c-b4a5-4630-9eb1-8de14bf45bdc', 'jobseeker69@example.com', 'Elena', 'Alonso', '1990-01-01', 'Male', 'Single', false, '09336214207', 'Batomelong', 'General Santos City', 'South Cotabato', 'Unemployed', true, 'actively_looking', true, 100, 'any', 18318, 'Driver', 'Deckhand', 'Dadiangas North, General Santos City', 'San Jose, General Santos City', true, false);
INSERT INTO public.jobseeker_education (id, jobseeker_id, currently_in_school, level, course, year_graduated, school_name) VALUES ('638093e9-4327-44f5-b036-d64ef734a034', '5bf9ed5c-b4a5-4630-9eb1-8de14bf45bdc', false, 'College Graduate', 'BS Nursing', '2018', 'Mindanao State University');
INSERT INTO public.jobseeker_education (id, jobseeker_id, currently_in_school, level, course, year_graduated, school_name) VALUES ('fcb92ed7-6c12-4e97-9fee-c81e71190e22', '5bf9ed5c-b4a5-4630-9eb1-8de14bf45bdc', false, 'College Graduate', 'BS Engineering', '2013', 'Mindanao State University');
INSERT INTO public.jobseeker_education (id, jobseeker_id, currently_in_school, level, course, year_graduated, school_name) VALUES ('560590e3-4c3c-49c2-a127-e9702c94549d', '5bf9ed5c-b4a5-4630-9eb1-8de14bf45bdc', false, 'College Graduate', 'BS Engineering', '2011', 'Mindanao State University');
INSERT INTO public.jobseeker_education (id, jobseeker_id, currently_in_school, level, course, year_graduated, school_name) VALUES ('6b4bb04a-8a4e-4dcd-943b-3c6338785106', '5bf9ed5c-b4a5-4630-9eb1-8de14bf45bdc', false, 'College Graduate', 'BS IT', '2021', 'Mindanao State University');
INSERT INTO public.jobseeker_experience (id, jobseeker_id, company_name, position, number_of_months, status) VALUES ('b6cb56b4-9877-4c33-af25-607990ecbcaf', '5bf9ed5c-b4a5-4630-9eb1-8de14bf45bdc', 'Serrano Corp', 'Plumber', 36, 'Completed');
INSERT INTO public.jobseeker_experience (id, jobseeker_id, company_name, position, number_of_months, status) VALUES ('62d45c16-76b6-4af4-ac4e-d4c0b1f7e7cb', '5bf9ed5c-b4a5-4630-9eb1-8de14bf45bdc', 'Vazquez Corp', 'Marketing Specialist', 6, 'Completed');
INSERT INTO public.jobseeker_experience (id, jobseeker_id, company_name, position, number_of_months, status) VALUES ('d4a18798-3d48-4d8d-aaad-32923df92f04', '5bf9ed5c-b4a5-4630-9eb1-8de14bf45bdc', 'Dominguez Corp', 'Warehouse Worker', 18, 'Completed');
INSERT INTO public.jobseeker_trainings (id, jobseeker_id, course, hours_of_training, training_institution) VALUES ('c4085606-aafb-4379-949b-5770aa1bf35a', '5bf9ed5c-b4a5-4630-9eb1-8de14bf45bdc', 'Leadership Training', 103, 'TESDA Gensan');
INSERT INTO public.jobseeker_trainings (id, jobseeker_id, course, hours_of_training, training_institution) VALUES ('b512a272-62eb-4cf1-aa7b-7810ced92935', '5bf9ed5c-b4a5-4630-9eb1-8de14bf45bdc', 'Web Development', 38, 'TESDA Gensan');
INSERT INTO public.jobseekers (id, email, first_name, last_name, birth_date, gender, civil_status, is_pwd, phone, barangay, city, province, employment_status, is_active, job_seeking_status, profile_complete, profile_completeness, work_setup_preference, expected_salary_min, preferred_occupation_1, preferred_occupation_2, preferred_work_location_local_1, preferred_work_location_local_2, preference_full_time, preference_part_time) VALUES ('7767cc8c-4ba8-4cd2-8831-cfb12e8bdd22', 'jobseeker70@example.com', 'Elena', 'Dominguez', '1990-01-01', 'Female', 'Single', false, '09150268880', 'Upper Labay', 'General Santos City', 'South Cotabato', 'Unemployed', true, 'actively_looking', true, 100, 'remote', 19248, 'Marketing Specialist', 'Driver', 'Apopong, General Santos City', 'Upper Labay, General Santos City', true, false);
INSERT INTO public.jobseeker_education (id, jobseeker_id, currently_in_school, level, course, year_graduated, school_name) VALUES ('fad945f9-6e17-43d3-8d47-13611c99873e', '7767cc8c-4ba8-4cd2-8831-cfb12e8bdd22', false, 'College Graduate', 'BS Business Administration', '2011', 'Mindanao State University');
INSERT INTO public.jobseeker_education (id, jobseeker_id, currently_in_school, level, course, year_graduated, school_name) VALUES ('a8aa4949-5df3-4df9-855c-91a3df304184', '7767cc8c-4ba8-4cd2-8831-cfb12e8bdd22', false, 'College Graduate', 'BS Nursing', '2014', 'Mindanao State University');
INSERT INTO public.jobseeker_education (id, jobseeker_id, currently_in_school, level, course, year_graduated, school_name) VALUES ('478d923c-2628-43fb-aaa1-63eb2fffe950', '7767cc8c-4ba8-4cd2-8831-cfb12e8bdd22', false, 'College Graduate', 'BS Business Administration', '2017', 'Mindanao State University');
INSERT INTO public.jobseeker_experience (id, jobseeker_id, company_name, position, number_of_months, status) VALUES ('b529fc24-2a86-4d76-88aa-ae4acbb2d266', '7767cc8c-4ba8-4cd2-8831-cfb12e8bdd22', 'Vazquez Corp', 'Chef', 47, 'Completed');
INSERT INTO public.jobseeker_experience (id, jobseeker_id, company_name, position, number_of_months, status) VALUES ('fccfea8e-20ae-43dd-8b9c-e546d4019ea6', '7767cc8c-4ba8-4cd2-8831-cfb12e8bdd22', 'Fernandez Corp', 'Nurse', 40, 'Completed');
INSERT INTO public.jobseeker_experience (id, jobseeker_id, company_name, position, number_of_months, status) VALUES ('7e9715ca-628a-4521-863c-d43b1218ddc0', '7767cc8c-4ba8-4cd2-8831-cfb12e8bdd22', 'Perez Corp', 'Cashier', 18, 'Completed');
INSERT INTO public.jobseeker_trainings (id, jobseeker_id, course, hours_of_training, training_institution) VALUES ('da522dba-c994-4f40-aa18-cb0b83276ef5', '7767cc8c-4ba8-4cd2-8831-cfb12e8bdd22', 'Customer Service Excellence', 40, 'TESDA Gensan');
INSERT INTO public.jobseeker_trainings (id, jobseeker_id, course, hours_of_training, training_institution) VALUES ('9a9395a0-be75-4146-b4c4-57f056bf8d55', '7767cc8c-4ba8-4cd2-8831-cfb12e8bdd22', 'TESDA NC II', 29, 'TESDA Gensan');
INSERT INTO public.jobseeker_trainings (id, jobseeker_id, course, hours_of_training, training_institution) VALUES ('ac341b1d-1dde-46db-8baa-b4c8f59b2fd8', '7767cc8c-4ba8-4cd2-8831-cfb12e8bdd22', 'First Aid', 55, 'TESDA Gensan');
INSERT INTO public.jobseekers (id, email, first_name, last_name, birth_date, gender, civil_status, is_pwd, phone, barangay, city, province, employment_status, is_active, job_seeking_status, profile_complete, profile_completeness, work_setup_preference, expected_salary_min, preferred_occupation_1, preferred_occupation_2, preferred_work_location_local_1, preferred_work_location_local_2, preference_full_time, preference_part_time) VALUES ('e976eddb-3622-476b-a072-b762979d1928', 'jobseeker71@example.com', 'Francisco', 'Ramos', '1990-01-01', 'Male', 'Single', false, '09597807268', 'Mabuhay', 'General Santos City', 'South Cotabato', 'Unemployed', true, 'open', true, 100, 'any', 20500, 'Carpenter', 'Nurse', 'Fatima, General Santos City', 'Lagao, General Santos City', true, false);
INSERT INTO public.jobseeker_education (id, jobseeker_id, currently_in_school, level, course, year_graduated, school_name) VALUES ('5934072c-ad0a-469e-a187-d3319356fd06', 'e976eddb-3622-476b-a072-b762979d1928', false, 'College Graduate', 'BS Business Administration', '2016', 'Mindanao State University');
INSERT INTO public.jobseeker_education (id, jobseeker_id, currently_in_school, level, course, year_graduated, school_name) VALUES ('312f3fcb-85bf-4ed8-8281-0500cfba4496', 'e976eddb-3622-476b-a072-b762979d1928', false, 'College Graduate', 'BS IT', '2021', 'Mindanao State University');
INSERT INTO public.jobseeker_education (id, jobseeker_id, currently_in_school, level, course, year_graduated, school_name) VALUES ('e2aa43ef-6f17-48aa-aef5-f568bddf4924', 'e976eddb-3622-476b-a072-b762979d1928', false, 'College Graduate', 'BS Education', '2011', 'Mindanao State University');
INSERT INTO public.jobseeker_education (id, jobseeker_id, currently_in_school, level, course, year_graduated, school_name) VALUES ('4c79a593-7be1-42cc-94af-f9d3ab61353c', 'e976eddb-3622-476b-a072-b762979d1928', false, 'College Graduate', 'BS Business Administration', '2021', 'Mindanao State University');
INSERT INTO public.jobseeker_education (id, jobseeker_id, currently_in_school, level, course, year_graduated, school_name) VALUES ('0b1da67f-b28b-40db-a05b-cc1bf126a2f9', 'e976eddb-3622-476b-a072-b762979d1928', false, 'College Graduate', 'BS Education', '2016', 'Mindanao State University');
INSERT INTO public.jobseeker_experience (id, jobseeker_id, company_name, position, number_of_months, status) VALUES ('9b89cd73-ab4f-4358-826b-a1323d75b9a6', 'e976eddb-3622-476b-a072-b762979d1928', 'Martin Corp', 'Receptionist', 28, 'Completed');
INSERT INTO public.jobseeker_experience (id, jobseeker_id, company_name, position, number_of_months, status) VALUES ('ffb205b9-76a7-48b1-99c6-1fc870f584d0', 'e976eddb-3622-476b-a072-b762979d1928', 'Moreno Corp', 'Janitor', 32, 'Completed');
INSERT INTO public.jobseeker_experience (id, jobseeker_id, company_name, position, number_of_months, status) VALUES ('3a05f599-78ea-47f4-a922-17781e52fb77', 'e976eddb-3622-476b-a072-b762979d1928', 'Perez Corp', 'Tuna Grader', 59, 'Completed');
INSERT INTO public.jobseeker_experience (id, jobseeker_id, company_name, position, number_of_months, status) VALUES ('ed5841ec-e481-4b61-874e-af5b5d29ca0e', 'e976eddb-3622-476b-a072-b762979d1928', 'Hernandez Corp', 'Janitor', 37, 'Completed');
INSERT INTO public.jobseeker_experience (id, jobseeker_id, company_name, position, number_of_months, status) VALUES ('269deb79-c297-4d0c-b503-9cd37f6dd8c6', 'e976eddb-3622-476b-a072-b762979d1928', 'Martin Corp', 'Driver', 44, 'Completed');
INSERT INTO public.jobseeker_trainings (id, jobseeker_id, course, hours_of_training, training_institution) VALUES ('e93a2c3a-df85-437d-b278-825cb3d059a0', 'e976eddb-3622-476b-a072-b762979d1928', 'First Aid', 88, 'TESDA Gensan');
INSERT INTO public.jobseeker_trainings (id, jobseeker_id, course, hours_of_training, training_institution) VALUES ('cd313c24-05c4-485a-9220-1627bd1bec5d', 'e976eddb-3622-476b-a072-b762979d1928', 'Leadership Training', 32, 'TESDA Gensan');
INSERT INTO public.jobseekers (id, email, first_name, last_name, birth_date, gender, civil_status, is_pwd, phone, barangay, city, province, employment_status, is_active, job_seeking_status, profile_complete, profile_completeness, work_setup_preference, expected_salary_min, preferred_occupation_1, preferred_occupation_2, preferred_work_location_local_1, preferred_work_location_local_2, preference_full_time, preference_part_time) VALUES ('89268094-10e9-42c8-a042-f6b49d819cf9', 'jobseeker72@example.com', 'Raquel', 'Ruiz', '1990-01-01', 'Male', 'Single', false, '09899917408', 'Dadiangas East', 'General Santos City', 'South Cotabato', 'Unemployed', true, 'not_looking', true, 100, 'onsite', 17412, 'Captain', 'Administrative Assistant', 'Tinagacan, General Santos City', 'San Isidro, General Santos City', true, false);
INSERT INTO public.jobseeker_education (id, jobseeker_id, currently_in_school, level, course, year_graduated, school_name) VALUES ('3a437022-b6f7-4705-8bd8-25259a381e25', '89268094-10e9-42c8-a042-f6b49d819cf9', false, 'College Graduate', 'BS Engineering', '2017', 'Mindanao State University');
INSERT INTO public.jobseeker_education (id, jobseeker_id, currently_in_school, level, course, year_graduated, school_name) VALUES ('cbf89d30-95e9-46eb-8636-7ec6e42dc43a', '89268094-10e9-42c8-a042-f6b49d819cf9', false, 'College Graduate', 'BS IT', '2013', 'Mindanao State University');
INSERT INTO public.jobseeker_education (id, jobseeker_id, currently_in_school, level, course, year_graduated, school_name) VALUES ('6fe73f23-259b-42cc-b941-2e31825da712', '89268094-10e9-42c8-a042-f6b49d819cf9', false, 'College Graduate', 'BS Business Administration', '2022', 'Mindanao State University');
INSERT INTO public.jobseeker_education (id, jobseeker_id, currently_in_school, level, course, year_graduated, school_name) VALUES ('ebefe250-4647-4cdf-9865-b9302d68f78f', '89268094-10e9-42c8-a042-f6b49d819cf9', false, 'College Graduate', 'BS IT', '2013', 'Mindanao State University');
INSERT INTO public.jobseeker_education (id, jobseeker_id, currently_in_school, level, course, year_graduated, school_name) VALUES ('bcf0989d-d65a-4a64-bd2a-f19b327dfb89', '89268094-10e9-42c8-a042-f6b49d819cf9', false, 'College Graduate', 'BS IT', '2011', 'Mindanao State University');
INSERT INTO public.jobseeker_experience (id, jobseeker_id, company_name, position, number_of_months, status) VALUES ('30badada-db4c-4980-a0ba-039a5d2cea0b', '89268094-10e9-42c8-a042-f6b49d819cf9', 'Rodriguez Corp', 'Administrative Assistant', 45, 'Completed');
INSERT INTO public.jobseeker_experience (id, jobseeker_id, company_name, position, number_of_months, status) VALUES ('374f4b55-6e12-4fc2-a6e3-0cd52d4bcb8f', '89268094-10e9-42c8-a042-f6b49d819cf9', 'Navarro Corp', 'Quality Control Inspector', 55, 'Completed');
INSERT INTO public.jobseeker_experience (id, jobseeker_id, company_name, position, number_of_months, status) VALUES ('d9ed2b07-2c69-45f5-b9cb-0e6d624bec7b', '89268094-10e9-42c8-a042-f6b49d819cf9', 'Serrano Corp', 'Captain', 21, 'Completed');
INSERT INTO public.jobseeker_trainings (id, jobseeker_id, course, hours_of_training, training_institution) VALUES ('d251d728-6821-4516-837a-d70fd0773c99', '89268094-10e9-42c8-a042-f6b49d819cf9', 'Web Development', 23, 'TESDA Gensan');
INSERT INTO public.jobseeker_trainings (id, jobseeker_id, course, hours_of_training, training_institution) VALUES ('4dfb3580-70a3-4b06-ab7b-3b4ac2ae9353', '89268094-10e9-42c8-a042-f6b49d819cf9', 'Web Development', 68, 'TESDA Gensan');
INSERT INTO public.jobseeker_trainings (id, jobseeker_id, course, hours_of_training, training_institution) VALUES ('8aef1cc9-62d8-428c-9e6c-f6a2ed010d3a', '89268094-10e9-42c8-a042-f6b49d819cf9', 'Leadership Training', 64, 'TESDA Gensan');
INSERT INTO public.jobseekers (id, email, first_name, last_name, birth_date, gender, civil_status, is_pwd, phone, barangay, city, province, employment_status, is_active, job_seeking_status, profile_complete, profile_completeness, work_setup_preference, expected_salary_min, preferred_occupation_1, preferred_occupation_2, preferred_work_location_local_1, preferred_work_location_local_2, preference_full_time, preference_part_time) VALUES ('2041f4a7-2e95-4b48-8f6e-140494872fc8', 'jobseeker73@example.com', 'Adrian', 'Ramos', '1990-01-01', 'Male', 'Single', false, '09358118180', 'Labangal', 'General Santos City', 'South Cotabato', 'Unemployed', true, 'actively_looking', true, 100, 'onsite', 16562, 'Nurse', 'Plumber', 'Bula, General Santos City', 'Labangal, General Santos City', true, false);
INSERT INTO public.jobseeker_education (id, jobseeker_id, currently_in_school, level, course, year_graduated, school_name) VALUES ('4f824086-60ac-4512-8b82-192833f2a693', '2041f4a7-2e95-4b48-8f6e-140494872fc8', false, 'College Graduate', 'BS Education', '2017', 'Mindanao State University');
INSERT INTO public.jobseeker_education (id, jobseeker_id, currently_in_school, level, course, year_graduated, school_name) VALUES ('44b3a48a-9a2b-4e2c-9d02-dbf2a9eeff4c', '2041f4a7-2e95-4b48-8f6e-140494872fc8', false, 'College Graduate', 'BS Engineering', '2018', 'Mindanao State University');
INSERT INTO public.jobseeker_experience (id, jobseeker_id, company_name, position, number_of_months, status) VALUES ('89baa547-804b-4965-9926-1810e387012e', '2041f4a7-2e95-4b48-8f6e-140494872fc8', 'Blanco Corp', 'Teacher', 49, 'Completed');
INSERT INTO public.jobseeker_experience (id, jobseeker_id, company_name, position, number_of_months, status) VALUES ('78729361-4791-469d-a41d-99dc6bfdd78d', '2041f4a7-2e95-4b48-8f6e-140494872fc8', 'Lopez Corp', 'Software Engineer', 53, 'Completed');
INSERT INTO public.jobseeker_trainings (id, jobseeker_id, course, hours_of_training, training_institution) VALUES ('a6acae35-7159-44c2-88cc-31dc569d51a1', '2041f4a7-2e95-4b48-8f6e-140494872fc8', 'TESDA NC II', 25, 'TESDA Gensan');
INSERT INTO public.jobseekers (id, email, first_name, last_name, birth_date, gender, civil_status, is_pwd, phone, barangay, city, province, employment_status, is_active, job_seeking_status, profile_complete, profile_completeness, work_setup_preference, expected_salary_min, preferred_occupation_1, preferred_occupation_2, preferred_work_location_local_1, preferred_work_location_local_2, preference_full_time, preference_part_time) VALUES ('1368141f-5cf0-43ea-86c3-d3021856a99f', 'jobseeker74@example.com', 'Laura', 'Rodriguez', '1990-01-01', 'Male', 'Single', false, '09498785077', 'Dadiangas East', 'General Santos City', 'South Cotabato', 'Unemployed', true, 'actively_looking', true, 100, 'remote', 24977, 'Mechanic', 'Warehouse Worker', 'Conel, General Santos City', 'Baluan, General Santos City', true, false);
INSERT INTO public.jobseeker_education (id, jobseeker_id, currently_in_school, level, course, year_graduated, school_name) VALUES ('3490436b-0a6c-447a-a761-94ff9c9f5ab2', '1368141f-5cf0-43ea-86c3-d3021856a99f', false, 'College Graduate', 'BS IT', '2016', 'Mindanao State University');
INSERT INTO public.jobseeker_education (id, jobseeker_id, currently_in_school, level, course, year_graduated, school_name) VALUES ('01b8bb09-7c8b-4919-bf93-0e295b0bf891', '1368141f-5cf0-43ea-86c3-d3021856a99f', false, 'College Graduate', 'BS Education', '2020', 'Mindanao State University');
INSERT INTO public.jobseeker_education (id, jobseeker_id, currently_in_school, level, course, year_graduated, school_name) VALUES ('b105ffc7-609e-4803-82c7-3194cbcfcb31', '1368141f-5cf0-43ea-86c3-d3021856a99f', false, 'College Graduate', 'BS Nursing', '2010', 'Mindanao State University');
INSERT INTO public.jobseeker_experience (id, jobseeker_id, company_name, position, number_of_months, status) VALUES ('7e3567ca-789f-40d4-b0b9-72fac72228f8', '1368141f-5cf0-43ea-86c3-d3021856a99f', 'Perez Corp', 'Waitress', 33, 'Completed');
INSERT INTO public.jobseeker_experience (id, jobseeker_id, company_name, position, number_of_months, status) VALUES ('f5c28484-3dab-4758-86b8-2475f8a8d215', '1368141f-5cf0-43ea-86c3-d3021856a99f', 'Fernandez Corp', 'Waitress', 16, 'Completed');
INSERT INTO public.jobseeker_experience (id, jobseeker_id, company_name, position, number_of_months, status) VALUES ('1eca12ee-6181-466a-98c9-269db7a4592a', '1368141f-5cf0-43ea-86c3-d3021856a99f', 'Blanco Corp', 'Carpenter', 16, 'Completed');
INSERT INTO public.jobseeker_trainings (id, jobseeker_id, course, hours_of_training, training_institution) VALUES ('6f2939bd-05c6-4415-aa71-be3275ed1d74', '1368141f-5cf0-43ea-86c3-d3021856a99f', 'TESDA NC II', 106, 'TESDA Gensan');
INSERT INTO public.jobseeker_trainings (id, jobseeker_id, course, hours_of_training, training_institution) VALUES ('2313eb56-c2d8-40d2-a192-58ea7c5c0a8e', '1368141f-5cf0-43ea-86c3-d3021856a99f', 'TESDA NC II', 32, 'TESDA Gensan');
INSERT INTO public.jobseekers (id, email, first_name, last_name, birth_date, gender, civil_status, is_pwd, phone, barangay, city, province, employment_status, is_active, job_seeking_status, profile_complete, profile_completeness, work_setup_preference, expected_salary_min, preferred_occupation_1, preferred_occupation_2, preferred_work_location_local_1, preferred_work_location_local_2, preference_full_time, preference_part_time) VALUES ('658bae33-8b04-4a4b-a15a-adc85501a601', 'jobseeker75@example.com', 'Adrian', 'Jimenez', '1990-01-01', 'Female', 'Single', false, '09108799343', 'Dadiangas South', 'General Santos City', 'South Cotabato', 'Unemployed', true, 'not_looking', true, 100, 'hybrid', 23645, 'Plumber', 'Manager', 'Batomelong, General Santos City', 'Tambler, General Santos City', true, false);
INSERT INTO public.jobseeker_education (id, jobseeker_id, currently_in_school, level, course, year_graduated, school_name) VALUES ('40b969f1-ba37-48ee-a481-a2574785cfb3', '658bae33-8b04-4a4b-a15a-adc85501a601', false, 'College Graduate', 'BS Business Administration', '2016', 'Mindanao State University');
INSERT INTO public.jobseeker_education (id, jobseeker_id, currently_in_school, level, course, year_graduated, school_name) VALUES ('ab460f45-a3e3-4439-9e62-f3c3a83d230d', '658bae33-8b04-4a4b-a15a-adc85501a601', false, 'College Graduate', 'BS Education', '2021', 'Mindanao State University');
INSERT INTO public.jobseeker_education (id, jobseeker_id, currently_in_school, level, course, year_graduated, school_name) VALUES ('585f4b83-7639-4666-baa9-faf48185e025', '658bae33-8b04-4a4b-a15a-adc85501a601', false, 'College Graduate', 'BS Education', '2015', 'Mindanao State University');
INSERT INTO public.jobseeker_education (id, jobseeker_id, currently_in_school, level, course, year_graduated, school_name) VALUES ('9fa0b556-2192-48b0-89a9-0280639b0907', '658bae33-8b04-4a4b-a15a-adc85501a601', false, 'College Graduate', 'BS Engineering', '2016', 'Mindanao State University');
INSERT INTO public.jobseeker_experience (id, jobseeker_id, company_name, position, number_of_months, status) VALUES ('53dea64d-4985-4034-9997-914ca59a25b4', '658bae33-8b04-4a4b-a15a-adc85501a601', 'Gil Corp', 'Nurse', 32, 'Completed');
INSERT INTO public.jobseeker_experience (id, jobseeker_id, company_name, position, number_of_months, status) VALUES ('94ca5223-43ea-4f66-a9cf-e20001b8b1e9', '658bae33-8b04-4a4b-a15a-adc85501a601', 'Ramirez Corp', 'Sales Representative', 17, 'Completed');
INSERT INTO public.jobseeker_experience (id, jobseeker_id, company_name, position, number_of_months, status) VALUES ('6a7e1364-7383-413d-aab3-6a795db0771d', '658bae33-8b04-4a4b-a15a-adc85501a601', 'Alvarez Corp', 'Fishery Worker', 41, 'Completed');
INSERT INTO public.jobseeker_experience (id, jobseeker_id, company_name, position, number_of_months, status) VALUES ('633c4567-eb4a-4958-b897-eaf9a2e1337b', '658bae33-8b04-4a4b-a15a-adc85501a601', 'Ruiz Corp', 'Captain', 49, 'Completed');
INSERT INTO public.jobseeker_trainings (id, jobseeker_id, course, hours_of_training, training_institution) VALUES ('3773cb1d-2a03-4ab8-8e48-afc8c0ded5de', '658bae33-8b04-4a4b-a15a-adc85501a601', 'TESDA NC II', 111, 'TESDA Gensan');
INSERT INTO public.jobseeker_trainings (id, jobseeker_id, course, hours_of_training, training_institution) VALUES ('05731c7e-0d2d-42e8-ab90-7a38dcf4e7d6', '658bae33-8b04-4a4b-a15a-adc85501a601', 'TESDA NC II', 75, 'TESDA Gensan');
INSERT INTO public.jobseeker_trainings (id, jobseeker_id, course, hours_of_training, training_institution) VALUES ('b6059454-728f-4202-b4c0-ccb0d037ee6b', '658bae33-8b04-4a4b-a15a-adc85501a601', 'Leadership Training', 65, 'TESDA Gensan');
INSERT INTO public.jobseekers (id, email, first_name, last_name, birth_date, gender, civil_status, is_pwd, phone, barangay, city, province, employment_status, is_active, job_seeking_status, profile_complete, profile_completeness, work_setup_preference, expected_salary_min, preferred_occupation_1, preferred_occupation_2, preferred_work_location_local_1, preferred_work_location_local_2, preference_full_time, preference_part_time) VALUES ('16d710e1-11db-4e91-9be2-117c78ba82a1', 'jobseeker76@example.com', 'Javier', 'Romero', '1990-01-01', 'Male', 'Single', false, '09292354904', 'Upper Labay', 'General Santos City', 'South Cotabato', 'Unemployed', true, 'not_looking', true, 100, 'any', 17182, 'Software Engineer', 'Data Analyst', 'Bula, General Santos City', 'San Isidro, General Santos City', true, false);
INSERT INTO public.jobseeker_education (id, jobseeker_id, currently_in_school, level, course, year_graduated, school_name) VALUES ('94c052c8-340c-4883-a849-7166da8a7848', '16d710e1-11db-4e91-9be2-117c78ba82a1', false, 'College Graduate', 'BS Education', '2010', 'Mindanao State University');
INSERT INTO public.jobseeker_education (id, jobseeker_id, currently_in_school, level, course, year_graduated, school_name) VALUES ('3769be84-f18f-41bc-a480-8856ca66c341', '16d710e1-11db-4e91-9be2-117c78ba82a1', false, 'College Graduate', 'BS Business Administration', '2023', 'Mindanao State University');
INSERT INTO public.jobseeker_education (id, jobseeker_id, currently_in_school, level, course, year_graduated, school_name) VALUES ('5cee2e39-fe7e-4338-8d3b-3ed4d9f21dcd', '16d710e1-11db-4e91-9be2-117c78ba82a1', false, 'College Graduate', 'BS Nursing', '2016', 'Mindanao State University');
INSERT INTO public.jobseeker_experience (id, jobseeker_id, company_name, position, number_of_months, status) VALUES ('9690304f-cdff-436c-a77f-14c4ed589e1e', '16d710e1-11db-4e91-9be2-117c78ba82a1', 'Gutierrez Corp', 'Captain', 33, 'Completed');
INSERT INTO public.jobseeker_experience (id, jobseeker_id, company_name, position, number_of_months, status) VALUES ('99fdddb6-fed6-40ba-bcb4-d8a25cc52547', '16d710e1-11db-4e91-9be2-117c78ba82a1', 'Rodriguez Corp', 'Nurse', 35, 'Completed');
INSERT INTO public.jobseeker_trainings (id, jobseeker_id, course, hours_of_training, training_institution) VALUES ('3b1a53c1-a2c8-4846-8df6-07762594f9ac', '16d710e1-11db-4e91-9be2-117c78ba82a1', 'Leadership Training', 22, 'TESDA Gensan');
INSERT INTO public.jobseeker_trainings (id, jobseeker_id, course, hours_of_training, training_institution) VALUES ('bfd60056-3f4f-4075-a029-999dae169c93', '16d710e1-11db-4e91-9be2-117c78ba82a1', 'Customer Service Excellence', 117, 'TESDA Gensan');
INSERT INTO public.jobseeker_trainings (id, jobseeker_id, course, hours_of_training, training_institution) VALUES ('7a2b621d-011c-4d45-aeff-5d10acf0ffc1', '16d710e1-11db-4e91-9be2-117c78ba82a1', 'Web Development', 23, 'TESDA Gensan');
INSERT INTO public.jobseekers (id, email, first_name, last_name, birth_date, gender, civil_status, is_pwd, phone, barangay, city, province, employment_status, is_active, job_seeking_status, profile_complete, profile_completeness, work_setup_preference, expected_salary_min, preferred_occupation_1, preferred_occupation_2, preferred_work_location_local_1, preferred_work_location_local_2, preference_full_time, preference_part_time) VALUES ('23910e5a-0ee3-4957-b106-8a7ac62d2423', 'jobseeker77@example.com', 'Sergio', 'Vazquez', '1990-01-01', 'Male', 'Single', false, '09111945873', 'Mabuhay', 'General Santos City', 'South Cotabato', 'Unemployed', true, 'not_looking', true, 100, 'any', 17057, 'Receptionist', 'Warehouse Worker', 'Fatima, General Santos City', 'Upper Labay, General Santos City', true, false);
INSERT INTO public.jobseeker_education (id, jobseeker_id, currently_in_school, level, course, year_graduated, school_name) VALUES ('fafa3734-56cb-4858-a359-96dde90c5a4b', '23910e5a-0ee3-4957-b106-8a7ac62d2423', false, 'College Graduate', 'BS Nursing', '2017', 'Mindanao State University');
INSERT INTO public.jobseeker_education (id, jobseeker_id, currently_in_school, level, course, year_graduated, school_name) VALUES ('ada6736c-2d27-49d9-9824-b189ef82199c', '23910e5a-0ee3-4957-b106-8a7ac62d2423', false, 'College Graduate', 'BS Nursing', '2015', 'Mindanao State University');
INSERT INTO public.jobseeker_education (id, jobseeker_id, currently_in_school, level, course, year_graduated, school_name) VALUES ('5f4f6550-7d99-44f2-ad8a-61b355089530', '23910e5a-0ee3-4957-b106-8a7ac62d2423', false, 'College Graduate', 'BS Engineering', '2023', 'Mindanao State University');
INSERT INTO public.jobseeker_experience (id, jobseeker_id, company_name, position, number_of_months, status) VALUES ('f2258b30-ad07-4cbc-85ef-8b91eeda4f36', '23910e5a-0ee3-4957-b106-8a7ac62d2423', 'Diaz Corp', 'Software Engineer', 14, 'Completed');
INSERT INTO public.jobseeker_experience (id, jobseeker_id, company_name, position, number_of_months, status) VALUES ('2a2ffc1c-d556-48a1-84e9-5f35629e8f03', '23910e5a-0ee3-4957-b106-8a7ac62d2423', 'Vazquez Corp', 'Data Analyst', 50, 'Completed');
INSERT INTO public.jobseeker_experience (id, jobseeker_id, company_name, position, number_of_months, status) VALUES ('066c1e3c-38d1-4712-a355-5a3e069c132e', '23910e5a-0ee3-4957-b106-8a7ac62d2423', 'Gil Corp', 'Captain', 8, 'Completed');
INSERT INTO public.jobseeker_trainings (id, jobseeker_id, course, hours_of_training, training_institution) VALUES ('f30fa2e4-5c6d-4226-a263-8b69cb0317d3', '23910e5a-0ee3-4957-b106-8a7ac62d2423', 'Customer Service Excellence', 60, 'TESDA Gensan');
INSERT INTO public.jobseeker_trainings (id, jobseeker_id, course, hours_of_training, training_institution) VALUES ('69d12292-247e-4cf0-87af-9ff7e70ed628', '23910e5a-0ee3-4957-b106-8a7ac62d2423', 'First Aid', 10, 'TESDA Gensan');
INSERT INTO public.jobseekers (id, email, first_name, last_name, birth_date, gender, civil_status, is_pwd, phone, barangay, city, province, employment_status, is_active, job_seeking_status, profile_complete, profile_completeness, work_setup_preference, expected_salary_min, preferred_occupation_1, preferred_occupation_2, preferred_work_location_local_1, preferred_work_location_local_2, preference_full_time, preference_part_time) VALUES ('cc01e73c-ec87-4feb-9845-0d56e9f19060', 'jobseeker78@example.com', 'Pablo', 'Gomez', '1990-01-01', 'Male', 'Single', false, '09808306331', 'Dadiangas North', 'General Santos City', 'South Cotabato', 'Unemployed', true, 'not_looking', true, 100, 'onsite', 19482, 'Fishery Worker', 'Marketing Specialist', 'Upper Labay, General Santos City', 'Conel, General Santos City', true, false);
INSERT INTO public.jobseeker_education (id, jobseeker_id, currently_in_school, level, course, year_graduated, school_name) VALUES ('d8dff588-e8b7-4c1e-b13f-c6c26a9976c9', 'cc01e73c-ec87-4feb-9845-0d56e9f19060', false, 'College Graduate', 'BS Nursing', '2014', 'Mindanao State University');
INSERT INTO public.jobseeker_education (id, jobseeker_id, currently_in_school, level, course, year_graduated, school_name) VALUES ('2560fced-f011-44e1-a118-e11d5f3d14d7', 'cc01e73c-ec87-4feb-9845-0d56e9f19060', false, 'College Graduate', 'BS Education', '2011', 'Mindanao State University');
INSERT INTO public.jobseeker_education (id, jobseeker_id, currently_in_school, level, course, year_graduated, school_name) VALUES ('7402c331-3110-4bae-bdb7-d462f5d75e7d', 'cc01e73c-ec87-4feb-9845-0d56e9f19060', false, 'College Graduate', 'BS Nursing', '2015', 'Mindanao State University');
INSERT INTO public.jobseeker_experience (id, jobseeker_id, company_name, position, number_of_months, status) VALUES ('e166aaf7-314e-4a5e-95f9-e5b12e2ad365', 'cc01e73c-ec87-4feb-9845-0d56e9f19060', 'Ruiz Corp', 'Warehouse Worker', 14, 'Completed');
INSERT INTO public.jobseeker_experience (id, jobseeker_id, company_name, position, number_of_months, status) VALUES ('f087c754-b95f-4399-bcb0-ce079b6a0e95', 'cc01e73c-ec87-4feb-9845-0d56e9f19060', 'Serrano Corp', 'Data Analyst', 42, 'Completed');
INSERT INTO public.jobseeker_experience (id, jobseeker_id, company_name, position, number_of_months, status) VALUES ('7c5e1b38-f5e5-428b-9f2c-379a891cba01', 'cc01e73c-ec87-4feb-9845-0d56e9f19060', 'Romero Corp', 'Accountant', 51, 'Completed');
INSERT INTO public.jobseeker_trainings (id, jobseeker_id, course, hours_of_training, training_institution) VALUES ('c788f9d0-5f60-4b11-baab-95739eb46334', 'cc01e73c-ec87-4feb-9845-0d56e9f19060', 'Web Development', 100, 'TESDA Gensan');
INSERT INTO public.jobseeker_trainings (id, jobseeker_id, course, hours_of_training, training_institution) VALUES ('4a918c1a-2ac4-4126-b9f9-4957f42364b9', 'cc01e73c-ec87-4feb-9845-0d56e9f19060', 'Leadership Training', 78, 'TESDA Gensan');
INSERT INTO public.jobseeker_trainings (id, jobseeker_id, course, hours_of_training, training_institution) VALUES ('47f62f45-7710-4526-840f-d64c856c3506', 'cc01e73c-ec87-4feb-9845-0d56e9f19060', 'Customer Service Excellence', 87, 'TESDA Gensan');
INSERT INTO public.jobseekers (id, email, first_name, last_name, birth_date, gender, civil_status, is_pwd, phone, barangay, city, province, employment_status, is_active, job_seeking_status, profile_complete, profile_completeness, work_setup_preference, expected_salary_min, preferred_occupation_1, preferred_occupation_2, preferred_work_location_local_1, preferred_work_location_local_2, preference_full_time, preference_part_time) VALUES ('3210c035-09b4-43e0-aa07-9c61804c72af', 'jobseeker79@example.com', 'Jose', 'Alvarez', '1990-01-01', 'Male', 'Single', false, '09113671378', 'Fatima', 'General Santos City', 'South Cotabato', 'Unemployed', true, 'actively_looking', true, 100, 'remote', 21874, 'Data Analyst', 'Nurse', 'Mabuhay, General Santos City', 'City Heights, General Santos City', true, false);
INSERT INTO public.jobseeker_education (id, jobseeker_id, currently_in_school, level, course, year_graduated, school_name) VALUES ('323c4106-db5e-4d50-8628-2a3c90845a60', '3210c035-09b4-43e0-aa07-9c61804c72af', false, 'College Graduate', 'BS Education', '2013', 'Mindanao State University');
INSERT INTO public.jobseeker_education (id, jobseeker_id, currently_in_school, level, course, year_graduated, school_name) VALUES ('52e1de21-d69f-446e-ac5e-3081fddbb7f0', '3210c035-09b4-43e0-aa07-9c61804c72af', false, 'College Graduate', 'BS Education', '2010', 'Mindanao State University');
INSERT INTO public.jobseeker_education (id, jobseeker_id, currently_in_school, level, course, year_graduated, school_name) VALUES ('c6bdaca0-887e-4e51-b068-8871a9bdecac', '3210c035-09b4-43e0-aa07-9c61804c72af', false, 'College Graduate', 'BS Engineering', '2011', 'Mindanao State University');
INSERT INTO public.jobseeker_experience (id, jobseeker_id, company_name, position, number_of_months, status) VALUES ('1b788d8e-b5bd-4ced-8ec0-fba7a576fb8e', '3210c035-09b4-43e0-aa07-9c61804c72af', 'Blanco Corp', 'Plumber', 14, 'Completed');
INSERT INTO public.jobseeker_experience (id, jobseeker_id, company_name, position, number_of_months, status) VALUES ('5d96fd33-fa16-4f32-8ade-eb34f377b063', '3210c035-09b4-43e0-aa07-9c61804c72af', 'Munoz Corp', 'Security Guard', 8, 'Completed');
INSERT INTO public.jobseeker_experience (id, jobseeker_id, company_name, position, number_of_months, status) VALUES ('37d02fa1-eb99-47ad-9560-106e930355dd', '3210c035-09b4-43e0-aa07-9c61804c72af', 'Hernandez Corp', 'HR Officer', 34, 'Completed');
INSERT INTO public.jobseeker_experience (id, jobseeker_id, company_name, position, number_of_months, status) VALUES ('6404f5cb-1fbb-454a-b882-c23fba741780', '3210c035-09b4-43e0-aa07-9c61804c72af', 'Ramos Corp', 'Carpenter', 38, 'Completed');
INSERT INTO public.jobseeker_experience (id, jobseeker_id, company_name, position, number_of_months, status) VALUES ('902b073c-a7ef-424e-8262-1364fe42f402', '3210c035-09b4-43e0-aa07-9c61804c72af', 'Vazquez Corp', 'Quality Control Inspector', 40, 'Completed');
INSERT INTO public.jobseeker_trainings (id, jobseeker_id, course, hours_of_training, training_institution) VALUES ('2f5e1591-ca8a-458a-beec-7a11bf0c55d1', '3210c035-09b4-43e0-aa07-9c61804c72af', 'TESDA NC II', 69, 'TESDA Gensan');
INSERT INTO public.jobseeker_trainings (id, jobseeker_id, course, hours_of_training, training_institution) VALUES ('8a64cc7c-505f-43db-8c89-7084bdd1a431', '3210c035-09b4-43e0-aa07-9c61804c72af', 'Leadership Training', 92, 'TESDA Gensan');
INSERT INTO public.jobseeker_trainings (id, jobseeker_id, course, hours_of_training, training_institution) VALUES ('d87b7a04-f3b4-423c-bd1d-b93b4550ce9a', '3210c035-09b4-43e0-aa07-9c61804c72af', 'Web Development', 81, 'TESDA Gensan');
INSERT INTO public.jobseekers (id, email, first_name, last_name, birth_date, gender, civil_status, is_pwd, phone, barangay, city, province, employment_status, is_active, job_seeking_status, profile_complete, profile_completeness, work_setup_preference, expected_salary_min, preferred_occupation_1, preferred_occupation_2, preferred_work_location_local_1, preferred_work_location_local_2, preference_full_time, preference_part_time) VALUES ('6c12518c-cde8-4f0b-b07d-27c41648dd69', 'jobseeker80@example.com', 'Jorge', 'Navarro', '1990-01-01', 'Female', 'Single', false, '09732100317', 'Tambler', 'General Santos City', 'South Cotabato', 'Unemployed', true, 'not_looking', true, 100, 'hybrid', 16336, 'HR Officer', 'Captain', 'Olympog, General Santos City', 'Katangawan, General Santos City', true, false);
INSERT INTO public.jobseeker_education (id, jobseeker_id, currently_in_school, level, course, year_graduated, school_name) VALUES ('c6612e7d-5cac-444f-9c8f-5cbbcb2a118f', '6c12518c-cde8-4f0b-b07d-27c41648dd69', false, 'College Graduate', 'BS Nursing', '2012', 'Mindanao State University');
INSERT INTO public.jobseeker_education (id, jobseeker_id, currently_in_school, level, course, year_graduated, school_name) VALUES ('fef229f6-8661-44bc-8c3e-a5bf4032f8b6', '6c12518c-cde8-4f0b-b07d-27c41648dd69', false, 'College Graduate', 'BS Business Administration', '2011', 'Mindanao State University');
INSERT INTO public.jobseeker_education (id, jobseeker_id, currently_in_school, level, course, year_graduated, school_name) VALUES ('1ab3b5a1-0142-45a8-ae76-354f60f8bd7a', '6c12518c-cde8-4f0b-b07d-27c41648dd69', false, 'College Graduate', 'BS Nursing', '2020', 'Mindanao State University');
INSERT INTO public.jobseeker_education (id, jobseeker_id, currently_in_school, level, course, year_graduated, school_name) VALUES ('b9671ce8-9502-48e4-9dbe-eda093cf5456', '6c12518c-cde8-4f0b-b07d-27c41648dd69', false, 'College Graduate', 'BS Education', '2016', 'Mindanao State University');
INSERT INTO public.jobseeker_education (id, jobseeker_id, currently_in_school, level, course, year_graduated, school_name) VALUES ('5418b266-6fb3-4cb7-bba6-2b8a251c3c2b', '6c12518c-cde8-4f0b-b07d-27c41648dd69', false, 'College Graduate', 'BS IT', '2019', 'Mindanao State University');
INSERT INTO public.jobseeker_experience (id, jobseeker_id, company_name, position, number_of_months, status) VALUES ('e85e53d5-fbb5-470c-a004-e01b0d544e75', '6c12518c-cde8-4f0b-b07d-27c41648dd69', 'Munoz Corp', 'Fishery Worker', 42, 'Completed');
INSERT INTO public.jobseeker_experience (id, jobseeker_id, company_name, position, number_of_months, status) VALUES ('61130633-12ef-4691-8722-28a48d8a0c40', '6c12518c-cde8-4f0b-b07d-27c41648dd69', 'Alvarez Corp', 'Accountant', 35, 'Completed');
INSERT INTO public.jobseeker_experience (id, jobseeker_id, company_name, position, number_of_months, status) VALUES ('dfc3ade5-2bb9-4a98-96bc-8cc873922088', '6c12518c-cde8-4f0b-b07d-27c41648dd69', 'Serrano Corp', 'Teacher', 15, 'Completed');
INSERT INTO public.jobseeker_trainings (id, jobseeker_id, course, hours_of_training, training_institution) VALUES ('4b559b83-8831-4bc8-9caa-be409b8f2d1c', '6c12518c-cde8-4f0b-b07d-27c41648dd69', 'Customer Service Excellence', 47, 'TESDA Gensan');
INSERT INTO public.jobseeker_trainings (id, jobseeker_id, course, hours_of_training, training_institution) VALUES ('8970a171-9232-47e5-85e8-bb3ffe74e135', '6c12518c-cde8-4f0b-b07d-27c41648dd69', 'Customer Service Excellence', 26, 'TESDA Gensan');
INSERT INTO public.jobseekers (id, email, first_name, last_name, birth_date, gender, civil_status, is_pwd, phone, barangay, city, province, employment_status, is_active, job_seeking_status, profile_complete, profile_completeness, work_setup_preference, expected_salary_min, preferred_occupation_1, preferred_occupation_2, preferred_work_location_local_1, preferred_work_location_local_2, preference_full_time, preference_part_time) VALUES ('b2a23afc-32db-45f6-95b1-2e0a2ee4dbe9', 'jobseeker81@example.com', 'Rafael', 'Romero', '1990-01-01', 'Female', 'Single', false, '09987655432', 'Dadiangas East', 'General Santos City', 'South Cotabato', 'Unemployed', true, 'not_looking', true, 100, 'onsite', 22837, 'Cashier', 'Deckhand', 'Lagao, General Santos City', 'Katangawan, General Santos City', true, false);
INSERT INTO public.jobseeker_education (id, jobseeker_id, currently_in_school, level, course, year_graduated, school_name) VALUES ('adb8f871-8f0a-46b8-9f65-fb90ca9ec70e', 'b2a23afc-32db-45f6-95b1-2e0a2ee4dbe9', false, 'College Graduate', 'BS IT', '2016', 'Mindanao State University');
INSERT INTO public.jobseeker_education (id, jobseeker_id, currently_in_school, level, course, year_graduated, school_name) VALUES ('3da7f3d2-2c52-45de-a725-70d202e309a7', 'b2a23afc-32db-45f6-95b1-2e0a2ee4dbe9', false, 'College Graduate', 'BS Nursing', '2016', 'Mindanao State University');
INSERT INTO public.jobseeker_education (id, jobseeker_id, currently_in_school, level, course, year_graduated, school_name) VALUES ('38a9a84f-69e4-40c3-959f-4a7137ef1c0c', 'b2a23afc-32db-45f6-95b1-2e0a2ee4dbe9', false, 'College Graduate', 'BS Engineering', '2012', 'Mindanao State University');
INSERT INTO public.jobseeker_experience (id, jobseeker_id, company_name, position, number_of_months, status) VALUES ('6c122b8f-2e4a-4948-9dc3-a4580e19b3dc', 'b2a23afc-32db-45f6-95b1-2e0a2ee4dbe9', 'Alonso Corp', 'Janitor', 17, 'Completed');
INSERT INTO public.jobseeker_experience (id, jobseeker_id, company_name, position, number_of_months, status) VALUES ('29f4872a-b7a7-4ae1-b5fa-c979c1449b67', 'b2a23afc-32db-45f6-95b1-2e0a2ee4dbe9', 'Jimenez Corp', 'Accountant', 22, 'Completed');
INSERT INTO public.jobseeker_experience (id, jobseeker_id, company_name, position, number_of_months, status) VALUES ('2d0c4126-45df-4865-9ce5-4ec23f706c50', 'b2a23afc-32db-45f6-95b1-2e0a2ee4dbe9', 'Martin Corp', 'Nurse', 40, 'Completed');
INSERT INTO public.jobseeker_trainings (id, jobseeker_id, course, hours_of_training, training_institution) VALUES ('a27faba6-d1f1-437d-ba9a-48c93ebdb86a', 'b2a23afc-32db-45f6-95b1-2e0a2ee4dbe9', 'First Aid', 19, 'TESDA Gensan');
INSERT INTO public.jobseeker_trainings (id, jobseeker_id, course, hours_of_training, training_institution) VALUES ('4af4e36a-7242-4ba0-a7ec-993885ca0a14', 'b2a23afc-32db-45f6-95b1-2e0a2ee4dbe9', 'First Aid', 79, 'TESDA Gensan');
INSERT INTO public.jobseeker_trainings (id, jobseeker_id, course, hours_of_training, training_institution) VALUES ('871921ed-49dd-45dc-97dc-4a873ce5dc51', 'b2a23afc-32db-45f6-95b1-2e0a2ee4dbe9', 'First Aid', 40, 'TESDA Gensan');
INSERT INTO public.jobseekers (id, email, first_name, last_name, birth_date, gender, civil_status, is_pwd, phone, barangay, city, province, employment_status, is_active, job_seeking_status, profile_complete, profile_completeness, work_setup_preference, expected_salary_min, preferred_occupation_1, preferred_occupation_2, preferred_work_location_local_1, preferred_work_location_local_2, preference_full_time, preference_part_time) VALUES ('a45ac826-dccb-4051-a840-a74b0908973d', 'jobseeker82@example.com', 'Julia', 'Vazquez', '1990-01-01', 'Female', 'Single', false, '09553640918', 'Dadiangas North', 'General Santos City', 'South Cotabato', 'Unemployed', true, 'open', true, 100, 'onsite', 23802, 'Fishery Worker', 'Administrative Assistant', 'Siguel, General Santos City', 'Katangawan, General Santos City', true, false);
INSERT INTO public.jobseeker_education (id, jobseeker_id, currently_in_school, level, course, year_graduated, school_name) VALUES ('681a46a1-2568-40c0-9099-dbc816a3292f', 'a45ac826-dccb-4051-a840-a74b0908973d', false, 'College Graduate', 'BS IT', '2011', 'Mindanao State University');
INSERT INTO public.jobseeker_education (id, jobseeker_id, currently_in_school, level, course, year_graduated, school_name) VALUES ('12903d1c-5838-47c2-9dc4-bfb53943ff8c', 'a45ac826-dccb-4051-a840-a74b0908973d', false, 'College Graduate', 'BS Business Administration', '2016', 'Mindanao State University');
INSERT INTO public.jobseeker_education (id, jobseeker_id, currently_in_school, level, course, year_graduated, school_name) VALUES ('65222acf-4890-45d7-a436-4e410d5357b2', 'a45ac826-dccb-4051-a840-a74b0908973d', false, 'College Graduate', 'BS Education', '2018', 'Mindanao State University');
INSERT INTO public.jobseeker_education (id, jobseeker_id, currently_in_school, level, course, year_graduated, school_name) VALUES ('ca19a44c-74cd-45cb-bd1f-8376bac33675', 'a45ac826-dccb-4051-a840-a74b0908973d', false, 'College Graduate', 'BS IT', '2015', 'Mindanao State University');
INSERT INTO public.jobseeker_education (id, jobseeker_id, currently_in_school, level, course, year_graduated, school_name) VALUES ('7534d089-fe11-4452-b614-d0d6466b1f50', 'a45ac826-dccb-4051-a840-a74b0908973d', false, 'College Graduate', 'BS IT', '2017', 'Mindanao State University');
INSERT INTO public.jobseeker_experience (id, jobseeker_id, company_name, position, number_of_months, status) VALUES ('a8634b9b-8559-4125-a424-e7a428b54816', 'a45ac826-dccb-4051-a840-a74b0908973d', 'Suarez Corp', 'Manager', 13, 'Completed');
INSERT INTO public.jobseeker_experience (id, jobseeker_id, company_name, position, number_of_months, status) VALUES ('3f09c40b-1840-4689-810f-f682552e4010', 'a45ac826-dccb-4051-a840-a74b0908973d', 'Moreno Corp', 'Customer Service Representative', 34, 'Completed');
INSERT INTO public.jobseeker_trainings (id, jobseeker_id, course, hours_of_training, training_institution) VALUES ('0fa1f80f-6689-4d41-90a0-f95a64edf0d9', 'a45ac826-dccb-4051-a840-a74b0908973d', 'First Aid', 39, 'TESDA Gensan');
INSERT INTO public.jobseekers (id, email, first_name, last_name, birth_date, gender, civil_status, is_pwd, phone, barangay, city, province, employment_status, is_active, job_seeking_status, profile_complete, profile_completeness, work_setup_preference, expected_salary_min, preferred_occupation_1, preferred_occupation_2, preferred_work_location_local_1, preferred_work_location_local_2, preference_full_time, preference_part_time) VALUES ('5fd76d07-57ad-48fd-b9e6-4c1e0e5d57ab', 'jobseeker83@example.com', 'Sofia', 'Munoz', '1990-01-01', 'Female', 'Single', false, '09808220584', 'Labangal', 'General Santos City', 'South Cotabato', 'Unemployed', true, 'open', true, 100, 'remote', 24658, 'Customer Service Representative', 'HR Officer', 'Tambler, General Santos City', 'Sinawal, General Santos City', true, false);
INSERT INTO public.jobseeker_education (id, jobseeker_id, currently_in_school, level, course, year_graduated, school_name) VALUES ('c61072d7-ca8d-4047-8a5e-0de37e42d08c', '5fd76d07-57ad-48fd-b9e6-4c1e0e5d57ab', false, 'College Graduate', 'BS Engineering', '2010', 'Mindanao State University');
INSERT INTO public.jobseeker_education (id, jobseeker_id, currently_in_school, level, course, year_graduated, school_name) VALUES ('633d1d42-dd07-4e9e-9770-2db99a98b72a', '5fd76d07-57ad-48fd-b9e6-4c1e0e5d57ab', false, 'College Graduate', 'BS Business Administration', '2017', 'Mindanao State University');
INSERT INTO public.jobseeker_education (id, jobseeker_id, currently_in_school, level, course, year_graduated, school_name) VALUES ('ae240ea6-5ec0-4474-b64d-a56337051407', '5fd76d07-57ad-48fd-b9e6-4c1e0e5d57ab', false, 'College Graduate', 'BS Engineering', '2018', 'Mindanao State University');
INSERT INTO public.jobseeker_education (id, jobseeker_id, currently_in_school, level, course, year_graduated, school_name) VALUES ('4c71ede3-8e1b-443a-8ba1-58db1ffab79b', '5fd76d07-57ad-48fd-b9e6-4c1e0e5d57ab', false, 'College Graduate', 'BS Nursing', '2015', 'Mindanao State University');
INSERT INTO public.jobseeker_education (id, jobseeker_id, currently_in_school, level, course, year_graduated, school_name) VALUES ('c4c5a34d-c0d4-475d-974d-3877858d3df1', '5fd76d07-57ad-48fd-b9e6-4c1e0e5d57ab', false, 'College Graduate', 'BS Nursing', '2010', 'Mindanao State University');
INSERT INTO public.jobseeker_experience (id, jobseeker_id, company_name, position, number_of_months, status) VALUES ('233f7763-5c7d-433f-b36e-98babbffc601', '5fd76d07-57ad-48fd-b9e6-4c1e0e5d57ab', 'Fernandez Corp', 'Plumber', 40, 'Completed');
INSERT INTO public.jobseeker_experience (id, jobseeker_id, company_name, position, number_of_months, status) VALUES ('8d9695a8-92b2-4f0a-bcdc-5f9a702d1b5b', '5fd76d07-57ad-48fd-b9e6-4c1e0e5d57ab', 'Garcia Corp', 'Carpenter', 15, 'Completed');
INSERT INTO public.jobseeker_experience (id, jobseeker_id, company_name, position, number_of_months, status) VALUES ('6afb9b7f-8c63-4f0a-a1e6-8fbaa4fec4a3', '5fd76d07-57ad-48fd-b9e6-4c1e0e5d57ab', 'Ramos Corp', 'Manager', 23, 'Completed');
INSERT INTO public.jobseeker_trainings (id, jobseeker_id, course, hours_of_training, training_institution) VALUES ('9e7b12bb-e03a-401b-aced-6336eecac462', '5fd76d07-57ad-48fd-b9e6-4c1e0e5d57ab', 'TESDA NC II', 25, 'TESDA Gensan');
INSERT INTO public.jobseekers (id, email, first_name, last_name, birth_date, gender, civil_status, is_pwd, phone, barangay, city, province, employment_status, is_active, job_seeking_status, profile_complete, profile_completeness, work_setup_preference, expected_salary_min, preferred_occupation_1, preferred_occupation_2, preferred_work_location_local_1, preferred_work_location_local_2, preference_full_time, preference_part_time) VALUES ('050f743a-b086-4ec6-8c8a-d267806a3573', 'jobseeker84@example.com', 'Carmen', 'Gutierrez', '1990-01-01', 'Male', 'Single', false, '09158528030', 'Ligaya', 'General Santos City', 'South Cotabato', 'Unemployed', true, 'not_looking', true, 100, 'remote', 21334, 'Plumber', 'Cashier', 'Fatima, General Santos City', 'Lagao, General Santos City', true, false);
INSERT INTO public.jobseeker_education (id, jobseeker_id, currently_in_school, level, course, year_graduated, school_name) VALUES ('93b87b14-2390-4706-ad27-f9b562534a85', '050f743a-b086-4ec6-8c8a-d267806a3573', false, 'College Graduate', 'BS Engineering', '2019', 'Mindanao State University');
INSERT INTO public.jobseeker_education (id, jobseeker_id, currently_in_school, level, course, year_graduated, school_name) VALUES ('91a64790-7124-48c9-bdfc-9e92a33c9a41', '050f743a-b086-4ec6-8c8a-d267806a3573', false, 'College Graduate', 'BS IT', '2013', 'Mindanao State University');
INSERT INTO public.jobseeker_education (id, jobseeker_id, currently_in_school, level, course, year_graduated, school_name) VALUES ('58e8cb32-b496-4c0b-a32c-3ae300462fa4', '050f743a-b086-4ec6-8c8a-d267806a3573', false, 'College Graduate', 'BS Engineering', '2021', 'Mindanao State University');
INSERT INTO public.jobseeker_experience (id, jobseeker_id, company_name, position, number_of_months, status) VALUES ('1a8802b3-3a58-4559-a0ac-c458484a223c', '050f743a-b086-4ec6-8c8a-d267806a3573', 'Navarro Corp', 'Carpenter', 42, 'Completed');
INSERT INTO public.jobseeker_experience (id, jobseeker_id, company_name, position, number_of_months, status) VALUES ('2c69f9cc-cd38-4d16-a3e2-5f433dd4fa0d', '050f743a-b086-4ec6-8c8a-d267806a3573', 'Serrano Corp', 'Janitor', 18, 'Completed');
INSERT INTO public.jobseeker_experience (id, jobseeker_id, company_name, position, number_of_months, status) VALUES ('8917078a-bd50-4c18-87f9-a5c855ee6fb6', '050f743a-b086-4ec6-8c8a-d267806a3573', 'Alonso Corp', 'Captain', 47, 'Completed');
INSERT INTO public.jobseeker_experience (id, jobseeker_id, company_name, position, number_of_months, status) VALUES ('0cbf72c5-6d65-4d11-81ce-fdf42169b68d', '050f743a-b086-4ec6-8c8a-d267806a3573', 'Dominguez Corp', 'Deckhand', 11, 'Completed');
INSERT INTO public.jobseeker_trainings (id, jobseeker_id, course, hours_of_training, training_institution) VALUES ('ac770707-37ce-462f-8ddd-eab3265c2cc6', '050f743a-b086-4ec6-8c8a-d267806a3573', 'Leadership Training', 72, 'TESDA Gensan');
INSERT INTO public.jobseekers (id, email, first_name, last_name, birth_date, gender, civil_status, is_pwd, phone, barangay, city, province, employment_status, is_active, job_seeking_status, profile_complete, profile_completeness, work_setup_preference, expected_salary_min, preferred_occupation_1, preferred_occupation_2, preferred_work_location_local_1, preferred_work_location_local_2, preference_full_time, preference_part_time) VALUES ('fbb4414d-4545-4dbb-80fd-2deaa4f4bd0b', 'jobseeker85@example.com', 'Lourdes', 'Torres', '1990-01-01', 'Female', 'Single', false, '09503158276', 'San Jose', 'General Santos City', 'South Cotabato', 'Unemployed', true, 'actively_looking', true, 100, 'onsite', 16804, 'Carpenter', 'Carpenter', 'Baluan, General Santos City', 'Dadiangas West, General Santos City', true, false);
INSERT INTO public.jobseeker_education (id, jobseeker_id, currently_in_school, level, course, year_graduated, school_name) VALUES ('57be8890-1962-4e53-9876-5e8ddedc207b', 'fbb4414d-4545-4dbb-80fd-2deaa4f4bd0b', false, 'College Graduate', 'BS Nursing', '2019', 'Mindanao State University');
INSERT INTO public.jobseeker_education (id, jobseeker_id, currently_in_school, level, course, year_graduated, school_name) VALUES ('9f9d5eb8-870a-4d85-8f49-105861fdce1a', 'fbb4414d-4545-4dbb-80fd-2deaa4f4bd0b', false, 'College Graduate', 'BS Engineering', '2018', 'Mindanao State University');
INSERT INTO public.jobseeker_experience (id, jobseeker_id, company_name, position, number_of_months, status) VALUES ('a61c6a1e-3961-4f34-b1da-92fbd68c6b64', 'fbb4414d-4545-4dbb-80fd-2deaa4f4bd0b', 'Martin Corp', 'Data Analyst', 40, 'Completed');
INSERT INTO public.jobseeker_experience (id, jobseeker_id, company_name, position, number_of_months, status) VALUES ('da0cda34-b030-4347-b7f6-799d8e430c39', 'fbb4414d-4545-4dbb-80fd-2deaa4f4bd0b', 'Gomez Corp', 'Warehouse Worker', 29, 'Completed');
INSERT INTO public.jobseeker_experience (id, jobseeker_id, company_name, position, number_of_months, status) VALUES ('5b21e46f-f13f-4474-a221-376240fee4e2', 'fbb4414d-4545-4dbb-80fd-2deaa4f4bd0b', 'Vazquez Corp', 'Warehouse Worker', 10, 'Completed');
INSERT INTO public.jobseeker_experience (id, jobseeker_id, company_name, position, number_of_months, status) VALUES ('b58081b5-6c52-4f91-a41f-0e397f588263', 'fbb4414d-4545-4dbb-80fd-2deaa4f4bd0b', 'Jimenez Corp', 'Accountant', 35, 'Completed');
INSERT INTO public.jobseeker_trainings (id, jobseeker_id, course, hours_of_training, training_institution) VALUES ('e06def45-9134-47aa-b632-3ac5a45d42a5', 'fbb4414d-4545-4dbb-80fd-2deaa4f4bd0b', 'First Aid', 55, 'TESDA Gensan');
INSERT INTO public.jobseeker_trainings (id, jobseeker_id, course, hours_of_training, training_institution) VALUES ('96400a90-79a3-4714-9ed4-a42891c1adcc', 'fbb4414d-4545-4dbb-80fd-2deaa4f4bd0b', 'Customer Service Excellence', 110, 'TESDA Gensan');
INSERT INTO public.jobseekers (id, email, first_name, last_name, birth_date, gender, civil_status, is_pwd, phone, barangay, city, province, employment_status, is_active, job_seeking_status, profile_complete, profile_completeness, work_setup_preference, expected_salary_min, preferred_occupation_1, preferred_occupation_2, preferred_work_location_local_1, preferred_work_location_local_2, preference_full_time, preference_part_time) VALUES ('e8a0b29e-27e0-406b-9417-6cd287b284de', 'jobseeker86@example.com', 'Pedro', 'Alvarez', '1990-01-01', 'Female', 'Single', false, '09290338203', 'Dadiangas South', 'General Santos City', 'South Cotabato', 'Unemployed', true, 'not_looking', true, 100, 'onsite', 16576, 'Carpenter', 'Software Engineer', 'City Heights, General Santos City', 'Batomelong, General Santos City', true, false);
INSERT INTO public.jobseeker_education (id, jobseeker_id, currently_in_school, level, course, year_graduated, school_name) VALUES ('ae0de278-2e5c-4c59-b837-5f9fe75ec613', 'e8a0b29e-27e0-406b-9417-6cd287b284de', false, 'College Graduate', 'BS Business Administration', '2021', 'Mindanao State University');
INSERT INTO public.jobseeker_education (id, jobseeker_id, currently_in_school, level, course, year_graduated, school_name) VALUES ('6e094502-1a71-4087-9711-9cf530645048', 'e8a0b29e-27e0-406b-9417-6cd287b284de', false, 'College Graduate', 'BS Education', '2012', 'Mindanao State University');
INSERT INTO public.jobseeker_education (id, jobseeker_id, currently_in_school, level, course, year_graduated, school_name) VALUES ('10b2900f-df65-4405-99ea-dd693413c5c4', 'e8a0b29e-27e0-406b-9417-6cd287b284de', false, 'College Graduate', 'BS Engineering', '2019', 'Mindanao State University');
INSERT INTO public.jobseeker_education (id, jobseeker_id, currently_in_school, level, course, year_graduated, school_name) VALUES ('6ac1484b-cc1d-41bd-b213-d239eabef284', 'e8a0b29e-27e0-406b-9417-6cd287b284de', false, 'College Graduate', 'BS IT', '2018', 'Mindanao State University');
INSERT INTO public.jobseeker_experience (id, jobseeker_id, company_name, position, number_of_months, status) VALUES ('835eacbc-9c8c-4957-ba8c-56eff0631433', 'e8a0b29e-27e0-406b-9417-6cd287b284de', 'Fernandez Corp', 'Chef', 16, 'Completed');
INSERT INTO public.jobseeker_experience (id, jobseeker_id, company_name, position, number_of_months, status) VALUES ('a066cc5c-67d5-4d71-83e4-7dbc3a9c921b', 'e8a0b29e-27e0-406b-9417-6cd287b284de', 'Martin Corp', 'Plumber', 20, 'Completed');
INSERT INTO public.jobseeker_experience (id, jobseeker_id, company_name, position, number_of_months, status) VALUES ('79cfa1e0-f826-46ba-88fd-dab98cd67017', 'e8a0b29e-27e0-406b-9417-6cd287b284de', 'Dominguez Corp', 'Carpenter', 18, 'Completed');
INSERT INTO public.jobseeker_experience (id, jobseeker_id, company_name, position, number_of_months, status) VALUES ('313a89d0-6dd5-446d-a395-c9bab8aa5632', 'e8a0b29e-27e0-406b-9417-6cd287b284de', 'Blanco Corp', 'Sales Representative', 46, 'Completed');
INSERT INTO public.jobseeker_trainings (id, jobseeker_id, course, hours_of_training, training_institution) VALUES ('67aac185-df16-435c-a4ef-31adc871097a', 'e8a0b29e-27e0-406b-9417-6cd287b284de', 'Customer Service Excellence', 97, 'TESDA Gensan');
INSERT INTO public.jobseekers (id, email, first_name, last_name, birth_date, gender, civil_status, is_pwd, phone, barangay, city, province, employment_status, is_active, job_seeking_status, profile_complete, profile_completeness, work_setup_preference, expected_salary_min, preferred_occupation_1, preferred_occupation_2, preferred_work_location_local_1, preferred_work_location_local_2, preference_full_time, preference_part_time) VALUES ('d2e25fb4-6b64-4320-841b-c9d12f115a04', 'jobseeker87@example.com', 'Alba', 'Martinez', '1990-01-01', 'Male', 'Single', false, '09175196253', 'Dadiangas North', 'General Santos City', 'South Cotabato', 'Unemployed', true, 'actively_looking', true, 100, 'any', 20716, 'Teacher', 'Tuna Grader', 'San Isidro, General Santos City', 'Fatima, General Santos City', true, false);
INSERT INTO public.jobseeker_education (id, jobseeker_id, currently_in_school, level, course, year_graduated, school_name) VALUES ('aab64148-4b77-461a-bf91-7fe502e97355', 'd2e25fb4-6b64-4320-841b-c9d12f115a04', false, 'College Graduate', 'BS Nursing', '2014', 'Mindanao State University');
INSERT INTO public.jobseeker_education (id, jobseeker_id, currently_in_school, level, course, year_graduated, school_name) VALUES ('7591fb1c-9f48-4c04-a723-bd014586a333', 'd2e25fb4-6b64-4320-841b-c9d12f115a04', false, 'College Graduate', 'BS Nursing', '2014', 'Mindanao State University');
INSERT INTO public.jobseeker_education (id, jobseeker_id, currently_in_school, level, course, year_graduated, school_name) VALUES ('b158f96b-5557-49e7-abd6-70debb8a4a61', 'd2e25fb4-6b64-4320-841b-c9d12f115a04', false, 'College Graduate', 'BS Education', '2022', 'Mindanao State University');
INSERT INTO public.jobseeker_education (id, jobseeker_id, currently_in_school, level, course, year_graduated, school_name) VALUES ('4580100c-4e27-4b9f-adf5-11372a972680', 'd2e25fb4-6b64-4320-841b-c9d12f115a04', false, 'College Graduate', 'BS IT', '2011', 'Mindanao State University');
INSERT INTO public.jobseeker_education (id, jobseeker_id, currently_in_school, level, course, year_graduated, school_name) VALUES ('f8194d06-8d80-48ad-b196-b918e7258089', 'd2e25fb4-6b64-4320-841b-c9d12f115a04', false, 'College Graduate', 'BS Engineering', '2017', 'Mindanao State University');
INSERT INTO public.jobseeker_experience (id, jobseeker_id, company_name, position, number_of_months, status) VALUES ('d69d690c-8db7-481f-9039-eb5362705d10', 'd2e25fb4-6b64-4320-841b-c9d12f115a04', 'Suarez Corp', 'Warehouse Worker', 30, 'Completed');
INSERT INTO public.jobseeker_experience (id, jobseeker_id, company_name, position, number_of_months, status) VALUES ('fbfe9aa7-8150-426e-8cc2-8af4396d2ab5', 'd2e25fb4-6b64-4320-841b-c9d12f115a04', 'Alvarez Corp', 'Chef', 22, 'Completed');
INSERT INTO public.jobseeker_experience (id, jobseeker_id, company_name, position, number_of_months, status) VALUES ('e63c3987-dbce-48db-95f7-6868f31c503d', 'd2e25fb4-6b64-4320-841b-c9d12f115a04', 'Gutierrez Corp', 'Teacher', 6, 'Completed');
INSERT INTO public.jobseeker_experience (id, jobseeker_id, company_name, position, number_of_months, status) VALUES ('c7fca424-6f7c-45ad-a69a-a20dc8b33ee4', 'd2e25fb4-6b64-4320-841b-c9d12f115a04', 'Torres Corp', 'Nurse', 19, 'Completed');
INSERT INTO public.jobseeker_trainings (id, jobseeker_id, course, hours_of_training, training_institution) VALUES ('b357bb8e-446a-4fce-aaa7-a24366e7ac07', 'd2e25fb4-6b64-4320-841b-c9d12f115a04', 'Customer Service Excellence', 12, 'TESDA Gensan');
INSERT INTO public.jobseeker_trainings (id, jobseeker_id, course, hours_of_training, training_institution) VALUES ('91dc1de1-8507-4a79-a6b2-e5c03972b165', 'd2e25fb4-6b64-4320-841b-c9d12f115a04', 'Web Development', 104, 'TESDA Gensan');
INSERT INTO public.jobseekers (id, email, first_name, last_name, birth_date, gender, civil_status, is_pwd, phone, barangay, city, province, employment_status, is_active, job_seeking_status, profile_complete, profile_completeness, work_setup_preference, expected_salary_min, preferred_occupation_1, preferred_occupation_2, preferred_work_location_local_1, preferred_work_location_local_2, preference_full_time, preference_part_time) VALUES ('e02a385b-6847-401b-bb50-5e350023ade7', 'jobseeker88@example.com', 'Antonio', 'Blanco', '1990-01-01', 'Female', 'Single', false, '09981843785', 'Bula', 'General Santos City', 'South Cotabato', 'Unemployed', true, 'open', true, 100, 'hybrid', 21850, 'Plumber', 'Data Analyst', 'Tinagacan, General Santos City', 'Apopong, General Santos City', true, false);
INSERT INTO public.jobseeker_education (id, jobseeker_id, currently_in_school, level, course, year_graduated, school_name) VALUES ('913a2ea3-b912-4fc7-963b-0c32d4f1c990', 'e02a385b-6847-401b-bb50-5e350023ade7', false, 'College Graduate', 'BS Business Administration', '2018', 'Mindanao State University');
INSERT INTO public.jobseeker_education (id, jobseeker_id, currently_in_school, level, course, year_graduated, school_name) VALUES ('392c9f4f-c87b-45b9-b537-bf94d47f5cf0', 'e02a385b-6847-401b-bb50-5e350023ade7', false, 'College Graduate', 'BS Engineering', '2012', 'Mindanao State University');
INSERT INTO public.jobseeker_education (id, jobseeker_id, currently_in_school, level, course, year_graduated, school_name) VALUES ('8ab42cb3-ba0d-4863-8b6b-a8f68ef58ecf', 'e02a385b-6847-401b-bb50-5e350023ade7', false, 'College Graduate', 'BS IT', '2010', 'Mindanao State University');
INSERT INTO public.jobseeker_experience (id, jobseeker_id, company_name, position, number_of_months, status) VALUES ('74b8eb2b-3e8b-40d0-b2d2-1ff5ea4979e5', 'e02a385b-6847-401b-bb50-5e350023ade7', 'Navarro Corp', 'Mechanic', 52, 'Completed');
INSERT INTO public.jobseeker_experience (id, jobseeker_id, company_name, position, number_of_months, status) VALUES ('95fc762b-db7d-449d-a71c-06c602b9e19d', 'e02a385b-6847-401b-bb50-5e350023ade7', 'Jimenez Corp', 'Deckhand', 27, 'Completed');
INSERT INTO public.jobseeker_trainings (id, jobseeker_id, course, hours_of_training, training_institution) VALUES ('e9f8bfc1-96ae-4ac3-b675-4f16212a6e45', 'e02a385b-6847-401b-bb50-5e350023ade7', 'TESDA NC II', 107, 'TESDA Gensan');
INSERT INTO public.jobseekers (id, email, first_name, last_name, birth_date, gender, civil_status, is_pwd, phone, barangay, city, province, employment_status, is_active, job_seeking_status, profile_complete, profile_completeness, work_setup_preference, expected_salary_min, preferred_occupation_1, preferred_occupation_2, preferred_work_location_local_1, preferred_work_location_local_2, preference_full_time, preference_part_time) VALUES ('363ad894-cf29-4f24-abab-298251ef6b55', 'jobseeker89@example.com', 'Rafael', 'Ramirez', '1990-01-01', 'Male', 'Single', false, '09776628478', 'Siguel', 'General Santos City', 'South Cotabato', 'Unemployed', true, 'actively_looking', true, 100, 'hybrid', 17420, 'Driver', 'Nurse', 'Olympog, General Santos City', 'Bula, General Santos City', true, false);
INSERT INTO public.jobseeker_education (id, jobseeker_id, currently_in_school, level, course, year_graduated, school_name) VALUES ('c7b4ba95-5caf-4bc7-9e54-c30e84ff40c7', '363ad894-cf29-4f24-abab-298251ef6b55', false, 'College Graduate', 'BS Nursing', '2017', 'Mindanao State University');
INSERT INTO public.jobseeker_education (id, jobseeker_id, currently_in_school, level, course, year_graduated, school_name) VALUES ('82a44c26-9ea0-49d5-bb6e-34eeac3856c9', '363ad894-cf29-4f24-abab-298251ef6b55', false, 'College Graduate', 'BS Business Administration', '2016', 'Mindanao State University');
INSERT INTO public.jobseeker_education (id, jobseeker_id, currently_in_school, level, course, year_graduated, school_name) VALUES ('2613995f-d12e-46e3-84c4-e71d116a3ff9', '363ad894-cf29-4f24-abab-298251ef6b55', false, 'College Graduate', 'BS Engineering', '2019', 'Mindanao State University');
INSERT INTO public.jobseeker_education (id, jobseeker_id, currently_in_school, level, course, year_graduated, school_name) VALUES ('58f04403-c6c2-48d7-9171-1cf275b479bc', '363ad894-cf29-4f24-abab-298251ef6b55', false, 'College Graduate', 'BS Nursing', '2021', 'Mindanao State University');
INSERT INTO public.jobseeker_education (id, jobseeker_id, currently_in_school, level, course, year_graduated, school_name) VALUES ('23e7c93e-a350-44f4-b77b-0ad39b992a8b', '363ad894-cf29-4f24-abab-298251ef6b55', false, 'College Graduate', 'BS Nursing', '2023', 'Mindanao State University');
INSERT INTO public.jobseeker_experience (id, jobseeker_id, company_name, position, number_of_months, status) VALUES ('53ca13cc-7716-4727-82f4-d0b042bd59fc', '363ad894-cf29-4f24-abab-298251ef6b55', 'Garcia Corp', 'Nurse', 42, 'Completed');
INSERT INTO public.jobseeker_experience (id, jobseeker_id, company_name, position, number_of_months, status) VALUES ('8dbb380c-7661-4dce-9a43-b2be79dd3dac', '363ad894-cf29-4f24-abab-298251ef6b55', 'Sanchez Corp', 'Plumber', 58, 'Completed');
INSERT INTO public.jobseeker_experience (id, jobseeker_id, company_name, position, number_of_months, status) VALUES ('8c84a49b-e299-486c-83f3-1df396d395db', '363ad894-cf29-4f24-abab-298251ef6b55', 'Torres Corp', 'Chef', 43, 'Completed');
INSERT INTO public.jobseeker_trainings (id, jobseeker_id, course, hours_of_training, training_institution) VALUES ('38f63ef4-74d4-4f4e-ab00-7888c4738d6e', '363ad894-cf29-4f24-abab-298251ef6b55', 'Web Development', 81, 'TESDA Gensan');
INSERT INTO public.jobseekers (id, email, first_name, last_name, birth_date, gender, civil_status, is_pwd, phone, barangay, city, province, employment_status, is_active, job_seeking_status, profile_complete, profile_completeness, work_setup_preference, expected_salary_min, preferred_occupation_1, preferred_occupation_2, preferred_work_location_local_1, preferred_work_location_local_2, preference_full_time, preference_part_time) VALUES ('990255ff-bd6d-42d9-a92e-160ec4e34cfc', 'jobseeker90@example.com', 'Sergio', 'Torres', '1990-01-01', 'Male', 'Single', false, '09960158910', 'Labangal', 'General Santos City', 'South Cotabato', 'Unemployed', true, 'open', true, 100, 'any', 24718, 'Administrative Assistant', 'Chef', 'City Heights, General Santos City', 'Dadiangas East, General Santos City', true, false);
INSERT INTO public.jobseeker_education (id, jobseeker_id, currently_in_school, level, course, year_graduated, school_name) VALUES ('c4bd8efa-116a-4439-8682-c021f6e08399', '990255ff-bd6d-42d9-a92e-160ec4e34cfc', false, 'College Graduate', 'BS Business Administration', '2018', 'Mindanao State University');
INSERT INTO public.jobseeker_education (id, jobseeker_id, currently_in_school, level, course, year_graduated, school_name) VALUES ('4e5db845-9db3-4bbd-bd56-400a33e54b5e', '990255ff-bd6d-42d9-a92e-160ec4e34cfc', false, 'College Graduate', 'BS Business Administration', '2014', 'Mindanao State University');
INSERT INTO public.jobseeker_experience (id, jobseeker_id, company_name, position, number_of_months, status) VALUES ('72c3be8d-9a76-4dcb-9445-45a1b20f41dc', '990255ff-bd6d-42d9-a92e-160ec4e34cfc', 'Diaz Corp', 'Nurse', 55, 'Completed');
INSERT INTO public.jobseeker_experience (id, jobseeker_id, company_name, position, number_of_months, status) VALUES ('7123422a-37c0-4ebf-a045-0ee6f67864c9', '990255ff-bd6d-42d9-a92e-160ec4e34cfc', 'Dominguez Corp', 'Electrician', 31, 'Completed');
INSERT INTO public.jobseeker_experience (id, jobseeker_id, company_name, position, number_of_months, status) VALUES ('104a579d-517f-4446-98f4-805ff9337a6b', '990255ff-bd6d-42d9-a92e-160ec4e34cfc', 'Gutierrez Corp', 'Janitor', 10, 'Completed');
INSERT INTO public.jobseeker_trainings (id, jobseeker_id, course, hours_of_training, training_institution) VALUES ('9a16ecc1-510a-4d33-a746-9890fdc3e55e', '990255ff-bd6d-42d9-a92e-160ec4e34cfc', 'Leadership Training', 51, 'TESDA Gensan');
INSERT INTO public.jobseeker_trainings (id, jobseeker_id, course, hours_of_training, training_institution) VALUES ('cddc7d1b-e9f7-46e8-b2fa-0b885d714550', '990255ff-bd6d-42d9-a92e-160ec4e34cfc', 'TESDA NC II', 31, 'TESDA Gensan');
INSERT INTO public.jobseekers (id, email, first_name, last_name, birth_date, gender, civil_status, is_pwd, phone, barangay, city, province, employment_status, is_active, job_seeking_status, profile_complete, profile_completeness, work_setup_preference, expected_salary_min, preferred_occupation_1, preferred_occupation_2, preferred_work_location_local_1, preferred_work_location_local_2, preference_full_time, preference_part_time) VALUES ('a6e059b9-2377-4726-aabc-e71afc22fbe0', 'jobseeker91@example.com', 'Elena', 'Serrano', '1990-01-01', 'Male', 'Single', false, '09100848837', 'Tinagacan', 'General Santos City', 'South Cotabato', 'Unemployed', true, 'not_looking', true, 100, 'onsite', 21158, 'Captain', 'Driver', 'Katangawan, General Santos City', 'Siguel, General Santos City', true, false);
INSERT INTO public.jobseeker_education (id, jobseeker_id, currently_in_school, level, course, year_graduated, school_name) VALUES ('216f8624-3e6c-420b-b28f-676ac6bd5a29', 'a6e059b9-2377-4726-aabc-e71afc22fbe0', false, 'College Graduate', 'BS Education', '2017', 'Mindanao State University');
INSERT INTO public.jobseeker_education (id, jobseeker_id, currently_in_school, level, course, year_graduated, school_name) VALUES ('cca0f1ed-9af6-411a-8d68-7e911e03a65c', 'a6e059b9-2377-4726-aabc-e71afc22fbe0', false, 'College Graduate', 'BS Education', '2020', 'Mindanao State University');
INSERT INTO public.jobseeker_education (id, jobseeker_id, currently_in_school, level, course, year_graduated, school_name) VALUES ('f2150829-81ac-4c9f-9bd3-cb8d11e397a9', 'a6e059b9-2377-4726-aabc-e71afc22fbe0', false, 'College Graduate', 'BS Education', '2017', 'Mindanao State University');
INSERT INTO public.jobseeker_education (id, jobseeker_id, currently_in_school, level, course, year_graduated, school_name) VALUES ('9aa10b5a-96fa-4227-a55b-7f7bdaf0c757', 'a6e059b9-2377-4726-aabc-e71afc22fbe0', false, 'College Graduate', 'BS Nursing', '2016', 'Mindanao State University');
INSERT INTO public.jobseeker_education (id, jobseeker_id, currently_in_school, level, course, year_graduated, school_name) VALUES ('793bb0d6-433f-4c6c-b297-f53327273ba4', 'a6e059b9-2377-4726-aabc-e71afc22fbe0', false, 'College Graduate', 'BS Nursing', '2021', 'Mindanao State University');
INSERT INTO public.jobseeker_experience (id, jobseeker_id, company_name, position, number_of_months, status) VALUES ('35b05f2f-d1a2-446b-88d3-d220d6dc03cc', 'a6e059b9-2377-4726-aabc-e71afc22fbe0', 'Ramos Corp', 'Waitress', 8, 'Completed');
INSERT INTO public.jobseeker_experience (id, jobseeker_id, company_name, position, number_of_months, status) VALUES ('09371c4a-0b12-4a2a-9a60-3ebcb3b68199', 'a6e059b9-2377-4726-aabc-e71afc22fbe0', 'Ramos Corp', 'Electrician', 47, 'Completed');
INSERT INTO public.jobseeker_experience (id, jobseeker_id, company_name, position, number_of_months, status) VALUES ('fdbf1402-4438-4077-bcf8-e1cd7b7bb629', 'a6e059b9-2377-4726-aabc-e71afc22fbe0', 'Gonzalez Corp', 'Chef', 9, 'Completed');
INSERT INTO public.jobseeker_experience (id, jobseeker_id, company_name, position, number_of_months, status) VALUES ('50527899-d2d7-4b00-af9a-0db78b88833e', 'a6e059b9-2377-4726-aabc-e71afc22fbe0', 'Gutierrez Corp', 'Administrative Assistant', 26, 'Completed');
INSERT INTO public.jobseeker_trainings (id, jobseeker_id, course, hours_of_training, training_institution) VALUES ('5a30f523-ed47-4d6a-a4c5-a34073fd8139', 'a6e059b9-2377-4726-aabc-e71afc22fbe0', 'Customer Service Excellence', 62, 'TESDA Gensan');
INSERT INTO public.jobseeker_trainings (id, jobseeker_id, course, hours_of_training, training_institution) VALUES ('f991311c-92f9-4a66-a30c-78f4db776581', 'a6e059b9-2377-4726-aabc-e71afc22fbe0', 'Web Development', 39, 'TESDA Gensan');
INSERT INTO public.jobseekers (id, email, first_name, last_name, birth_date, gender, civil_status, is_pwd, phone, barangay, city, province, employment_status, is_active, job_seeking_status, profile_complete, profile_completeness, work_setup_preference, expected_salary_min, preferred_occupation_1, preferred_occupation_2, preferred_work_location_local_1, preferred_work_location_local_2, preference_full_time, preference_part_time) VALUES ('08d9e614-fb88-49e5-bd0b-83d6b75ecbc0', 'jobseeker92@example.com', 'Mario', 'Ramos', '1990-01-01', 'Female', 'Single', false, '09577619991', 'Ligaya', 'General Santos City', 'South Cotabato', 'Unemployed', true, 'not_looking', true, 100, 'any', 17339, 'Security Guard', 'Cashier', 'Sinawal, General Santos City', 'Sinawal, General Santos City', true, false);
INSERT INTO public.jobseeker_education (id, jobseeker_id, currently_in_school, level, course, year_graduated, school_name) VALUES ('94c6158b-55cd-4c85-a2e3-bd2fe440d163', '08d9e614-fb88-49e5-bd0b-83d6b75ecbc0', false, 'College Graduate', 'BS Engineering', '2021', 'Mindanao State University');
INSERT INTO public.jobseeker_education (id, jobseeker_id, currently_in_school, level, course, year_graduated, school_name) VALUES ('67ba36b0-bba0-4524-84ca-76da019cadfd', '08d9e614-fb88-49e5-bd0b-83d6b75ecbc0', false, 'College Graduate', 'BS Engineering', '2010', 'Mindanao State University');
INSERT INTO public.jobseeker_education (id, jobseeker_id, currently_in_school, level, course, year_graduated, school_name) VALUES ('ad315a98-167b-42f9-9f2e-e5ce19b61b49', '08d9e614-fb88-49e5-bd0b-83d6b75ecbc0', false, 'College Graduate', 'BS Nursing', '2013', 'Mindanao State University');
INSERT INTO public.jobseeker_education (id, jobseeker_id, currently_in_school, level, course, year_graduated, school_name) VALUES ('70a5fff2-6551-4ab1-a20f-4aee1fe8e4a9', '08d9e614-fb88-49e5-bd0b-83d6b75ecbc0', false, 'College Graduate', 'BS Nursing', '2022', 'Mindanao State University');
INSERT INTO public.jobseeker_experience (id, jobseeker_id, company_name, position, number_of_months, status) VALUES ('a8c8bf35-a35e-4c80-84b2-f4a3cf4f8971', '08d9e614-fb88-49e5-bd0b-83d6b75ecbc0', 'Serrano Corp', 'Sales Representative', 56, 'Completed');
INSERT INTO public.jobseeker_experience (id, jobseeker_id, company_name, position, number_of_months, status) VALUES ('44b71ab3-1cce-4c8e-a07d-b3f556ce099b', '08d9e614-fb88-49e5-bd0b-83d6b75ecbc0', 'Gutierrez Corp', 'Fishery Worker', 34, 'Completed');
INSERT INTO public.jobseeker_trainings (id, jobseeker_id, course, hours_of_training, training_institution) VALUES ('1c3b5f94-7dce-4eca-bef8-580abf6ec999', '08d9e614-fb88-49e5-bd0b-83d6b75ecbc0', 'TESDA NC II', 43, 'TESDA Gensan');
INSERT INTO public.jobseekers (id, email, first_name, last_name, birth_date, gender, civil_status, is_pwd, phone, barangay, city, province, employment_status, is_active, job_seeking_status, profile_complete, profile_completeness, work_setup_preference, expected_salary_min, preferred_occupation_1, preferred_occupation_2, preferred_work_location_local_1, preferred_work_location_local_2, preference_full_time, preference_part_time) VALUES ('bf907ddd-e2b7-4da4-ae92-eaf585dccf6c', 'jobseeker93@example.com', 'Diego', 'Sanchez', '1990-01-01', 'Male', 'Single', false, '09819458388', 'Batomelong', 'General Santos City', 'South Cotabato', 'Unemployed', true, 'actively_looking', true, 100, 'onsite', 22213, 'Marketing Specialist', 'Manager', 'Sinawal, General Santos City', 'Calumpang, General Santos City', true, false);
INSERT INTO public.jobseeker_education (id, jobseeker_id, currently_in_school, level, course, year_graduated, school_name) VALUES ('8b7d5441-b89e-4083-8b7a-0e76c0f4a05d', 'bf907ddd-e2b7-4da4-ae92-eaf585dccf6c', false, 'College Graduate', 'BS IT', '2014', 'Mindanao State University');
INSERT INTO public.jobseeker_education (id, jobseeker_id, currently_in_school, level, course, year_graduated, school_name) VALUES ('bc7b6c98-fadc-489f-8af5-1c15c2bc0de7', 'bf907ddd-e2b7-4da4-ae92-eaf585dccf6c', false, 'College Graduate', 'BS Education', '2013', 'Mindanao State University');
INSERT INTO public.jobseeker_education (id, jobseeker_id, currently_in_school, level, course, year_graduated, school_name) VALUES ('da9fb491-dc4c-4f66-8ab5-f467d8251b85', 'bf907ddd-e2b7-4da4-ae92-eaf585dccf6c', false, 'College Graduate', 'BS Nursing', '2012', 'Mindanao State University');
INSERT INTO public.jobseeker_education (id, jobseeker_id, currently_in_school, level, course, year_graduated, school_name) VALUES ('b7de152b-a21e-4b53-8148-995fd5b4a70f', 'bf907ddd-e2b7-4da4-ae92-eaf585dccf6c', false, 'College Graduate', 'BS Engineering', '2019', 'Mindanao State University');
INSERT INTO public.jobseeker_education (id, jobseeker_id, currently_in_school, level, course, year_graduated, school_name) VALUES ('790a40e1-810f-4bff-b890-6d9c53a28a1a', 'bf907ddd-e2b7-4da4-ae92-eaf585dccf6c', false, 'College Graduate', 'BS Nursing', '2018', 'Mindanao State University');
INSERT INTO public.jobseeker_experience (id, jobseeker_id, company_name, position, number_of_months, status) VALUES ('e3108120-191c-4e46-91ac-80a1420959c3', 'bf907ddd-e2b7-4da4-ae92-eaf585dccf6c', 'Navarro Corp', 'Driver', 45, 'Completed');
INSERT INTO public.jobseeker_experience (id, jobseeker_id, company_name, position, number_of_months, status) VALUES ('8bab8d91-cbb7-45a5-aa96-2f053b867801', 'bf907ddd-e2b7-4da4-ae92-eaf585dccf6c', 'Suarez Corp', 'Accountant', 13, 'Completed');
INSERT INTO public.jobseeker_experience (id, jobseeker_id, company_name, position, number_of_months, status) VALUES ('41269b71-769c-4dbb-a7ea-0bc52cebc1bb', 'bf907ddd-e2b7-4da4-ae92-eaf585dccf6c', 'Gil Corp', 'Fishery Worker', 53, 'Completed');
INSERT INTO public.jobseeker_experience (id, jobseeker_id, company_name, position, number_of_months, status) VALUES ('5eb1e808-9b64-4f46-817a-ea556db31305', 'bf907ddd-e2b7-4da4-ae92-eaf585dccf6c', 'Diaz Corp', 'Janitor', 21, 'Completed');
INSERT INTO public.jobseeker_trainings (id, jobseeker_id, course, hours_of_training, training_institution) VALUES ('1af4d4df-f1fc-47a1-a6ee-ff15dbb58bba', 'bf907ddd-e2b7-4da4-ae92-eaf585dccf6c', 'Web Development', 108, 'TESDA Gensan');
INSERT INTO public.jobseeker_trainings (id, jobseeker_id, course, hours_of_training, training_institution) VALUES ('42c5eef3-3100-4949-9032-d4cbc4dbac2e', 'bf907ddd-e2b7-4da4-ae92-eaf585dccf6c', 'First Aid', 98, 'TESDA Gensan');
INSERT INTO public.jobseekers (id, email, first_name, last_name, birth_date, gender, civil_status, is_pwd, phone, barangay, city, province, employment_status, is_active, job_seeking_status, profile_complete, profile_completeness, work_setup_preference, expected_salary_min, preferred_occupation_1, preferred_occupation_2, preferred_work_location_local_1, preferred_work_location_local_2, preference_full_time, preference_part_time) VALUES ('c55ff359-6bdd-4987-98db-bc2ae3f3b7ab', 'jobseeker94@example.com', 'Juan', 'Hernandez', '1990-01-01', 'Female', 'Single', false, '09190751313', 'Baluan', 'General Santos City', 'South Cotabato', 'Unemployed', true, 'not_looking', true, 100, 'onsite', 23220, 'Accountant', 'Electrician', 'Baluan, General Santos City', 'Calumpang, General Santos City', true, false);
INSERT INTO public.jobseeker_education (id, jobseeker_id, currently_in_school, level, course, year_graduated, school_name) VALUES ('25e19e24-c69e-48e8-b23a-817281d5e5ea', 'c55ff359-6bdd-4987-98db-bc2ae3f3b7ab', false, 'College Graduate', 'BS Nursing', '2011', 'Mindanao State University');
INSERT INTO public.jobseeker_education (id, jobseeker_id, currently_in_school, level, course, year_graduated, school_name) VALUES ('ec3648b0-8962-41f9-9766-ac86dfd28011', 'c55ff359-6bdd-4987-98db-bc2ae3f3b7ab', false, 'College Graduate', 'BS IT', '2010', 'Mindanao State University');
INSERT INTO public.jobseeker_education (id, jobseeker_id, currently_in_school, level, course, year_graduated, school_name) VALUES ('e8735a6b-9ab1-4cb5-9b3f-f1bd68bc3e19', 'c55ff359-6bdd-4987-98db-bc2ae3f3b7ab', false, 'College Graduate', 'BS Nursing', '2022', 'Mindanao State University');
INSERT INTO public.jobseeker_education (id, jobseeker_id, currently_in_school, level, course, year_graduated, school_name) VALUES ('22869254-f7f8-41d5-bb30-c2d6501c0eb0', 'c55ff359-6bdd-4987-98db-bc2ae3f3b7ab', false, 'College Graduate', 'BS IT', '2021', 'Mindanao State University');
INSERT INTO public.jobseeker_experience (id, jobseeker_id, company_name, position, number_of_months, status) VALUES ('5968ffba-87e9-425a-9ede-9c31931b68ed', 'c55ff359-6bdd-4987-98db-bc2ae3f3b7ab', 'Gil Corp', 'Tuna Grader', 43, 'Completed');
INSERT INTO public.jobseeker_experience (id, jobseeker_id, company_name, position, number_of_months, status) VALUES ('f41fd42e-a17e-4206-860a-44b809fd11e0', 'c55ff359-6bdd-4987-98db-bc2ae3f3b7ab', 'Blanco Corp', 'Warehouse Worker', 20, 'Completed');
INSERT INTO public.jobseeker_experience (id, jobseeker_id, company_name, position, number_of_months, status) VALUES ('2e652d8c-b154-44b3-8ea3-290ef7bfb9ee', 'c55ff359-6bdd-4987-98db-bc2ae3f3b7ab', 'Rodriguez Corp', 'Sales Representative', 40, 'Completed');
INSERT INTO public.jobseeker_trainings (id, jobseeker_id, course, hours_of_training, training_institution) VALUES ('67d6cd63-2392-4773-9c92-951f92091fc8', 'c55ff359-6bdd-4987-98db-bc2ae3f3b7ab', 'First Aid', 114, 'TESDA Gensan');
INSERT INTO public.jobseekers (id, email, first_name, last_name, birth_date, gender, civil_status, is_pwd, phone, barangay, city, province, employment_status, is_active, job_seeking_status, profile_complete, profile_completeness, work_setup_preference, expected_salary_min, preferred_occupation_1, preferred_occupation_2, preferred_work_location_local_1, preferred_work_location_local_2, preference_full_time, preference_part_time) VALUES ('53c30b40-be6c-45bf-aa76-e5a54c6d09ff', 'jobseeker95@example.com', 'Sara', 'Torres', '1990-01-01', 'Male', 'Single', false, '09394772081', 'Labangal', 'General Santos City', 'South Cotabato', 'Unemployed', true, 'not_looking', true, 100, 'hybrid', 22800, 'Security Guard', 'Captain', 'Baluan, General Santos City', 'Mabuhay, General Santos City', true, false);
INSERT INTO public.jobseeker_education (id, jobseeker_id, currently_in_school, level, course, year_graduated, school_name) VALUES ('d7ab5411-868b-40b3-9c53-670204f3d8c0', '53c30b40-be6c-45bf-aa76-e5a54c6d09ff', false, 'College Graduate', 'BS Nursing', '2014', 'Mindanao State University');
INSERT INTO public.jobseeker_education (id, jobseeker_id, currently_in_school, level, course, year_graduated, school_name) VALUES ('536acc99-da8c-4f00-9ef7-1b553cb61261', '53c30b40-be6c-45bf-aa76-e5a54c6d09ff', false, 'College Graduate', 'BS Engineering', '2015', 'Mindanao State University');
INSERT INTO public.jobseeker_education (id, jobseeker_id, currently_in_school, level, course, year_graduated, school_name) VALUES ('8d1c88d2-de9b-4d98-95ab-1ad31a71695a', '53c30b40-be6c-45bf-aa76-e5a54c6d09ff', false, 'College Graduate', 'BS Nursing', '2016', 'Mindanao State University');
INSERT INTO public.jobseeker_education (id, jobseeker_id, currently_in_school, level, course, year_graduated, school_name) VALUES ('5c26a5a9-fe19-4121-91ba-3bb36639b146', '53c30b40-be6c-45bf-aa76-e5a54c6d09ff', false, 'College Graduate', 'BS IT', '2013', 'Mindanao State University');
INSERT INTO public.jobseeker_education (id, jobseeker_id, currently_in_school, level, course, year_graduated, school_name) VALUES ('23658808-75d3-4f7a-86b3-51ad508f5fa0', '53c30b40-be6c-45bf-aa76-e5a54c6d09ff', false, 'College Graduate', 'BS IT', '2022', 'Mindanao State University');
INSERT INTO public.jobseeker_experience (id, jobseeker_id, company_name, position, number_of_months, status) VALUES ('90a1f11a-c9eb-495b-8237-3dbfeef5d3ff', '53c30b40-be6c-45bf-aa76-e5a54c6d09ff', 'Gil Corp', 'HR Officer', 45, 'Completed');
INSERT INTO public.jobseeker_experience (id, jobseeker_id, company_name, position, number_of_months, status) VALUES ('ef7aece2-dd26-4f7f-a6b5-afb0c57b752d', '53c30b40-be6c-45bf-aa76-e5a54c6d09ff', 'Suarez Corp', 'Marketing Specialist', 48, 'Completed');
INSERT INTO public.jobseeker_experience (id, jobseeker_id, company_name, position, number_of_months, status) VALUES ('b3b6f645-bd7b-4943-8a52-8234b97c44c4', '53c30b40-be6c-45bf-aa76-e5a54c6d09ff', 'Gonzalez Corp', 'Driver', 29, 'Completed');
INSERT INTO public.jobseeker_experience (id, jobseeker_id, company_name, position, number_of_months, status) VALUES ('dbf7a7b2-9c3f-4915-9ecd-70af1c530b4a', '53c30b40-be6c-45bf-aa76-e5a54c6d09ff', 'Romero Corp', 'Marketing Specialist', 46, 'Completed');
INSERT INTO public.jobseeker_experience (id, jobseeker_id, company_name, position, number_of_months, status) VALUES ('80066b11-6472-4ba0-90b5-a7590d03cfec', '53c30b40-be6c-45bf-aa76-e5a54c6d09ff', 'Martin Corp', 'Waitress', 47, 'Completed');
INSERT INTO public.jobseeker_trainings (id, jobseeker_id, course, hours_of_training, training_institution) VALUES ('f70630c3-42fd-497c-82a9-07d74d4b9f17', '53c30b40-be6c-45bf-aa76-e5a54c6d09ff', 'First Aid', 58, 'TESDA Gensan');
INSERT INTO public.jobseekers (id, email, first_name, last_name, birth_date, gender, civil_status, is_pwd, phone, barangay, city, province, employment_status, is_active, job_seeking_status, profile_complete, profile_completeness, work_setup_preference, expected_salary_min, preferred_occupation_1, preferred_occupation_2, preferred_work_location_local_1, preferred_work_location_local_2, preference_full_time, preference_part_time) VALUES ('b29eb9d5-beee-45de-96e8-0854129bf428', 'jobseeker96@example.com', 'Jorge', 'Perez', '1990-01-01', 'Female', 'Single', false, '09409027040', 'Sinawal', 'General Santos City', 'South Cotabato', 'Unemployed', true, 'actively_looking', true, 100, 'hybrid', 22205, 'Quality Control Inspector', 'Cashier', 'Apopong, General Santos City', 'Labangal, General Santos City', true, false);
INSERT INTO public.jobseeker_education (id, jobseeker_id, currently_in_school, level, course, year_graduated, school_name) VALUES ('751f200c-b48c-4a32-b191-16bf4f7feca7', 'b29eb9d5-beee-45de-96e8-0854129bf428', false, 'College Graduate', 'BS IT', '2016', 'Mindanao State University');
INSERT INTO public.jobseeker_education (id, jobseeker_id, currently_in_school, level, course, year_graduated, school_name) VALUES ('9956aae4-04d4-43d5-a9b7-cfbc5f3a7138', 'b29eb9d5-beee-45de-96e8-0854129bf428', false, 'College Graduate', 'BS IT', '2015', 'Mindanao State University');
INSERT INTO public.jobseeker_education (id, jobseeker_id, currently_in_school, level, course, year_graduated, school_name) VALUES ('8a3bc3aa-78b9-4529-ac53-78aa5a52cf91', 'b29eb9d5-beee-45de-96e8-0854129bf428', false, 'College Graduate', 'BS Engineering', '2017', 'Mindanao State University');
INSERT INTO public.jobseeker_education (id, jobseeker_id, currently_in_school, level, course, year_graduated, school_name) VALUES ('8ae378ce-349e-4e1a-9e3f-3ff4c9d6c1ae', 'b29eb9d5-beee-45de-96e8-0854129bf428', false, 'College Graduate', 'BS Education', '2020', 'Mindanao State University');
INSERT INTO public.jobseeker_experience (id, jobseeker_id, company_name, position, number_of_months, status) VALUES ('73628f0a-ac41-4dd2-84df-24c0cb48f0e7', 'b29eb9d5-beee-45de-96e8-0854129bf428', 'Navarro Corp', 'Fishery Worker', 13, 'Completed');
INSERT INTO public.jobseeker_experience (id, jobseeker_id, company_name, position, number_of_months, status) VALUES ('f0fbfe5b-dba6-4e11-bafa-737ccc0db9cf', 'b29eb9d5-beee-45de-96e8-0854129bf428', 'Gil Corp', 'Waitress', 22, 'Completed');
INSERT INTO public.jobseeker_trainings (id, jobseeker_id, course, hours_of_training, training_institution) VALUES ('dff1a1de-62cf-4293-95be-d1e3285cf92d', 'b29eb9d5-beee-45de-96e8-0854129bf428', 'Web Development', 30, 'TESDA Gensan');
INSERT INTO public.jobseekers (id, email, first_name, last_name, birth_date, gender, civil_status, is_pwd, phone, barangay, city, province, employment_status, is_active, job_seeking_status, profile_complete, profile_completeness, work_setup_preference, expected_salary_min, preferred_occupation_1, preferred_occupation_2, preferred_work_location_local_1, preferred_work_location_local_2, preference_full_time, preference_part_time) VALUES ('824af7db-1796-4022-a246-30d487c89108', 'jobseeker97@example.com', 'Manuel', 'Navarro', '1990-01-01', 'Female', 'Single', false, '09144890863', 'Tinagacan', 'General Santos City', 'South Cotabato', 'Unemployed', true, 'open', true, 100, 'remote', 18487, 'Manager', 'Cashier', 'Olympog, General Santos City', 'Baluan, General Santos City', true, false);
INSERT INTO public.jobseeker_education (id, jobseeker_id, currently_in_school, level, course, year_graduated, school_name) VALUES ('99241ba4-bd54-4e2a-958d-33be0037f558', '824af7db-1796-4022-a246-30d487c89108', false, 'College Graduate', 'BS IT', '2018', 'Mindanao State University');
INSERT INTO public.jobseeker_education (id, jobseeker_id, currently_in_school, level, course, year_graduated, school_name) VALUES ('fa83010c-89bb-4f0c-80f1-a066696ac92b', '824af7db-1796-4022-a246-30d487c89108', false, 'College Graduate', 'BS IT', '2019', 'Mindanao State University');
INSERT INTO public.jobseeker_education (id, jobseeker_id, currently_in_school, level, course, year_graduated, school_name) VALUES ('9f62c6f7-d457-4cb7-9a5f-1217e4f09255', '824af7db-1796-4022-a246-30d487c89108', false, 'College Graduate', 'BS Business Administration', '2014', 'Mindanao State University');
INSERT INTO public.jobseeker_experience (id, jobseeker_id, company_name, position, number_of_months, status) VALUES ('ba3703d3-0ca4-4971-90ac-f9270d1d0a4a', '824af7db-1796-4022-a246-30d487c89108', 'Ramirez Corp', 'Mechanic', 26, 'Completed');
INSERT INTO public.jobseeker_experience (id, jobseeker_id, company_name, position, number_of_months, status) VALUES ('8dc087ed-636b-4bfa-88fb-8e86465bba86', '824af7db-1796-4022-a246-30d487c89108', 'Torres Corp', 'Nurse', 20, 'Completed');
INSERT INTO public.jobseeker_experience (id, jobseeker_id, company_name, position, number_of_months, status) VALUES ('ddd2ccfe-f37f-4e22-bee1-6d8ff7934893', '824af7db-1796-4022-a246-30d487c89108', 'Ramos Corp', 'Carpenter', 16, 'Completed');
INSERT INTO public.jobseeker_experience (id, jobseeker_id, company_name, position, number_of_months, status) VALUES ('34a3ce87-5892-49b6-9e17-c841a0903f68', '824af7db-1796-4022-a246-30d487c89108', 'Lopez Corp', 'Software Engineer', 18, 'Completed');
INSERT INTO public.jobseeker_trainings (id, jobseeker_id, course, hours_of_training, training_institution) VALUES ('3ef3bf16-20fd-42eb-82e2-aae654a98d98', '824af7db-1796-4022-a246-30d487c89108', 'TESDA NC II', 41, 'TESDA Gensan');
INSERT INTO public.jobseeker_trainings (id, jobseeker_id, course, hours_of_training, training_institution) VALUES ('c8114e34-e3f5-4b84-afcd-e9cc04e8c79b', '824af7db-1796-4022-a246-30d487c89108', 'TESDA NC II', 68, 'TESDA Gensan');
INSERT INTO public.jobseekers (id, email, first_name, last_name, birth_date, gender, civil_status, is_pwd, phone, barangay, city, province, employment_status, is_active, job_seeking_status, profile_complete, profile_completeness, work_setup_preference, expected_salary_min, preferred_occupation_1, preferred_occupation_2, preferred_work_location_local_1, preferred_work_location_local_2, preference_full_time, preference_part_time) VALUES ('5898000b-8f44-4a2d-8a24-e736572f10ee', 'jobseeker98@example.com', 'Rafael', 'Martinez', '1990-01-01', 'Male', 'Single', false, '09634323170', 'Mabuhay', 'General Santos City', 'South Cotabato', 'Unemployed', true, 'actively_looking', true, 100, 'any', 21581, 'Manager', 'Teacher', 'San Jose, General Santos City', 'Conel, General Santos City', true, false);
INSERT INTO public.jobseeker_education (id, jobseeker_id, currently_in_school, level, course, year_graduated, school_name) VALUES ('949e8927-1250-4f46-94f4-ccb13d15a107', '5898000b-8f44-4a2d-8a24-e736572f10ee', false, 'College Graduate', 'BS IT', '2010', 'Mindanao State University');
INSERT INTO public.jobseeker_education (id, jobseeker_id, currently_in_school, level, course, year_graduated, school_name) VALUES ('65cfcf2e-22c7-4c22-a646-92d744c49af8', '5898000b-8f44-4a2d-8a24-e736572f10ee', false, 'College Graduate', 'BS Business Administration', '2011', 'Mindanao State University');
INSERT INTO public.jobseeker_education (id, jobseeker_id, currently_in_school, level, course, year_graduated, school_name) VALUES ('764593c1-462f-4e2b-a9e8-7815ebdd75e4', '5898000b-8f44-4a2d-8a24-e736572f10ee', false, 'College Graduate', 'BS Business Administration', '2021', 'Mindanao State University');
INSERT INTO public.jobseeker_education (id, jobseeker_id, currently_in_school, level, course, year_graduated, school_name) VALUES ('54975013-8424-47a1-a5b4-ed45eb162459', '5898000b-8f44-4a2d-8a24-e736572f10ee', false, 'College Graduate', 'BS Business Administration', '2012', 'Mindanao State University');
INSERT INTO public.jobseeker_education (id, jobseeker_id, currently_in_school, level, course, year_graduated, school_name) VALUES ('05c4d210-69f2-4690-9b7e-4fe0960c30f3', '5898000b-8f44-4a2d-8a24-e736572f10ee', false, 'College Graduate', 'BS Engineering', '2022', 'Mindanao State University');
INSERT INTO public.jobseeker_experience (id, jobseeker_id, company_name, position, number_of_months, status) VALUES ('ba5d23e9-a4e5-4503-88df-f9bfe8b5af3a', '5898000b-8f44-4a2d-8a24-e736572f10ee', 'Gutierrez Corp', 'Cashier', 24, 'Completed');
INSERT INTO public.jobseeker_experience (id, jobseeker_id, company_name, position, number_of_months, status) VALUES ('044ae482-3e2c-45de-bfc2-e8e14f98f2dc', '5898000b-8f44-4a2d-8a24-e736572f10ee', 'Rodriguez Corp', 'Captain', 39, 'Completed');
INSERT INTO public.jobseeker_experience (id, jobseeker_id, company_name, position, number_of_months, status) VALUES ('539fd6d0-6378-4166-be48-4420a70a62c4', '5898000b-8f44-4a2d-8a24-e736572f10ee', 'Gil Corp', 'Nurse', 27, 'Completed');
INSERT INTO public.jobseeker_trainings (id, jobseeker_id, course, hours_of_training, training_institution) VALUES ('1ec91d94-baf8-42f3-9033-bd471f4d5291', '5898000b-8f44-4a2d-8a24-e736572f10ee', 'Customer Service Excellence', 36, 'TESDA Gensan');
INSERT INTO public.jobseeker_trainings (id, jobseeker_id, course, hours_of_training, training_institution) VALUES ('23c33e3e-803d-4a24-88d3-f364c0f171ee', '5898000b-8f44-4a2d-8a24-e736572f10ee', 'Customer Service Excellence', 56, 'TESDA Gensan');
INSERT INTO public.jobseekers (id, email, first_name, last_name, birth_date, gender, civil_status, is_pwd, phone, barangay, city, province, employment_status, is_active, job_seeking_status, profile_complete, profile_completeness, work_setup_preference, expected_salary_min, preferred_occupation_1, preferred_occupation_2, preferred_work_location_local_1, preferred_work_location_local_2, preference_full_time, preference_part_time) VALUES ('455ecd27-0153-4742-9fe9-d072e83c1787', 'jobseeker99@example.com', 'Elena', 'Gutierrez', '1990-01-01', 'Male', 'Single', false, '09334925911', 'Fatima', 'General Santos City', 'South Cotabato', 'Unemployed', true, 'actively_looking', true, 100, 'remote', 22831, 'Sales Representative', 'Warehouse Worker', 'Katangawan, General Santos City', 'Baluan, General Santos City', true, false);
INSERT INTO public.jobseeker_education (id, jobseeker_id, currently_in_school, level, course, year_graduated, school_name) VALUES ('2d4bca14-215d-43a6-84f4-2dc6cff98b18', '455ecd27-0153-4742-9fe9-d072e83c1787', false, 'College Graduate', 'BS Education', '2016', 'Mindanao State University');
INSERT INTO public.jobseeker_education (id, jobseeker_id, currently_in_school, level, course, year_graduated, school_name) VALUES ('b448bf7f-72ef-428d-8217-87de4993854e', '455ecd27-0153-4742-9fe9-d072e83c1787', false, 'College Graduate', 'BS IT', '2023', 'Mindanao State University');
INSERT INTO public.jobseeker_experience (id, jobseeker_id, company_name, position, number_of_months, status) VALUES ('17404a9e-d6cb-485e-8dd3-9f30881b28b8', '455ecd27-0153-4742-9fe9-d072e83c1787', 'Serrano Corp', 'Receptionist', 16, 'Completed');
INSERT INTO public.jobseeker_experience (id, jobseeker_id, company_name, position, number_of_months, status) VALUES ('b16a386a-1fed-4643-83d9-4f0c81690092', '455ecd27-0153-4742-9fe9-d072e83c1787', 'Gomez Corp', 'Waitress', 16, 'Completed');
INSERT INTO public.jobseeker_experience (id, jobseeker_id, company_name, position, number_of_months, status) VALUES ('d26e4a29-cf21-4f5c-8cd9-f5b9183e56f1', '455ecd27-0153-4742-9fe9-d072e83c1787', 'Gonzalez Corp', 'Driver', 24, 'Completed');
INSERT INTO public.jobseeker_trainings (id, jobseeker_id, course, hours_of_training, training_institution) VALUES ('4c28688f-c785-4bfe-8f53-8e900f58f19b', '455ecd27-0153-4742-9fe9-d072e83c1787', 'First Aid', 27, 'TESDA Gensan');
INSERT INTO public.jobseeker_trainings (id, jobseeker_id, course, hours_of_training, training_institution) VALUES ('34d98b36-a8b2-422f-8154-eb7126573625', '455ecd27-0153-4742-9fe9-d072e83c1787', 'TESDA NC II', 9, 'TESDA Gensan');
INSERT INTO public.jobseekers (id, email, first_name, last_name, birth_date, gender, civil_status, is_pwd, phone, barangay, city, province, employment_status, is_active, job_seeking_status, profile_complete, profile_completeness, work_setup_preference, expected_salary_min, preferred_occupation_1, preferred_occupation_2, preferred_work_location_local_1, preferred_work_location_local_2, preference_full_time, preference_part_time) VALUES ('71f3ec0e-e3df-4571-b6ca-36520632e05d', 'jobseeker100@example.com', 'Alejandro', 'Sanchez', '1990-01-01', 'Male', 'Single', false, '09488055897', 'Labangal', 'General Santos City', 'South Cotabato', 'Unemployed', true, 'actively_looking', true, 100, 'onsite', 18631, 'Nurse', 'Chef', 'Olympog, General Santos City', 'Baluan, General Santos City', true, false);
INSERT INTO public.jobseeker_education (id, jobseeker_id, currently_in_school, level, course, year_graduated, school_name) VALUES ('8a1f0862-bd3d-40b9-970a-bff268c71edb', '71f3ec0e-e3df-4571-b6ca-36520632e05d', false, 'College Graduate', 'BS IT', '2018', 'Mindanao State University');
INSERT INTO public.jobseeker_education (id, jobseeker_id, currently_in_school, level, course, year_graduated, school_name) VALUES ('5d8cf203-ce19-4b8b-884a-29c9c38fd3b6', '71f3ec0e-e3df-4571-b6ca-36520632e05d', false, 'College Graduate', 'BS Engineering', '2022', 'Mindanao State University');
INSERT INTO public.jobseeker_education (id, jobseeker_id, currently_in_school, level, course, year_graduated, school_name) VALUES ('26c14dff-1633-4d3e-9fc2-630bc41eb402', '71f3ec0e-e3df-4571-b6ca-36520632e05d', false, 'College Graduate', 'BS Business Administration', '2018', 'Mindanao State University');
INSERT INTO public.jobseeker_education (id, jobseeker_id, currently_in_school, level, course, year_graduated, school_name) VALUES ('074c574a-04ca-4df2-92e4-4f3ea4f08ad6', '71f3ec0e-e3df-4571-b6ca-36520632e05d', false, 'College Graduate', 'BS Education', '2023', 'Mindanao State University');
INSERT INTO public.jobseeker_experience (id, jobseeker_id, company_name, position, number_of_months, status) VALUES ('3238d6f1-5217-458e-bc2c-137098ae09a6', '71f3ec0e-e3df-4571-b6ca-36520632e05d', 'Martin Corp', 'Software Engineer', 17, 'Completed');
INSERT INTO public.jobseeker_experience (id, jobseeker_id, company_name, position, number_of_months, status) VALUES ('74ad1199-d6b4-4b61-9169-69c9825bf7ab', '71f3ec0e-e3df-4571-b6ca-36520632e05d', 'Serrano Corp', 'Sales Representative', 11, 'Completed');
INSERT INTO public.jobseeker_experience (id, jobseeker_id, company_name, position, number_of_months, status) VALUES ('fd269b2d-a8a2-41d6-bd57-07bc21a2ae52', '71f3ec0e-e3df-4571-b6ca-36520632e05d', 'Gonzalez Corp', 'Security Guard', 22, 'Completed');
INSERT INTO public.jobseeker_experience (id, jobseeker_id, company_name, position, number_of_months, status) VALUES ('f0feec48-e5d4-44c6-88c2-10e0b37c7618', '71f3ec0e-e3df-4571-b6ca-36520632e05d', 'Moreno Corp', 'Sales Representative', 34, 'Completed');
INSERT INTO public.jobseeker_experience (id, jobseeker_id, company_name, position, number_of_months, status) VALUES ('aef3e70f-1e4e-46a6-9131-e55935add967', '71f3ec0e-e3df-4571-b6ca-36520632e05d', 'Torres Corp', 'Carpenter', 28, 'Completed');
INSERT INTO public.jobseeker_trainings (id, jobseeker_id, course, hours_of_training, training_institution) VALUES ('300b2bbf-de2f-452e-9b50-b2aa95a30cd8', '71f3ec0e-e3df-4571-b6ca-36520632e05d', 'First Aid', 76, 'TESDA Gensan');
INSERT INTO public.jobseeker_trainings (id, jobseeker_id, course, hours_of_training, training_institution) VALUES ('5f73809c-7d2b-4bda-800b-d3ea20bee3e4', '71f3ec0e-e3df-4571-b6ca-36520632e05d', 'TESDA NC II', 15, 'TESDA Gensan');
INSERT INTO public.jobseekers (id, email, first_name, last_name, birth_date, gender, civil_status, is_pwd, phone, barangay, city, province, employment_status, is_active, job_seeking_status, profile_complete, profile_completeness, work_setup_preference, expected_salary_min, preferred_occupation_1, preferred_occupation_2, preferred_work_location_local_1, preferred_work_location_local_2, preference_full_time, preference_part_time) VALUES ('b4332037-240b-43f8-855d-6073f774c471', 'jobseeker101@example.com', 'Daniel', 'Fernandez', '1990-01-01', 'Female', 'Single', false, '09776772100', 'Ligaya', 'General Santos City', 'South Cotabato', 'Unemployed', true, 'actively_looking', true, 100, 'remote', 17825, 'Nurse', 'Captain', 'Dadiangas North, General Santos City', 'Sinawal, General Santos City', true, false);
INSERT INTO public.jobseeker_education (id, jobseeker_id, currently_in_school, level, course, year_graduated, school_name) VALUES ('75d96e94-8c48-48c4-abe0-b8ba4ac4b298', 'b4332037-240b-43f8-855d-6073f774c471', false, 'College Graduate', 'BS Engineering', '2011', 'Mindanao State University');
INSERT INTO public.jobseeker_education (id, jobseeker_id, currently_in_school, level, course, year_graduated, school_name) VALUES ('29ad5173-8ff6-4bb4-8acf-bc30c81140d8', 'b4332037-240b-43f8-855d-6073f774c471', false, 'College Graduate', 'BS IT', '2010', 'Mindanao State University');
INSERT INTO public.jobseeker_experience (id, jobseeker_id, company_name, position, number_of_months, status) VALUES ('23d07396-7b25-40c0-9a90-7e037d7e1e12', 'b4332037-240b-43f8-855d-6073f774c471', 'Jimenez Corp', 'Carpenter', 27, 'Completed');
INSERT INTO public.jobseeker_experience (id, jobseeker_id, company_name, position, number_of_months, status) VALUES ('912b9ff8-be8e-44f4-b2a7-1ab9ad29629b', 'b4332037-240b-43f8-855d-6073f774c471', 'Martin Corp', 'HR Officer', 51, 'Completed');
INSERT INTO public.jobseeker_experience (id, jobseeker_id, company_name, position, number_of_months, status) VALUES ('5ad27e7b-c433-4cbe-b2fb-51e0f3799ffa', 'b4332037-240b-43f8-855d-6073f774c471', 'Gonzalez Corp', 'Mechanic', 35, 'Completed');
INSERT INTO public.jobseeker_experience (id, jobseeker_id, company_name, position, number_of_months, status) VALUES ('06933b03-600c-47e3-b886-ae4738c112d2', 'b4332037-240b-43f8-855d-6073f774c471', 'Ruiz Corp', 'Administrative Assistant', 34, 'Completed');
INSERT INTO public.jobseeker_experience (id, jobseeker_id, company_name, position, number_of_months, status) VALUES ('19b10648-2a91-4622-b29d-04b181d19a7c', 'b4332037-240b-43f8-855d-6073f774c471', 'Dominguez Corp', 'Fishery Worker', 13, 'Completed');
INSERT INTO public.jobseeker_trainings (id, jobseeker_id, course, hours_of_training, training_institution) VALUES ('307e79e0-03b8-4fce-92c1-eef0a02eb33b', 'b4332037-240b-43f8-855d-6073f774c471', 'Leadership Training', 73, 'TESDA Gensan');
INSERT INTO public.jobseeker_trainings (id, jobseeker_id, course, hours_of_training, training_institution) VALUES ('d3b14fc5-f5f5-4695-8908-f5167cfe7a4d', 'b4332037-240b-43f8-855d-6073f774c471', 'Web Development', 24, 'TESDA Gensan');
INSERT INTO public.jobseekers (id, email, first_name, last_name, birth_date, gender, civil_status, is_pwd, phone, barangay, city, province, employment_status, is_active, job_seeking_status, profile_complete, profile_completeness, work_setup_preference, expected_salary_min, preferred_occupation_1, preferred_occupation_2, preferred_work_location_local_1, preferred_work_location_local_2, preference_full_time, preference_part_time) VALUES ('c838a6a3-bbc1-4e40-8d76-081d03288d84', 'jobseeker102@example.com', 'Rosa', 'Perez', '1990-01-01', 'Female', 'Single', false, '09471857381', 'Olympog', 'General Santos City', 'South Cotabato', 'Unemployed', true, 'open', true, 100, 'remote', 20037, 'Janitor', 'Data Analyst', 'San Isidro, General Santos City', 'Sinawal, General Santos City', true, false);
INSERT INTO public.jobseeker_education (id, jobseeker_id, currently_in_school, level, course, year_graduated, school_name) VALUES ('655878ca-b7bf-4a27-b8a5-b370b27f705e', 'c838a6a3-bbc1-4e40-8d76-081d03288d84', false, 'College Graduate', 'BS IT', '2016', 'Mindanao State University');
INSERT INTO public.jobseeker_education (id, jobseeker_id, currently_in_school, level, course, year_graduated, school_name) VALUES ('ac324346-63b1-4d54-b603-7d1e3ac6c703', 'c838a6a3-bbc1-4e40-8d76-081d03288d84', false, 'College Graduate', 'BS IT', '2022', 'Mindanao State University');
INSERT INTO public.jobseeker_experience (id, jobseeker_id, company_name, position, number_of_months, status) VALUES ('91d7c4b4-8b99-4a8e-9204-e425f66b12ce', 'c838a6a3-bbc1-4e40-8d76-081d03288d84', 'Rodriguez Corp', 'Quality Control Inspector', 57, 'Completed');
INSERT INTO public.jobseeker_experience (id, jobseeker_id, company_name, position, number_of_months, status) VALUES ('2f9180c7-bac0-41ae-8758-06a1dbe659cc', 'c838a6a3-bbc1-4e40-8d76-081d03288d84', 'Dominguez Corp', 'Quality Control Inspector', 7, 'Completed');
INSERT INTO public.jobseeker_experience (id, jobseeker_id, company_name, position, number_of_months, status) VALUES ('4265ac7b-b82c-45ce-997e-f06bcffe617f', 'c838a6a3-bbc1-4e40-8d76-081d03288d84', 'Ramirez Corp', 'Electrician', 28, 'Completed');
INSERT INTO public.jobseeker_experience (id, jobseeker_id, company_name, position, number_of_months, status) VALUES ('7aa1e9a1-9095-4d66-aa54-379c3dd89204', 'c838a6a3-bbc1-4e40-8d76-081d03288d84', 'Serrano Corp', 'Sales Representative', 51, 'Completed');
INSERT INTO public.jobseeker_experience (id, jobseeker_id, company_name, position, number_of_months, status) VALUES ('63d855fd-0e85-4781-ae32-a8275d9c9d8f', 'c838a6a3-bbc1-4e40-8d76-081d03288d84', 'Torres Corp', 'Carpenter', 55, 'Completed');
INSERT INTO public.jobseeker_trainings (id, jobseeker_id, course, hours_of_training, training_institution) VALUES ('8745dab3-4e1f-4acb-b10c-800ceeb28336', 'c838a6a3-bbc1-4e40-8d76-081d03288d84', 'First Aid', 11, 'TESDA Gensan');
INSERT INTO public.jobseeker_trainings (id, jobseeker_id, course, hours_of_training, training_institution) VALUES ('5bdf4bbd-d57c-46ef-9bde-6a37ee14f021', 'c838a6a3-bbc1-4e40-8d76-081d03288d84', 'First Aid', 17, 'TESDA Gensan');
INSERT INTO public.jobseeker_trainings (id, jobseeker_id, course, hours_of_training, training_institution) VALUES ('2d1a246d-e398-4e4f-b158-0782b0ed983c', 'c838a6a3-bbc1-4e40-8d76-081d03288d84', 'Customer Service Excellence', 21, 'TESDA Gensan');
INSERT INTO public.jobseekers (id, email, first_name, last_name, birth_date, gender, civil_status, is_pwd, phone, barangay, city, province, employment_status, is_active, job_seeking_status, profile_complete, profile_completeness, work_setup_preference, expected_salary_min, preferred_occupation_1, preferred_occupation_2, preferred_work_location_local_1, preferred_work_location_local_2, preference_full_time, preference_part_time) VALUES ('6e8977c0-8f0c-4b76-a0b2-1d27836a9cf9', 'jobseeker103@example.com', 'Francisco', 'Fernandez', '1990-01-01', 'Female', 'Single', false, '09999793952', 'Sinawal', 'General Santos City', 'South Cotabato', 'Unemployed', true, 'not_looking', true, 100, 'onsite', 24299, 'Software Engineer', 'Electrician', 'Siguel, General Santos City', 'Batomelong, General Santos City', true, false);
INSERT INTO public.jobseeker_education (id, jobseeker_id, currently_in_school, level, course, year_graduated, school_name) VALUES ('08de5a4b-b50d-4d81-abe6-725dac08a7cc', '6e8977c0-8f0c-4b76-a0b2-1d27836a9cf9', false, 'College Graduate', 'BS Nursing', '2017', 'Mindanao State University');
INSERT INTO public.jobseeker_education (id, jobseeker_id, currently_in_school, level, course, year_graduated, school_name) VALUES ('9cd11169-b9b2-4ee3-8a33-25dce29b9797', '6e8977c0-8f0c-4b76-a0b2-1d27836a9cf9', false, 'College Graduate', 'BS Engineering', '2023', 'Mindanao State University');
INSERT INTO public.jobseeker_education (id, jobseeker_id, currently_in_school, level, course, year_graduated, school_name) VALUES ('9aff57ab-d776-4848-83ec-248d13bca5ab', '6e8977c0-8f0c-4b76-a0b2-1d27836a9cf9', false, 'College Graduate', 'BS Engineering', '2020', 'Mindanao State University');
INSERT INTO public.jobseeker_education (id, jobseeker_id, currently_in_school, level, course, year_graduated, school_name) VALUES ('7fb4aa86-661f-45c8-a17c-bf7aebedea28', '6e8977c0-8f0c-4b76-a0b2-1d27836a9cf9', false, 'College Graduate', 'BS Engineering', '2010', 'Mindanao State University');
INSERT INTO public.jobseeker_experience (id, jobseeker_id, company_name, position, number_of_months, status) VALUES ('9b3f3281-56f3-44ce-82d6-68dbe6835e15', '6e8977c0-8f0c-4b76-a0b2-1d27836a9cf9', 'Alonso Corp', 'Marketing Specialist', 50, 'Completed');
INSERT INTO public.jobseeker_experience (id, jobseeker_id, company_name, position, number_of_months, status) VALUES ('c4e8ba19-402a-48e1-a1bf-7fc3478aef02', '6e8977c0-8f0c-4b76-a0b2-1d27836a9cf9', 'Gil Corp', 'Tuna Grader', 60, 'Completed');
INSERT INTO public.jobseeker_experience (id, jobseeker_id, company_name, position, number_of_months, status) VALUES ('9be94201-64d3-48ba-86da-3fbf3c7674ab', '6e8977c0-8f0c-4b76-a0b2-1d27836a9cf9', 'Gutierrez Corp', 'Warehouse Worker', 34, 'Completed');
INSERT INTO public.jobseeker_experience (id, jobseeker_id, company_name, position, number_of_months, status) VALUES ('d112eecc-7347-4f38-9840-3e3dc910da47', '6e8977c0-8f0c-4b76-a0b2-1d27836a9cf9', 'Torres Corp', 'Administrative Assistant', 33, 'Completed');
INSERT INTO public.jobseeker_trainings (id, jobseeker_id, course, hours_of_training, training_institution) VALUES ('abf75795-3887-4b11-8b46-6c3f67c9504a', '6e8977c0-8f0c-4b76-a0b2-1d27836a9cf9', 'First Aid', 79, 'TESDA Gensan');
INSERT INTO public.jobseeker_trainings (id, jobseeker_id, course, hours_of_training, training_institution) VALUES ('911a2611-5cdc-4978-bfc0-2621f407f9e1', '6e8977c0-8f0c-4b76-a0b2-1d27836a9cf9', 'First Aid', 106, 'TESDA Gensan');
INSERT INTO public.jobseekers (id, email, first_name, last_name, birth_date, gender, civil_status, is_pwd, phone, barangay, city, province, employment_status, is_active, job_seeking_status, profile_complete, profile_completeness, work_setup_preference, expected_salary_min, preferred_occupation_1, preferred_occupation_2, preferred_work_location_local_1, preferred_work_location_local_2, preference_full_time, preference_part_time) VALUES ('8de7a1a5-4819-43ce-849a-a2587f61990f', 'jobseeker104@example.com', 'Teresa', 'Moreno', '1990-01-01', 'Female', 'Single', false, '09366580358', 'Dadiangas North', 'General Santos City', 'South Cotabato', 'Unemployed', true, 'actively_looking', true, 100, 'remote', 17240, 'Manager', 'Nurse', 'Apopong, General Santos City', 'Dadiangas East, General Santos City', true, false);
INSERT INTO public.jobseeker_education (id, jobseeker_id, currently_in_school, level, course, year_graduated, school_name) VALUES ('d1c4616f-d5c8-4a1b-908a-27317cad09ca', '8de7a1a5-4819-43ce-849a-a2587f61990f', false, 'College Graduate', 'BS Education', '2010', 'Mindanao State University');
INSERT INTO public.jobseeker_education (id, jobseeker_id, currently_in_school, level, course, year_graduated, school_name) VALUES ('0a2e8bd2-fb04-4f07-9173-2f224f9040ac', '8de7a1a5-4819-43ce-849a-a2587f61990f', false, 'College Graduate', 'BS IT', '2015', 'Mindanao State University');
INSERT INTO public.jobseeker_education (id, jobseeker_id, currently_in_school, level, course, year_graduated, school_name) VALUES ('55185b6f-7352-44f4-84e8-25c06b57c024', '8de7a1a5-4819-43ce-849a-a2587f61990f', false, 'College Graduate', 'BS Nursing', '2020', 'Mindanao State University');
INSERT INTO public.jobseeker_education (id, jobseeker_id, currently_in_school, level, course, year_graduated, school_name) VALUES ('94b3e38b-b935-45f6-ae94-46a219ca607e', '8de7a1a5-4819-43ce-849a-a2587f61990f', false, 'College Graduate', 'BS Education', '2011', 'Mindanao State University');
INSERT INTO public.jobseeker_education (id, jobseeker_id, currently_in_school, level, course, year_graduated, school_name) VALUES ('713cd700-cd90-43e7-8841-de7900fd0d28', '8de7a1a5-4819-43ce-849a-a2587f61990f', false, 'College Graduate', 'BS Nursing', '2011', 'Mindanao State University');
INSERT INTO public.jobseeker_experience (id, jobseeker_id, company_name, position, number_of_months, status) VALUES ('07ca6f73-eba3-4082-8aaf-235a43f052f1', '8de7a1a5-4819-43ce-849a-a2587f61990f', 'Gomez Corp', 'Tuna Grader', 16, 'Completed');
INSERT INTO public.jobseeker_experience (id, jobseeker_id, company_name, position, number_of_months, status) VALUES ('70306882-62a9-4cac-b796-c614e2eb4d0f', '8de7a1a5-4819-43ce-849a-a2587f61990f', 'Navarro Corp', 'Janitor', 9, 'Completed');
INSERT INTO public.jobseeker_trainings (id, jobseeker_id, course, hours_of_training, training_institution) VALUES ('cce31e55-95ec-4a4f-82e8-292f245f125e', '8de7a1a5-4819-43ce-849a-a2587f61990f', 'Customer Service Excellence', 110, 'TESDA Gensan');
INSERT INTO public.jobseekers (id, email, first_name, last_name, birth_date, gender, civil_status, is_pwd, phone, barangay, city, province, employment_status, is_active, job_seeking_status, profile_complete, profile_completeness, work_setup_preference, expected_salary_min, preferred_occupation_1, preferred_occupation_2, preferred_work_location_local_1, preferred_work_location_local_2, preference_full_time, preference_part_time) VALUES ('fa29b89d-dcd5-4946-abd3-d194a30df81c', 'jobseeker105@example.com', 'Julia', 'Suarez', '1990-01-01', 'Male', 'Single', false, '09608806041', 'Lagao', 'General Santos City', 'South Cotabato', 'Unemployed', true, 'actively_looking', true, 100, 'hybrid', 21212, 'Electrician', 'Nurse', 'Batomelong, General Santos City', 'Mabuhay, General Santos City', true, false);
INSERT INTO public.jobseeker_education (id, jobseeker_id, currently_in_school, level, course, year_graduated, school_name) VALUES ('3f9add3b-157e-4fac-8438-7f324a9b5a2d', 'fa29b89d-dcd5-4946-abd3-d194a30df81c', false, 'College Graduate', 'BS Engineering', '2011', 'Mindanao State University');
INSERT INTO public.jobseeker_education (id, jobseeker_id, currently_in_school, level, course, year_graduated, school_name) VALUES ('52cacbba-a1c5-4ba4-bf02-6ac75a855da1', 'fa29b89d-dcd5-4946-abd3-d194a30df81c', false, 'College Graduate', 'BS IT', '2020', 'Mindanao State University');
INSERT INTO public.jobseeker_education (id, jobseeker_id, currently_in_school, level, course, year_graduated, school_name) VALUES ('29ff4774-23c9-4f42-bd70-9e4a057ed1ea', 'fa29b89d-dcd5-4946-abd3-d194a30df81c', false, 'College Graduate', 'BS Business Administration', '2022', 'Mindanao State University');
INSERT INTO public.jobseeker_experience (id, jobseeker_id, company_name, position, number_of_months, status) VALUES ('9a81943c-2378-461e-b4fb-9a212b958a5b', 'fa29b89d-dcd5-4946-abd3-d194a30df81c', 'Jimenez Corp', 'Administrative Assistant', 50, 'Completed');
INSERT INTO public.jobseeker_experience (id, jobseeker_id, company_name, position, number_of_months, status) VALUES ('e1ba1fc9-37f6-46ab-b3c3-3e34165a7310', 'fa29b89d-dcd5-4946-abd3-d194a30df81c', 'Hernandez Corp', 'Security Guard', 14, 'Completed');
INSERT INTO public.jobseeker_experience (id, jobseeker_id, company_name, position, number_of_months, status) VALUES ('2cb39573-85f6-4e91-80d7-a2e87d434499', 'fa29b89d-dcd5-4946-abd3-d194a30df81c', 'Perez Corp', 'Manager', 30, 'Completed');
INSERT INTO public.jobseeker_trainings (id, jobseeker_id, course, hours_of_training, training_institution) VALUES ('a4f11e5c-8a4b-4035-a9c8-d9306b3b7664', 'fa29b89d-dcd5-4946-abd3-d194a30df81c', 'TESDA NC II', 62, 'TESDA Gensan');
INSERT INTO public.jobseekers (id, email, first_name, last_name, birth_date, gender, civil_status, is_pwd, phone, barangay, city, province, employment_status, is_active, job_seeking_status, profile_complete, profile_completeness, work_setup_preference, expected_salary_min, preferred_occupation_1, preferred_occupation_2, preferred_work_location_local_1, preferred_work_location_local_2, preference_full_time, preference_part_time) VALUES ('e932a59e-54c8-425d-8235-a3db6f356840', 'jobseeker106@example.com', 'Cristina', 'Gomez', '1990-01-01', 'Female', 'Single', false, '09314452439', 'Tinagacan', 'General Santos City', 'South Cotabato', 'Unemployed', true, 'not_looking', true, 100, 'remote', 22229, 'Chef', 'Receptionist', 'San Jose, General Santos City', 'Upper Labay, General Santos City', true, false);
INSERT INTO public.jobseeker_education (id, jobseeker_id, currently_in_school, level, course, year_graduated, school_name) VALUES ('af3316b9-d329-4200-86db-42b67289e31b', 'e932a59e-54c8-425d-8235-a3db6f356840', false, 'College Graduate', 'BS IT', '2020', 'Mindanao State University');
INSERT INTO public.jobseeker_education (id, jobseeker_id, currently_in_school, level, course, year_graduated, school_name) VALUES ('23129f9e-c380-480e-9dc1-fe1191b045f4', 'e932a59e-54c8-425d-8235-a3db6f356840', false, 'College Graduate', 'BS Business Administration', '2016', 'Mindanao State University');
INSERT INTO public.jobseeker_education (id, jobseeker_id, currently_in_school, level, course, year_graduated, school_name) VALUES ('7a0f59ba-7961-44b2-9fe2-9fd1ab1a02db', 'e932a59e-54c8-425d-8235-a3db6f356840', false, 'College Graduate', 'BS Engineering', '2019', 'Mindanao State University');
INSERT INTO public.jobseeker_education (id, jobseeker_id, currently_in_school, level, course, year_graduated, school_name) VALUES ('9643ab5c-64bc-4d68-a35f-c4d727aaaa83', 'e932a59e-54c8-425d-8235-a3db6f356840', false, 'College Graduate', 'BS IT', '2014', 'Mindanao State University');
INSERT INTO public.jobseeker_experience (id, jobseeker_id, company_name, position, number_of_months, status) VALUES ('747661e1-d469-4e2b-bef6-25c49665ba60', 'e932a59e-54c8-425d-8235-a3db6f356840', 'Moreno Corp', 'Carpenter', 23, 'Completed');
INSERT INTO public.jobseeker_experience (id, jobseeker_id, company_name, position, number_of_months, status) VALUES ('cee734b0-e247-494e-97c8-60e87874d5c9', 'e932a59e-54c8-425d-8235-a3db6f356840', 'Ruiz Corp', 'Janitor', 13, 'Completed');
INSERT INTO public.jobseeker_experience (id, jobseeker_id, company_name, position, number_of_months, status) VALUES ('8703b7a4-0b9b-4c4e-acb2-739e525e73a9', 'e932a59e-54c8-425d-8235-a3db6f356840', 'Fernandez Corp', 'Marketing Specialist', 9, 'Completed');
INSERT INTO public.jobseeker_trainings (id, jobseeker_id, course, hours_of_training, training_institution) VALUES ('1c4c1eae-9665-478b-a55e-ad5f2cfd1e8e', 'e932a59e-54c8-425d-8235-a3db6f356840', 'Leadership Training', 42, 'TESDA Gensan');
INSERT INTO public.jobseekers (id, email, first_name, last_name, birth_date, gender, civil_status, is_pwd, phone, barangay, city, province, employment_status, is_active, job_seeking_status, profile_complete, profile_completeness, work_setup_preference, expected_salary_min, preferred_occupation_1, preferred_occupation_2, preferred_work_location_local_1, preferred_work_location_local_2, preference_full_time, preference_part_time) VALUES ('49874b28-f2e7-484a-9ff2-ed190f42a468', 'jobseeker107@example.com', 'Luis', 'Ramirez', '1990-01-01', 'Female', 'Single', false, '09887258586', 'Ligaya', 'General Santos City', 'South Cotabato', 'Unemployed', true, 'open', true, 100, 'any', 17346, 'Carpenter', 'Data Analyst', 'Tambler, General Santos City', 'Upper Labay, General Santos City', true, false);
INSERT INTO public.jobseeker_education (id, jobseeker_id, currently_in_school, level, course, year_graduated, school_name) VALUES ('8403d4d3-469e-4c32-8227-68849b4e1273', '49874b28-f2e7-484a-9ff2-ed190f42a468', false, 'College Graduate', 'BS Engineering', '2018', 'Mindanao State University');
INSERT INTO public.jobseeker_education (id, jobseeker_id, currently_in_school, level, course, year_graduated, school_name) VALUES ('587b10f9-ccba-48c2-ba88-63a8ba217788', '49874b28-f2e7-484a-9ff2-ed190f42a468', false, 'College Graduate', 'BS Nursing', '2014', 'Mindanao State University');
INSERT INTO public.jobseeker_education (id, jobseeker_id, currently_in_school, level, course, year_graduated, school_name) VALUES ('320b7064-9d87-42a1-9889-b8d8d064a468', '49874b28-f2e7-484a-9ff2-ed190f42a468', false, 'College Graduate', 'BS Engineering', '2010', 'Mindanao State University');
INSERT INTO public.jobseeker_education (id, jobseeker_id, currently_in_school, level, course, year_graduated, school_name) VALUES ('0cf70364-eab0-4504-9198-8a754cfac530', '49874b28-f2e7-484a-9ff2-ed190f42a468', false, 'College Graduate', 'BS Business Administration', '2013', 'Mindanao State University');
INSERT INTO public.jobseeker_education (id, jobseeker_id, currently_in_school, level, course, year_graduated, school_name) VALUES ('b11a5da5-fc16-449e-90b3-be2a8b575921', '49874b28-f2e7-484a-9ff2-ed190f42a468', false, 'College Graduate', 'BS Nursing', '2018', 'Mindanao State University');
INSERT INTO public.jobseeker_experience (id, jobseeker_id, company_name, position, number_of_months, status) VALUES ('ef7b65f8-b391-4fce-913e-3faa435569f6', '49874b28-f2e7-484a-9ff2-ed190f42a468', 'Perez Corp', 'HR Officer', 37, 'Completed');
INSERT INTO public.jobseeker_experience (id, jobseeker_id, company_name, position, number_of_months, status) VALUES ('e4ff1a3f-bf59-4a30-a1c4-1cadd213d245', '49874b28-f2e7-484a-9ff2-ed190f42a468', 'Torres Corp', 'Customer Service Representative', 32, 'Completed');
INSERT INTO public.jobseeker_trainings (id, jobseeker_id, course, hours_of_training, training_institution) VALUES ('a4f469c7-9136-4aab-8670-ee65bef8a8d3', '49874b28-f2e7-484a-9ff2-ed190f42a468', 'Customer Service Excellence', 16, 'TESDA Gensan');
INSERT INTO public.jobseekers (id, email, first_name, last_name, birth_date, gender, civil_status, is_pwd, phone, barangay, city, province, employment_status, is_active, job_seeking_status, profile_complete, profile_completeness, work_setup_preference, expected_salary_min, preferred_occupation_1, preferred_occupation_2, preferred_work_location_local_1, preferred_work_location_local_2, preference_full_time, preference_part_time) VALUES ('0dfa8968-26c0-488d-b9a8-3f75db76a196', 'jobseeker108@example.com', 'Marta', 'Lopez', '1990-01-01', 'Male', 'Single', false, '09320060039', 'San Jose', 'General Santos City', 'South Cotabato', 'Unemployed', true, 'not_looking', true, 100, 'remote', 23998, 'Marketing Specialist', 'Marketing Specialist', 'Siguel, General Santos City', 'Dadiangas North, General Santos City', true, false);
INSERT INTO public.jobseeker_education (id, jobseeker_id, currently_in_school, level, course, year_graduated, school_name) VALUES ('3150960b-a0e8-46b3-ad5f-c650f29b039b', '0dfa8968-26c0-488d-b9a8-3f75db76a196', false, 'College Graduate', 'BS IT', '2010', 'Mindanao State University');
INSERT INTO public.jobseeker_education (id, jobseeker_id, currently_in_school, level, course, year_graduated, school_name) VALUES ('b3b69e8a-f2a0-4e0f-b0ae-d0df7ad9f242', '0dfa8968-26c0-488d-b9a8-3f75db76a196', false, 'College Graduate', 'BS Engineering', '2012', 'Mindanao State University');
INSERT INTO public.jobseeker_experience (id, jobseeker_id, company_name, position, number_of_months, status) VALUES ('198df0ab-a067-4eb2-93ae-df9c88bbf891', '0dfa8968-26c0-488d-b9a8-3f75db76a196', 'Munoz Corp', 'Warehouse Worker', 46, 'Completed');
INSERT INTO public.jobseeker_experience (id, jobseeker_id, company_name, position, number_of_months, status) VALUES ('f013fe79-6839-48e9-9414-7f1983ccdf85', '0dfa8968-26c0-488d-b9a8-3f75db76a196', 'Perez Corp', 'Software Engineer', 39, 'Completed');
INSERT INTO public.jobseeker_trainings (id, jobseeker_id, course, hours_of_training, training_institution) VALUES ('76dd5f56-4819-4771-839d-a85b4547be06', '0dfa8968-26c0-488d-b9a8-3f75db76a196', 'Leadership Training', 95, 'TESDA Gensan');
INSERT INTO public.jobseeker_trainings (id, jobseeker_id, course, hours_of_training, training_institution) VALUES ('5bd99d0b-2784-47f3-825d-9605ee367793', '0dfa8968-26c0-488d-b9a8-3f75db76a196', 'First Aid', 36, 'TESDA Gensan');
INSERT INTO public.jobseeker_trainings (id, jobseeker_id, course, hours_of_training, training_institution) VALUES ('d49416c1-95e6-446b-a2fe-fe687971e1b4', '0dfa8968-26c0-488d-b9a8-3f75db76a196', 'Customer Service Excellence', 69, 'TESDA Gensan');
INSERT INTO public.jobseekers (id, email, first_name, last_name, birth_date, gender, civil_status, is_pwd, phone, barangay, city, province, employment_status, is_active, job_seeking_status, profile_complete, profile_completeness, work_setup_preference, expected_salary_min, preferred_occupation_1, preferred_occupation_2, preferred_work_location_local_1, preferred_work_location_local_2, preference_full_time, preference_part_time) VALUES ('35861ffd-8264-4900-a95f-bb01cf2e364e', 'jobseeker109@example.com', 'Luis', 'Vazquez', '1990-01-01', 'Female', 'Single', false, '09500173189', 'Bula', 'General Santos City', 'South Cotabato', 'Unemployed', true, 'not_looking', true, 100, 'hybrid', 15354, 'Plumber', 'Plumber', 'Sinawal, General Santos City', 'Tinagacan, General Santos City', true, false);
INSERT INTO public.jobseeker_education (id, jobseeker_id, currently_in_school, level, course, year_graduated, school_name) VALUES ('a558a5ec-7c64-448b-a970-a3e659c9ac7c', '35861ffd-8264-4900-a95f-bb01cf2e364e', false, 'College Graduate', 'BS Engineering', '2016', 'Mindanao State University');
INSERT INTO public.jobseeker_education (id, jobseeker_id, currently_in_school, level, course, year_graduated, school_name) VALUES ('cd4fea84-9729-446f-8930-504bed2e05b7', '35861ffd-8264-4900-a95f-bb01cf2e364e', false, 'College Graduate', 'BS Education', '2017', 'Mindanao State University');
INSERT INTO public.jobseeker_education (id, jobseeker_id, currently_in_school, level, course, year_graduated, school_name) VALUES ('ee0a08e4-951d-4efa-abc3-3cadba1d3931', '35861ffd-8264-4900-a95f-bb01cf2e364e', false, 'College Graduate', 'BS Business Administration', '2012', 'Mindanao State University');
INSERT INTO public.jobseeker_education (id, jobseeker_id, currently_in_school, level, course, year_graduated, school_name) VALUES ('66408aa6-da29-47b0-a842-f2803ea6ac2b', '35861ffd-8264-4900-a95f-bb01cf2e364e', false, 'College Graduate', 'BS Business Administration', '2023', 'Mindanao State University');
INSERT INTO public.jobseeker_experience (id, jobseeker_id, company_name, position, number_of_months, status) VALUES ('3ddfad26-56b9-4c7d-88c9-d1492f4ee0fd', '35861ffd-8264-4900-a95f-bb01cf2e364e', 'Gil Corp', 'Customer Service Representative', 33, 'Completed');
INSERT INTO public.jobseeker_experience (id, jobseeker_id, company_name, position, number_of_months, status) VALUES ('a3a66546-64c8-4a0e-9baa-2a026bb89833', '35861ffd-8264-4900-a95f-bb01cf2e364e', 'Gonzalez Corp', 'Marketing Specialist', 44, 'Completed');
INSERT INTO public.jobseeker_experience (id, jobseeker_id, company_name, position, number_of_months, status) VALUES ('f82dba90-a578-49a9-91b0-03134879625e', '35861ffd-8264-4900-a95f-bb01cf2e364e', 'Moreno Corp', 'Receptionist', 41, 'Completed');
INSERT INTO public.jobseeker_experience (id, jobseeker_id, company_name, position, number_of_months, status) VALUES ('ed65b358-b999-4f44-b692-8579e4bad435', '35861ffd-8264-4900-a95f-bb01cf2e364e', 'Martin Corp', 'Tuna Grader', 15, 'Completed');
INSERT INTO public.jobseeker_trainings (id, jobseeker_id, course, hours_of_training, training_institution) VALUES ('1f1db0fa-4520-4f89-8c08-b3295df02a67', '35861ffd-8264-4900-a95f-bb01cf2e364e', 'TESDA NC II', 55, 'TESDA Gensan');
INSERT INTO public.jobseekers (id, email, first_name, last_name, birth_date, gender, civil_status, is_pwd, phone, barangay, city, province, employment_status, is_active, job_seeking_status, profile_complete, profile_completeness, work_setup_preference, expected_salary_min, preferred_occupation_1, preferred_occupation_2, preferred_work_location_local_1, preferred_work_location_local_2, preference_full_time, preference_part_time) VALUES ('50a6c521-fcb3-41c6-81cb-4065d0e4f61e', 'jobseeker110@example.com', 'Maria', 'Alonso', '1990-01-01', 'Male', 'Single', false, '09897332284', 'Olympog', 'General Santos City', 'South Cotabato', 'Unemployed', true, 'actively_looking', true, 100, 'remote', 17184, 'Electrician', 'Deckhand', 'Batomelong, General Santos City', 'Tambler, General Santos City', true, false);
INSERT INTO public.jobseeker_education (id, jobseeker_id, currently_in_school, level, course, year_graduated, school_name) VALUES ('bffb8e25-3c31-4014-b7af-ea745a698021', '50a6c521-fcb3-41c6-81cb-4065d0e4f61e', false, 'College Graduate', 'BS Engineering', '2016', 'Mindanao State University');
INSERT INTO public.jobseeker_education (id, jobseeker_id, currently_in_school, level, course, year_graduated, school_name) VALUES ('e84fba08-ca22-467b-84a6-32fb4097b0d2', '50a6c521-fcb3-41c6-81cb-4065d0e4f61e', false, 'College Graduate', 'BS IT', '2010', 'Mindanao State University');
INSERT INTO public.jobseeker_education (id, jobseeker_id, currently_in_school, level, course, year_graduated, school_name) VALUES ('253f5e2b-170a-471e-b85e-e1d6bb80d050', '50a6c521-fcb3-41c6-81cb-4065d0e4f61e', false, 'College Graduate', 'BS Engineering', '2019', 'Mindanao State University');
INSERT INTO public.jobseeker_education (id, jobseeker_id, currently_in_school, level, course, year_graduated, school_name) VALUES ('1c34fc5c-5ef3-4644-8a25-63fb4389028b', '50a6c521-fcb3-41c6-81cb-4065d0e4f61e', false, 'College Graduate', 'BS Engineering', '2018', 'Mindanao State University');
INSERT INTO public.jobseeker_experience (id, jobseeker_id, company_name, position, number_of_months, status) VALUES ('4e30cb2e-9140-4c66-bb0c-3039bfdde7b0', '50a6c521-fcb3-41c6-81cb-4065d0e4f61e', 'Jimenez Corp', 'Cashier', 19, 'Completed');
INSERT INTO public.jobseeker_experience (id, jobseeker_id, company_name, position, number_of_months, status) VALUES ('0f41bd65-b11f-40cc-8702-2ea001e7dc41', '50a6c521-fcb3-41c6-81cb-4065d0e4f61e', 'Rodriguez Corp', 'Administrative Assistant', 51, 'Completed');
INSERT INTO public.jobseeker_experience (id, jobseeker_id, company_name, position, number_of_months, status) VALUES ('84c6e6b4-5206-41b8-b31e-a445b9c09f5f', '50a6c521-fcb3-41c6-81cb-4065d0e4f61e', 'Dominguez Corp', 'HR Officer', 56, 'Completed');
INSERT INTO public.jobseeker_experience (id, jobseeker_id, company_name, position, number_of_months, status) VALUES ('8dcce306-18be-4ca3-8344-6386a6be508a', '50a6c521-fcb3-41c6-81cb-4065d0e4f61e', 'Rodriguez Corp', 'Cashier', 10, 'Completed');
INSERT INTO public.jobseeker_experience (id, jobseeker_id, company_name, position, number_of_months, status) VALUES ('88fe9625-cbed-4f8b-96cd-51dd73655e9f', '50a6c521-fcb3-41c6-81cb-4065d0e4f61e', 'Romero Corp', 'Deckhand', 12, 'Completed');
INSERT INTO public.jobseeker_trainings (id, jobseeker_id, course, hours_of_training, training_institution) VALUES ('b73645ae-2e75-4bb4-bb3f-e4c3997d41c9', '50a6c521-fcb3-41c6-81cb-4065d0e4f61e', 'First Aid', 57, 'TESDA Gensan');
INSERT INTO public.jobseekers (id, email, first_name, last_name, birth_date, gender, civil_status, is_pwd, phone, barangay, city, province, employment_status, is_active, job_seeking_status, profile_complete, profile_completeness, work_setup_preference, expected_salary_min, preferred_occupation_1, preferred_occupation_2, preferred_work_location_local_1, preferred_work_location_local_2, preference_full_time, preference_part_time) VALUES ('0d35337b-0210-4f01-b2e3-489da1ffc0c0', 'jobseeker111@example.com', 'Rosa', 'Alvarez', '1990-01-01', 'Male', 'Single', false, '09460410162', 'Dadiangas South', 'General Santos City', 'South Cotabato', 'Unemployed', true, 'actively_looking', true, 100, 'any', 20319, 'Data Analyst', 'Captain', 'Dadiangas North, General Santos City', 'Upper Labay, General Santos City', true, false);
INSERT INTO public.jobseeker_education (id, jobseeker_id, currently_in_school, level, course, year_graduated, school_name) VALUES ('a9136f82-81e0-48ff-8bd8-0465a02ba911', '0d35337b-0210-4f01-b2e3-489da1ffc0c0', false, 'College Graduate', 'BS Engineering', '2021', 'Mindanao State University');
INSERT INTO public.jobseeker_education (id, jobseeker_id, currently_in_school, level, course, year_graduated, school_name) VALUES ('291f98a0-0fc4-4a5a-9ac3-c233a8e3dec3', '0d35337b-0210-4f01-b2e3-489da1ffc0c0', false, 'College Graduate', 'BS Engineering', '2018', 'Mindanao State University');
INSERT INTO public.jobseeker_education (id, jobseeker_id, currently_in_school, level, course, year_graduated, school_name) VALUES ('d76f01ba-40bd-41af-b77e-5a636c48df84', '0d35337b-0210-4f01-b2e3-489da1ffc0c0', false, 'College Graduate', 'BS Nursing', '2013', 'Mindanao State University');
INSERT INTO public.jobseeker_education (id, jobseeker_id, currently_in_school, level, course, year_graduated, school_name) VALUES ('475bf0d6-756a-4452-9d33-cef243876616', '0d35337b-0210-4f01-b2e3-489da1ffc0c0', false, 'College Graduate', 'BS Engineering', '2020', 'Mindanao State University');
INSERT INTO public.jobseeker_education (id, jobseeker_id, currently_in_school, level, course, year_graduated, school_name) VALUES ('1e7e0800-6d9a-4bd1-ba7d-45fceaa447d4', '0d35337b-0210-4f01-b2e3-489da1ffc0c0', false, 'College Graduate', 'BS Engineering', '2021', 'Mindanao State University');
INSERT INTO public.jobseeker_experience (id, jobseeker_id, company_name, position, number_of_months, status) VALUES ('366bdfd4-66b6-4a47-bc7f-885c13bd7002', '0d35337b-0210-4f01-b2e3-489da1ffc0c0', 'Serrano Corp', 'Warehouse Worker', 28, 'Completed');
INSERT INTO public.jobseeker_experience (id, jobseeker_id, company_name, position, number_of_months, status) VALUES ('0c8f0206-46f8-4462-8b19-afcb849f3fb4', '0d35337b-0210-4f01-b2e3-489da1ffc0c0', 'Gutierrez Corp', 'Marketing Specialist', 56, 'Completed');
INSERT INTO public.jobseeker_experience (id, jobseeker_id, company_name, position, number_of_months, status) VALUES ('ab36f040-959f-4042-b7cf-c244ff30ca75', '0d35337b-0210-4f01-b2e3-489da1ffc0c0', 'Lopez Corp', 'Warehouse Worker', 44, 'Completed');
INSERT INTO public.jobseeker_experience (id, jobseeker_id, company_name, position, number_of_months, status) VALUES ('0383df92-2838-4a06-abf6-aa83440c0b43', '0d35337b-0210-4f01-b2e3-489da1ffc0c0', 'Suarez Corp', 'Janitor', 36, 'Completed');
INSERT INTO public.jobseeker_trainings (id, jobseeker_id, course, hours_of_training, training_institution) VALUES ('9c3ec9da-be89-45f2-8b72-446286771757', '0d35337b-0210-4f01-b2e3-489da1ffc0c0', 'First Aid', 76, 'TESDA Gensan');
INSERT INTO public.jobseekers (id, email, first_name, last_name, birth_date, gender, civil_status, is_pwd, phone, barangay, city, province, employment_status, is_active, job_seeking_status, profile_complete, profile_completeness, work_setup_preference, expected_salary_min, preferred_occupation_1, preferred_occupation_2, preferred_work_location_local_1, preferred_work_location_local_2, preference_full_time, preference_part_time) VALUES ('275543d1-94cc-4cb5-9e0f-efe6e1f7da05', 'jobseeker112@example.com', 'Adrian', 'Romero', '1990-01-01', 'Female', 'Single', false, '09259773325', 'Calumpang', 'General Santos City', 'South Cotabato', 'Unemployed', true, 'not_looking', true, 100, 'remote', 17245, 'Customer Service Representative', 'Driver', 'Ligaya, General Santos City', 'Dadiangas South, General Santos City', true, false);
INSERT INTO public.jobseeker_education (id, jobseeker_id, currently_in_school, level, course, year_graduated, school_name) VALUES ('2dc19658-71d2-4170-88bc-336a679d835a', '275543d1-94cc-4cb5-9e0f-efe6e1f7da05', false, 'College Graduate', 'BS Business Administration', '2019', 'Mindanao State University');
INSERT INTO public.jobseeker_education (id, jobseeker_id, currently_in_school, level, course, year_graduated, school_name) VALUES ('3b0409b4-4376-435d-9a2c-f1614b302b39', '275543d1-94cc-4cb5-9e0f-efe6e1f7da05', false, 'College Graduate', 'BS Engineering', '2022', 'Mindanao State University');
INSERT INTO public.jobseeker_education (id, jobseeker_id, currently_in_school, level, course, year_graduated, school_name) VALUES ('0eeb5405-77a3-445f-969a-94a7feb1a13f', '275543d1-94cc-4cb5-9e0f-efe6e1f7da05', false, 'College Graduate', 'BS IT', '2011', 'Mindanao State University');
INSERT INTO public.jobseeker_education (id, jobseeker_id, currently_in_school, level, course, year_graduated, school_name) VALUES ('312dfd64-7369-450f-957b-22e2b390d475', '275543d1-94cc-4cb5-9e0f-efe6e1f7da05', false, 'College Graduate', 'BS Engineering', '2016', 'Mindanao State University');
INSERT INTO public.jobseeker_education (id, jobseeker_id, currently_in_school, level, course, year_graduated, school_name) VALUES ('d62f532b-413f-44b5-8d87-da5d41508465', '275543d1-94cc-4cb5-9e0f-efe6e1f7da05', false, 'College Graduate', 'BS Business Administration', '2023', 'Mindanao State University');
INSERT INTO public.jobseeker_experience (id, jobseeker_id, company_name, position, number_of_months, status) VALUES ('e1ccb1af-50d0-4a59-b410-1f47ef9680c6', '275543d1-94cc-4cb5-9e0f-efe6e1f7da05', 'Dominguez Corp', 'Captain', 46, 'Completed');
INSERT INTO public.jobseeker_experience (id, jobseeker_id, company_name, position, number_of_months, status) VALUES ('3ef28481-430e-45be-94b1-2333f935c598', '275543d1-94cc-4cb5-9e0f-efe6e1f7da05', 'Rodriguez Corp', 'Captain', 22, 'Completed');
INSERT INTO public.jobseeker_experience (id, jobseeker_id, company_name, position, number_of_months, status) VALUES ('a1dc9601-47bc-4c3c-bd00-633cd6c33d25', '275543d1-94cc-4cb5-9e0f-efe6e1f7da05', 'Ramos Corp', 'Sales Representative', 46, 'Completed');
INSERT INTO public.jobseeker_experience (id, jobseeker_id, company_name, position, number_of_months, status) VALUES ('f0727910-8d45-4592-8f9d-bd05aee4aedf', '275543d1-94cc-4cb5-9e0f-efe6e1f7da05', 'Suarez Corp', 'HR Officer', 44, 'Completed');
INSERT INTO public.jobseeker_experience (id, jobseeker_id, company_name, position, number_of_months, status) VALUES ('692a3228-47ac-4bd7-8f69-309d48f967dc', '275543d1-94cc-4cb5-9e0f-efe6e1f7da05', 'Suarez Corp', 'Driver', 43, 'Completed');
INSERT INTO public.jobseeker_trainings (id, jobseeker_id, course, hours_of_training, training_institution) VALUES ('37cfd45e-e3ea-4ae1-886a-f9f5e4e4abf2', '275543d1-94cc-4cb5-9e0f-efe6e1f7da05', 'Leadership Training', 29, 'TESDA Gensan');
INSERT INTO public.jobseeker_trainings (id, jobseeker_id, course, hours_of_training, training_institution) VALUES ('08419074-995b-4e72-b6f0-6482840958dd', '275543d1-94cc-4cb5-9e0f-efe6e1f7da05', 'TESDA NC II', 15, 'TESDA Gensan');
INSERT INTO public.jobseeker_trainings (id, jobseeker_id, course, hours_of_training, training_institution) VALUES ('762066ec-0560-4680-9843-88fb0735c618', '275543d1-94cc-4cb5-9e0f-efe6e1f7da05', 'Web Development', 13, 'TESDA Gensan');
INSERT INTO public.jobseekers (id, email, first_name, last_name, birth_date, gender, civil_status, is_pwd, phone, barangay, city, province, employment_status, is_active, job_seeking_status, profile_complete, profile_completeness, work_setup_preference, expected_salary_min, preferred_occupation_1, preferred_occupation_2, preferred_work_location_local_1, preferred_work_location_local_2, preference_full_time, preference_part_time) VALUES ('c19e9469-be39-4dec-b51f-f2f48bc3746b', 'jobseeker113@example.com', 'Javier', 'Fernandez', '1990-01-01', 'Female', 'Single', false, '09625939157', 'Batomelong', 'General Santos City', 'South Cotabato', 'Unemployed', true, 'open', true, 100, 'remote', 22146, 'Customer Service Representative', 'Fishery Worker', 'Dadiangas North, General Santos City', 'Tinagacan, General Santos City', true, false);
INSERT INTO public.jobseeker_education (id, jobseeker_id, currently_in_school, level, course, year_graduated, school_name) VALUES ('b1b27d8d-0184-4add-9365-532668177480', 'c19e9469-be39-4dec-b51f-f2f48bc3746b', false, 'College Graduate', 'BS Engineering', '2010', 'Mindanao State University');
INSERT INTO public.jobseeker_education (id, jobseeker_id, currently_in_school, level, course, year_graduated, school_name) VALUES ('9b0d3c88-fb29-48c6-9699-09f1bd7936af', 'c19e9469-be39-4dec-b51f-f2f48bc3746b', false, 'College Graduate', 'BS Education', '2013', 'Mindanao State University');
INSERT INTO public.jobseeker_experience (id, jobseeker_id, company_name, position, number_of_months, status) VALUES ('6f77db23-eff4-4f60-bb77-6bca351a9ef8', 'c19e9469-be39-4dec-b51f-f2f48bc3746b', 'Serrano Corp', 'Receptionist', 18, 'Completed');
INSERT INTO public.jobseeker_experience (id, jobseeker_id, company_name, position, number_of_months, status) VALUES ('129296d1-ed95-4f9a-9ee6-d577eebb5667', 'c19e9469-be39-4dec-b51f-f2f48bc3746b', 'Navarro Corp', 'Accountant', 38, 'Completed');
INSERT INTO public.jobseeker_experience (id, jobseeker_id, company_name, position, number_of_months, status) VALUES ('67eee41b-4e4e-407f-9d99-cce8807e91f9', 'c19e9469-be39-4dec-b51f-f2f48bc3746b', 'Suarez Corp', 'Receptionist', 28, 'Completed');
INSERT INTO public.jobseeker_experience (id, jobseeker_id, company_name, position, number_of_months, status) VALUES ('60c57d9c-ec4c-410b-a91d-af18e9d65fc2', 'c19e9469-be39-4dec-b51f-f2f48bc3746b', 'Navarro Corp', 'Marketing Specialist', 58, 'Completed');
INSERT INTO public.jobseeker_experience (id, jobseeker_id, company_name, position, number_of_months, status) VALUES ('0758e0b8-8d5e-4c8c-ac08-60751e19eaa3', 'c19e9469-be39-4dec-b51f-f2f48bc3746b', 'Martin Corp', 'Sales Representative', 53, 'Completed');
INSERT INTO public.jobseeker_trainings (id, jobseeker_id, course, hours_of_training, training_institution) VALUES ('9df1d5ab-b744-44b7-b533-8859add49b65', 'c19e9469-be39-4dec-b51f-f2f48bc3746b', 'First Aid', 60, 'TESDA Gensan');
INSERT INTO public.jobseeker_trainings (id, jobseeker_id, course, hours_of_training, training_institution) VALUES ('3c2ca585-d6ac-450e-84d2-0f0e8c927ca0', 'c19e9469-be39-4dec-b51f-f2f48bc3746b', 'Web Development', 120, 'TESDA Gensan');
INSERT INTO public.jobseekers (id, email, first_name, last_name, birth_date, gender, civil_status, is_pwd, phone, barangay, city, province, employment_status, is_active, job_seeking_status, profile_complete, profile_completeness, work_setup_preference, expected_salary_min, preferred_occupation_1, preferred_occupation_2, preferred_work_location_local_1, preferred_work_location_local_2, preference_full_time, preference_part_time) VALUES ('27e14051-25b3-4e09-baa8-8ccbb41764b8', 'jobseeker114@example.com', 'Francisco', 'Martinez', '1990-01-01', 'Female', 'Single', false, '09222311896', 'Bula', 'General Santos City', 'South Cotabato', 'Unemployed', true, 'actively_looking', true, 100, 'remote', 23326, 'Software Engineer', 'Marketing Specialist', 'San Jose, General Santos City', 'Apopong, General Santos City', true, false);
INSERT INTO public.jobseeker_education (id, jobseeker_id, currently_in_school, level, course, year_graduated, school_name) VALUES ('4c836add-be89-4b3a-9da5-a77069c44c53', '27e14051-25b3-4e09-baa8-8ccbb41764b8', false, 'College Graduate', 'BS Business Administration', '2010', 'Mindanao State University');
INSERT INTO public.jobseeker_education (id, jobseeker_id, currently_in_school, level, course, year_graduated, school_name) VALUES ('b3a53360-c7e4-4707-82c3-02232e7b8c89', '27e14051-25b3-4e09-baa8-8ccbb41764b8', false, 'College Graduate', 'BS Engineering', '2010', 'Mindanao State University');
INSERT INTO public.jobseeker_education (id, jobseeker_id, currently_in_school, level, course, year_graduated, school_name) VALUES ('b1a217d3-e31e-439b-aa9f-4e4403f6ae60', '27e14051-25b3-4e09-baa8-8ccbb41764b8', false, 'College Graduate', 'BS Education', '2016', 'Mindanao State University');
INSERT INTO public.jobseeker_education (id, jobseeker_id, currently_in_school, level, course, year_graduated, school_name) VALUES ('bc7576a5-c937-415a-94d4-450ee849a24a', '27e14051-25b3-4e09-baa8-8ccbb41764b8', false, 'College Graduate', 'BS Engineering', '2019', 'Mindanao State University');
INSERT INTO public.jobseeker_education (id, jobseeker_id, currently_in_school, level, course, year_graduated, school_name) VALUES ('306b391e-fdd8-46a7-b2ff-c7f0b6d5ca6b', '27e14051-25b3-4e09-baa8-8ccbb41764b8', false, 'College Graduate', 'BS Engineering', '2015', 'Mindanao State University');
INSERT INTO public.jobseeker_experience (id, jobseeker_id, company_name, position, number_of_months, status) VALUES ('d6f44b93-0fce-49c9-8ae2-165cf00f3322', '27e14051-25b3-4e09-baa8-8ccbb41764b8', 'Perez Corp', 'Waitress', 59, 'Completed');
INSERT INTO public.jobseeker_experience (id, jobseeker_id, company_name, position, number_of_months, status) VALUES ('a8077ce6-a421-49aa-afa7-9f283551cfee', '27e14051-25b3-4e09-baa8-8ccbb41764b8', 'Serrano Corp', 'HR Officer', 22, 'Completed');
INSERT INTO public.jobseeker_experience (id, jobseeker_id, company_name, position, number_of_months, status) VALUES ('f430ff53-9404-4458-a5ed-7ccef407c79e', '27e14051-25b3-4e09-baa8-8ccbb41764b8', 'Ramirez Corp', 'Receptionist', 59, 'Completed');
INSERT INTO public.jobseeker_experience (id, jobseeker_id, company_name, position, number_of_months, status) VALUES ('aad8daac-3055-4493-b8cf-4df425f07da5', '27e14051-25b3-4e09-baa8-8ccbb41764b8', 'Dominguez Corp', 'Mechanic', 40, 'Completed');
INSERT INTO public.jobseeker_experience (id, jobseeker_id, company_name, position, number_of_months, status) VALUES ('b65f7878-2d8c-4cca-81a7-487c9e04d5f3', '27e14051-25b3-4e09-baa8-8ccbb41764b8', 'Vazquez Corp', 'Administrative Assistant', 40, 'Completed');
INSERT INTO public.jobseeker_trainings (id, jobseeker_id, course, hours_of_training, training_institution) VALUES ('e7d38b9f-19d1-43cb-b70f-2b40fa3d9738', '27e14051-25b3-4e09-baa8-8ccbb41764b8', 'Customer Service Excellence', 27, 'TESDA Gensan');
INSERT INTO public.jobseekers (id, email, first_name, last_name, birth_date, gender, civil_status, is_pwd, phone, barangay, city, province, employment_status, is_active, job_seeking_status, profile_complete, profile_completeness, work_setup_preference, expected_salary_min, preferred_occupation_1, preferred_occupation_2, preferred_work_location_local_1, preferred_work_location_local_2, preference_full_time, preference_part_time) VALUES ('ce0d0d03-fa30-4443-9691-129180fc3d7d', 'jobseeker115@example.com', 'Pedro', 'Blanco', '1990-01-01', 'Female', 'Single', false, '09350581646', 'Bula', 'General Santos City', 'South Cotabato', 'Unemployed', true, 'open', true, 100, 'remote', 22972, 'Administrative Assistant', 'Receptionist', 'Apopong, General Santos City', 'Katangawan, General Santos City', true, false);
INSERT INTO public.jobseeker_education (id, jobseeker_id, currently_in_school, level, course, year_graduated, school_name) VALUES ('6616b909-b54d-40a4-85eb-b6fe1e62fb93', 'ce0d0d03-fa30-4443-9691-129180fc3d7d', false, 'College Graduate', 'BS Business Administration', '2017', 'Mindanao State University');
INSERT INTO public.jobseeker_education (id, jobseeker_id, currently_in_school, level, course, year_graduated, school_name) VALUES ('c20a7ab5-f4bb-40cd-a50d-8069062dd002', 'ce0d0d03-fa30-4443-9691-129180fc3d7d', false, 'College Graduate', 'BS IT', '2023', 'Mindanao State University');
INSERT INTO public.jobseeker_experience (id, jobseeker_id, company_name, position, number_of_months, status) VALUES ('1b437213-bf2b-437f-9bbb-3c89bf218b72', 'ce0d0d03-fa30-4443-9691-129180fc3d7d', 'Gonzalez Corp', 'Fishery Worker', 50, 'Completed');
INSERT INTO public.jobseeker_experience (id, jobseeker_id, company_name, position, number_of_months, status) VALUES ('f9aa62f4-77fc-443f-b947-5eebaa5fef5e', 'ce0d0d03-fa30-4443-9691-129180fc3d7d', 'Ramirez Corp', 'Janitor', 49, 'Completed');
INSERT INTO public.jobseeker_experience (id, jobseeker_id, company_name, position, number_of_months, status) VALUES ('40e8ab09-0bb4-4984-97f2-b85469a22036', 'ce0d0d03-fa30-4443-9691-129180fc3d7d', 'Alonso Corp', 'HR Officer', 22, 'Completed');
INSERT INTO public.jobseeker_experience (id, jobseeker_id, company_name, position, number_of_months, status) VALUES ('d556808c-0ba3-4df0-82e6-f050d47a6c21', 'ce0d0d03-fa30-4443-9691-129180fc3d7d', 'Ramirez Corp', 'Driver', 9, 'Completed');
INSERT INTO public.jobseeker_trainings (id, jobseeker_id, course, hours_of_training, training_institution) VALUES ('f9c73e47-bac5-4c56-9dbf-7712b2e1ec8d', 'ce0d0d03-fa30-4443-9691-129180fc3d7d', 'Web Development', 104, 'TESDA Gensan');
INSERT INTO public.jobseeker_trainings (id, jobseeker_id, course, hours_of_training, training_institution) VALUES ('68a40fd0-e931-4bad-8b91-da82c7308ac3', 'ce0d0d03-fa30-4443-9691-129180fc3d7d', 'TESDA NC II', 92, 'TESDA Gensan');
INSERT INTO public.jobseekers (id, email, first_name, last_name, birth_date, gender, civil_status, is_pwd, phone, barangay, city, province, employment_status, is_active, job_seeking_status, profile_complete, profile_completeness, work_setup_preference, expected_salary_min, preferred_occupation_1, preferred_occupation_2, preferred_work_location_local_1, preferred_work_location_local_2, preference_full_time, preference_part_time) VALUES ('38d66081-cc18-422f-ad0b-388779add0e3', 'jobseeker116@example.com', 'Alba', 'Hernandez', '1990-01-01', 'Male', 'Single', false, '09177519698', 'Siguel', 'General Santos City', 'South Cotabato', 'Unemployed', true, 'open', true, 100, 'hybrid', 17564, 'Mechanic', 'Carpenter', 'City Heights, General Santos City', 'Conel, General Santos City', true, false);
INSERT INTO public.jobseeker_education (id, jobseeker_id, currently_in_school, level, course, year_graduated, school_name) VALUES ('7e9897b4-09a5-4b3c-9fac-08a4e5c30ba4', '38d66081-cc18-422f-ad0b-388779add0e3', false, 'College Graduate', 'BS Business Administration', '2014', 'Mindanao State University');
INSERT INTO public.jobseeker_education (id, jobseeker_id, currently_in_school, level, course, year_graduated, school_name) VALUES ('4d99e69b-aa03-41a8-bb93-1d31db0d86c2', '38d66081-cc18-422f-ad0b-388779add0e3', false, 'College Graduate', 'BS IT', '2015', 'Mindanao State University');
INSERT INTO public.jobseeker_education (id, jobseeker_id, currently_in_school, level, course, year_graduated, school_name) VALUES ('50850a0f-da8d-4254-9c7b-0f7a36a2c234', '38d66081-cc18-422f-ad0b-388779add0e3', false, 'College Graduate', 'BS Engineering', '2018', 'Mindanao State University');
INSERT INTO public.jobseeker_education (id, jobseeker_id, currently_in_school, level, course, year_graduated, school_name) VALUES ('d3f7922c-49e3-4271-9fe0-95efbbb4b703', '38d66081-cc18-422f-ad0b-388779add0e3', false, 'College Graduate', 'BS Business Administration', '2014', 'Mindanao State University');
INSERT INTO public.jobseeker_experience (id, jobseeker_id, company_name, position, number_of_months, status) VALUES ('1ca29ba5-8f53-4694-af06-40621e3d7aa8', '38d66081-cc18-422f-ad0b-388779add0e3', 'Gonzalez Corp', 'Receptionist', 16, 'Completed');
INSERT INTO public.jobseeker_experience (id, jobseeker_id, company_name, position, number_of_months, status) VALUES ('5b7721a8-d942-40f3-b18f-7998206d6328', '38d66081-cc18-422f-ad0b-388779add0e3', 'Alonso Corp', 'Customer Service Representative', 27, 'Completed');
INSERT INTO public.jobseeker_trainings (id, jobseeker_id, course, hours_of_training, training_institution) VALUES ('a669c77a-381a-4d08-a7e3-83bf66f4c594', '38d66081-cc18-422f-ad0b-388779add0e3', 'Web Development', 104, 'TESDA Gensan');
INSERT INTO public.jobseeker_trainings (id, jobseeker_id, course, hours_of_training, training_institution) VALUES ('702956d3-8236-4a5b-b5a3-ac008129d71d', '38d66081-cc18-422f-ad0b-388779add0e3', 'TESDA NC II', 85, 'TESDA Gensan');
INSERT INTO public.jobseeker_trainings (id, jobseeker_id, course, hours_of_training, training_institution) VALUES ('7d887221-8491-47f7-8548-9c43306ce921', '38d66081-cc18-422f-ad0b-388779add0e3', 'Customer Service Excellence', 84, 'TESDA Gensan');
INSERT INTO public.jobseekers (id, email, first_name, last_name, birth_date, gender, civil_status, is_pwd, phone, barangay, city, province, employment_status, is_active, job_seeking_status, profile_complete, profile_completeness, work_setup_preference, expected_salary_min, preferred_occupation_1, preferred_occupation_2, preferred_work_location_local_1, preferred_work_location_local_2, preference_full_time, preference_part_time) VALUES ('0392f1a5-f4d1-4a9c-8ab4-c0853f9249c5', 'jobseeker117@example.com', 'Jose', 'Navarro', '1990-01-01', 'Male', 'Single', false, '09232857726', 'Apopong', 'General Santos City', 'South Cotabato', 'Unemployed', true, 'actively_looking', true, 100, 'any', 17291, 'Mechanic', 'Plumber', 'Lagao, General Santos City', 'Batomelong, General Santos City', true, false);
INSERT INTO public.jobseeker_education (id, jobseeker_id, currently_in_school, level, course, year_graduated, school_name) VALUES ('4dab01da-e74c-4ac5-a467-71c2946490c8', '0392f1a5-f4d1-4a9c-8ab4-c0853f9249c5', false, 'College Graduate', 'BS Nursing', '2016', 'Mindanao State University');
INSERT INTO public.jobseeker_education (id, jobseeker_id, currently_in_school, level, course, year_graduated, school_name) VALUES ('72cde69f-0626-4225-9474-a659350b54a0', '0392f1a5-f4d1-4a9c-8ab4-c0853f9249c5', false, 'College Graduate', 'BS Business Administration', '2015', 'Mindanao State University');
INSERT INTO public.jobseeker_education (id, jobseeker_id, currently_in_school, level, course, year_graduated, school_name) VALUES ('4569adbb-c294-45b0-9163-93fd1823b8fc', '0392f1a5-f4d1-4a9c-8ab4-c0853f9249c5', false, 'College Graduate', 'BS Engineering', '2011', 'Mindanao State University');
INSERT INTO public.jobseeker_experience (id, jobseeker_id, company_name, position, number_of_months, status) VALUES ('fb898cb7-d101-40a5-8982-04167b0c2d6e', '0392f1a5-f4d1-4a9c-8ab4-c0853f9249c5', 'Martinez Corp', 'HR Officer', 11, 'Completed');
INSERT INTO public.jobseeker_experience (id, jobseeker_id, company_name, position, number_of_months, status) VALUES ('e42c3c86-038e-4387-9353-f31b821f3a5f', '0392f1a5-f4d1-4a9c-8ab4-c0853f9249c5', 'Serrano Corp', 'Deckhand', 49, 'Completed');
INSERT INTO public.jobseeker_experience (id, jobseeker_id, company_name, position, number_of_months, status) VALUES ('6ce9b4b8-9bc5-46d2-887e-5ac48c86d869', '0392f1a5-f4d1-4a9c-8ab4-c0853f9249c5', 'Lopez Corp', 'Quality Control Inspector', 60, 'Completed');
INSERT INTO public.jobseeker_trainings (id, jobseeker_id, course, hours_of_training, training_institution) VALUES ('874f83a3-8742-4b89-9d34-60f8f5432cc5', '0392f1a5-f4d1-4a9c-8ab4-c0853f9249c5', 'TESDA NC II', 33, 'TESDA Gensan');
INSERT INTO public.jobseeker_trainings (id, jobseeker_id, course, hours_of_training, training_institution) VALUES ('15f728df-b97a-45c3-a9c9-dcdba0ce3eab', '0392f1a5-f4d1-4a9c-8ab4-c0853f9249c5', 'Leadership Training', 82, 'TESDA Gensan');
INSERT INTO public.jobseeker_trainings (id, jobseeker_id, course, hours_of_training, training_institution) VALUES ('36278830-4ddd-4848-a7d5-909999415d9d', '0392f1a5-f4d1-4a9c-8ab4-c0853f9249c5', 'Web Development', 18, 'TESDA Gensan');
